/*******************************************************************************
 * Size: 20 px
 * Bpp: 4
 * MiSans Regular. Generated by tools/generate_misans_fonts.py.
 * Copyright Xiaomi. See docs/MiSans-LICENSE.txt.
 ******************************************************************************/

#ifdef LV_LVGL_H_INCLUDE_SIMPLE
#include "lvgl.h"
#else
#include "lvgl.h"
#endif

#ifndef UI_FONT_MISANS_20
#define UI_FONT_MISANS_20 1
#endif

#if UI_FONT_MISANS_20

/*-----------------
 *    BITMAPS
 *----------------*/

/*Store the image of the glyphs*/
static LV_ATTRIBUTE_LARGE_CONST const uint8_t glyph_bitmap[] = {
    /* U+0020 " " */

    /* U+0021 "!" */
    0x5f, 0xa5, 0xf9, 0x4f, 0x94, 0xf8, 0x3f, 0x83,
    0xf7, 0x2f, 0x72, 0xf6, 0x2f, 0x61, 0xf6, 0x6,
    0x20, 0x0, 0x2, 0x16, 0xfb, 0x6f, 0xb0,

    /* U+0022 "\"" */
    0x2, 0x20, 0x22, 0xf, 0xd0, 0xfc, 0xf, 0xc0,
    0xfb, 0xe, 0xb0, 0xea, 0xd, 0x90, 0xd9, 0xb,
    0x80, 0xc8,

    /* U+0023 "#" */
    0x0, 0x0, 0xd, 0xb0, 0x1, 0xf7, 0x0, 0x0,
    0x1, 0xf7, 0x0, 0x5f, 0x30, 0x0, 0x0, 0x4f,
    0x40, 0x8, 0xf0, 0x0, 0x0, 0x8, 0xf0, 0x0,
    0xcc, 0x0, 0x8, 0xff, 0xff, 0xff, 0xff, 0xff,
    0xe0, 0x37, 0x7f, 0xc7, 0x79, 0xfa, 0x76, 0x0,
    0x2, 0xf6, 0x0, 0x6f, 0x20, 0x0, 0x0, 0x5f,
    0x30, 0xa, 0xe0, 0x0, 0x2, 0x29, 0xf2, 0x22,
    0xdc, 0x22, 0x2, 0xff, 0xff, 0xff, 0xff, 0xff,
    0xf3, 0x5, 0x5f, 0xa5, 0x58, 0xf8, 0x55, 0x10,
    0x2, 0xf5, 0x0, 0x7f, 0x10, 0x0, 0x0, 0x5f,
    0x20, 0xa, 0xe0, 0x0, 0x0, 0x8, 0xf0, 0x0,
    0xdb, 0x0, 0x0, 0x0, 0xcc, 0x0, 0xf, 0x80,
    0x0, 0x0,

    /* U+0024 "$" */
    0x0, 0x0, 0x6, 0x60, 0x0, 0x0, 0x0, 0x0,
    0xdd, 0x0, 0x0, 0x0, 0x3, 0x8f, 0xf8, 0x30,
    0x0, 0xa, 0xff, 0xff, 0xff, 0x90, 0x8, 0xfa,
    0x1d, 0xd3, 0xcf, 0x80, 0xed, 0x0, 0xdd, 0x0,
    0x92, 0xf, 0xb0, 0xd, 0xd0, 0x0, 0x0, 0xee,
    0x10, 0xdd, 0x0, 0x0, 0x7, 0xfe, 0x6e, 0xd0,
    0x0, 0x0, 0x6, 0xef, 0xfe, 0x60, 0x0, 0x0,
    0x0, 0x5e, 0xff, 0xf6, 0x0, 0x0, 0x0, 0xdd,
    0x6e, 0xf5, 0x0, 0x0, 0xd, 0xd0, 0x2f, 0xc0,
    0x0, 0x0, 0xdd, 0x0, 0xde, 0x1c, 0x70, 0xd,
    0xd0, 0x1f, 0xd0, 0xdf, 0x91, 0xdd, 0x3c, 0xf7,
    0x1, 0xcf, 0xff, 0xff, 0xf9, 0x0, 0x0, 0x48,
    0xff, 0x83, 0x0, 0x0, 0x0, 0xd, 0xd0, 0x0,
    0x0,

    /* U+0025 "%" */
    0x2, 0xbf, 0xe8, 0x0, 0x0, 0x0, 0xcf, 0x20,
    0x1, 0xed, 0x78, 0xfa, 0x0, 0x0, 0x8f, 0x60,
    0x0, 0x8f, 0x10, 0x7, 0xf1, 0x0, 0x3f, 0xb0,
    0x0, 0xa, 0xc0, 0x0, 0x2f, 0x40, 0xd, 0xe1,
    0x0, 0x0, 0x9e, 0x0, 0x5, 0xf2, 0xa, 0xf4,
    0x0, 0x0, 0x3, 0xf9, 0x23, 0xdd, 0x5, 0xf9,
    0x0, 0x0, 0x0, 0x6, 0xff, 0xfc, 0x21, 0xed,
    0x0, 0x0, 0x0, 0x0, 0x0, 0x32, 0x0, 0xcf,
    0x30, 0x0, 0x0, 0x0, 0x0, 0x0, 0x0, 0x7f,
    0x70, 0x6e, 0xfe, 0x80, 0x0, 0x0, 0x0, 0x3f,
    0xb0, 0x5f, 0xa5, 0x8f, 0x80, 0x0, 0x0, 0xd,
    0xe1, 0xc, 0xc0, 0x0, 0x9e, 0x0, 0x0, 0x9,
    0xf5, 0x0, 0xe9, 0x0, 0x6, 0xf1, 0x0, 0x5,
    0xf9, 0x0, 0xc, 0xc0, 0x0, 0x9e, 0x0, 0x1,
    0xed, 0x0, 0x0, 0x4f, 0xb6, 0x9f, 0x70, 0x0,
    0xbf, 0x30, 0x0, 0x0, 0x5d, 0xfd, 0x70, 0x0,

    /* U+0026 "&" */
    0x0, 0x0, 0x5c, 0xfe, 0xa1, 0x0, 0x0, 0x0,
    0x8, 0xfe, 0x9b, 0xfd, 0x0, 0x0, 0x0, 0xf,
    0xd0, 0x0, 0x9f, 0x50, 0x0, 0x0, 0x3f, 0x90,
    0x0, 0x5f, 0x60, 0x0, 0x0, 0x1f, 0xb0, 0x0,
    0xaf, 0x30, 0x0, 0x0, 0xa, 0xf5, 0x2a, 0xfa,
    0x0, 0x0, 0x0, 0x1, 0xef, 0xff, 0x70, 0x0,
    0x0, 0x0, 0x2c, 0xff, 0xf4, 0x0, 0x0, 0x0,
    0x3, 0xfe, 0x63, 0xff, 0x30, 0xa, 0xd0, 0xc,
    0xf2, 0x0, 0x3f, 0xe2, 0x1f, 0xb0, 0xf, 0xb0,
    0x0, 0x4, 0xfe, 0xbf, 0x30, 0xf, 0xc0, 0x0,
    0x0, 0x5f, 0xf9, 0x0, 0xc, 0xf5, 0x0, 0x0,
    0x9f, 0xfc, 0x0, 0x2, 0xff, 0xb8, 0xae, 0xfa,
    0x8f, 0xa0, 0x0, 0x2a, 0xef, 0xea, 0x30, 0xb,
    0xf8,

    /* U+0027 "'" */
    0x2, 0x20, 0xfd, 0xf, 0xc0, 0xea, 0xd, 0x90,
    0xc8,

    /* U+0028 "(" */
    0x0, 0x6f, 0x40, 0xd, 0xc0, 0x4, 0xf6, 0x0,
    0xaf, 0x10, 0xe, 0xb0, 0x2, 0xf8, 0x0, 0x5f,
    0x50, 0x7, 0xf3, 0x0, 0x8f, 0x20, 0x8, 0xf2,
    0x0, 0x7f, 0x30, 0x5, 0xf5, 0x0, 0x2f, 0x80,
    0x0, 0xec, 0x0, 0xa, 0xf1, 0x0, 0x4f, 0x60,
    0x0, 0xdd, 0x0, 0x5, 0xf4,

    /* U+0029 ")" */
    0x2f, 0x80, 0x0, 0xaf, 0x10, 0x3, 0xf7, 0x0,
    0xe, 0xc0, 0x0, 0x9f, 0x10, 0x5, 0xf5, 0x0,
    0x2f, 0x80, 0x0, 0xf9, 0x0, 0xf, 0xa0, 0x0,
    0xfa, 0x0, 0xf, 0x90, 0x2, 0xf8, 0x0, 0x5f,
    0x50, 0x9, 0xf1, 0x0, 0xec, 0x0, 0x3f, 0x70,
    0xa, 0xf1, 0x2, 0xf8, 0x0,

    /* U+002A "*" */
    0x0, 0x2f, 0x10, 0x2, 0xc5, 0xf5, 0xd1, 0x19,
    0xff, 0xf9, 0x11, 0x8f, 0xff, 0x70, 0x3e, 0x6f,
    0x6e, 0x20, 0x2, 0xf1, 0x0, 0x0, 0x1, 0x0,
    0x0,

    /* U+002B "+" */
    0x0, 0x0, 0x11, 0x0, 0x0, 0x0, 0x0, 0xbf,
    0x0, 0x0, 0x0, 0x0, 0xbf, 0x0, 0x0, 0x0,
    0x0, 0xbf, 0x0, 0x0, 0x39, 0x99, 0xdf, 0x99,
    0x95, 0x6f, 0xff, 0xff, 0xff, 0xfa, 0x0, 0x0,
    0xbf, 0x0, 0x0, 0x0, 0x0, 0xbf, 0x0, 0x0,
    0x0, 0x0, 0xbf, 0x0, 0x0, 0x0, 0x0, 0xbf,
    0x0, 0x0,

    /* U+002C "," */
    0x2, 0x16, 0xfb, 0x6f, 0xb0, 0x4a, 0xc, 0x57,
    0x80, 0x0, 0x0,

    /* U+002D "-" */
    0x19, 0x99, 0x99, 0x99, 0x22, 0xff, 0xff, 0xff,
    0xf3,

    /* U+002E "." */
    0x12, 0x9, 0xf7, 0x9f, 0x70,

    /* U+002F "/" */
    0x0, 0x0, 0xa, 0xf1, 0x0, 0x0, 0xf, 0xb0,
    0x0, 0x0, 0x4f, 0x60, 0x0, 0x0, 0x9f, 0x10,
    0x0, 0x0, 0xec, 0x0, 0x0, 0x3, 0xf7, 0x0,
    0x0, 0x9, 0xf2, 0x0, 0x0, 0xd, 0xd0, 0x0,
    0x0, 0x3f, 0x80, 0x0, 0x0, 0x8f, 0x30, 0x0,
    0x0, 0xde, 0x0, 0x0, 0x2, 0xf9, 0x0, 0x0,
    0x7, 0xf4, 0x0, 0x0, 0xc, 0xf0, 0x0, 0x0,
    0x1f, 0xa0, 0x0, 0x0,

    /* U+0030 "0" */
    0x0, 0x1a, 0xef, 0xd7, 0x0, 0x0, 0x2e, 0xfc,
    0xad, 0xfb, 0x0, 0xc, 0xf6, 0x0, 0xa, 0xf6,
    0x2, 0xfb, 0x0, 0x0, 0x1f, 0xd0, 0x7f, 0x50,
    0x0, 0x0, 0xbf, 0x2a, 0xf2, 0x0, 0x0, 0x7,
    0xf4, 0xbf, 0x0, 0x0, 0x0, 0x6f, 0x6c, 0xf0,
    0x0, 0x0, 0x5, 0xf6, 0xbf, 0x0, 0x0, 0x0,
    0x6f, 0x6a, 0xf2, 0x0, 0x0, 0x7, 0xf4, 0x7f,
    0x50, 0x0, 0x0, 0xbf, 0x23, 0xfb, 0x0, 0x0,
    0x1f, 0xd0, 0xc, 0xf6, 0x0, 0xa, 0xf6, 0x0,
    0x2e, 0xfc, 0xad, 0xfb, 0x0, 0x0, 0x1a, 0xef,
    0xd7, 0x0, 0x0,

    /* U+0031 "1" */
    0x1, 0x8f, 0xb7, 0xef, 0xfb, 0xfd, 0x5f, 0xb5,
    0x0, 0xfb, 0x0, 0xf, 0xb0, 0x0, 0xfb, 0x0,
    0xf, 0xb0, 0x0, 0xfb, 0x0, 0xf, 0xb0, 0x0,
    0xfb, 0x0, 0xf, 0xb0, 0x0, 0xfb, 0x0, 0xf,
    0xb0, 0x0, 0xfb, 0x0, 0xf, 0xb0,

    /* U+0032 "2" */
    0x1, 0x8d, 0xfe, 0xa2, 0x0, 0x2e, 0xfc, 0xad,
    0xfe, 0x20, 0xbf, 0x60, 0x0, 0x7f, 0xa0, 0x37,
    0x0, 0x0, 0xf, 0xe0, 0x0, 0x0, 0x0, 0xd,
    0xe0, 0x0, 0x0, 0x0, 0x1f, 0xb0, 0x0, 0x0,
    0x0, 0xbf, 0x40, 0x0, 0x0, 0x8, 0xf9, 0x0,
    0x0, 0x0, 0x6f, 0xc0, 0x0, 0x0, 0x5, 0xfd,
    0x10, 0x0, 0x0, 0x4f, 0xd1, 0x0, 0x0, 0x3,
    0xfe, 0x20, 0x0, 0x0, 0x2e, 0xf3, 0x0, 0x0,
    0x0, 0xdf, 0xda, 0xaa, 0xaa, 0xa2, 0xff, 0xff,
    0xff, 0xff, 0xf4,

    /* U+0033 "3" */
    0x9, 0xff, 0xff, 0xff, 0xff, 0x0, 0x59, 0x99,
    0x99, 0xdf, 0xc0, 0x0, 0x0, 0x0, 0x3f, 0xd1,
    0x0, 0x0, 0x0, 0x2e, 0xe1, 0x0, 0x0, 0x0,
    0x2e, 0xe2, 0x0, 0x0, 0x0, 0x1d, 0xf4, 0x0,
    0x0, 0x0, 0x9, 0xff, 0xff, 0x90, 0x0, 0x0,
    0x19, 0x56, 0xbf, 0xc0, 0x0, 0x0, 0x0, 0x0,
    0x9f, 0x60, 0x0, 0x0, 0x0, 0x2, 0xfa, 0x0,
    0x0, 0x0, 0x0, 0xf, 0xb0, 0x48, 0x0, 0x0,
    0x4, 0xfa, 0xb, 0xf7, 0x0, 0x1, 0xdf, 0x40,
    0x1d, 0xfe, 0xab, 0xff, 0x90, 0x0, 0x7, 0xcf,
    0xfc, 0x50, 0x0,

    /* U+0034 "4" */
    0x0, 0x0, 0x0, 0x9f, 0xf3, 0x0, 0x0, 0x0,
    0x3, 0xff, 0xf3, 0x0, 0x0, 0x0, 0xc, 0xfa,
    0xf3, 0x0, 0x0, 0x0, 0x6f, 0x88, 0xf3, 0x0,
    0x0, 0x1, 0xee, 0x8, 0xf3, 0x0, 0x0, 0x9,
    0xf5, 0x8, 0xf3, 0x0, 0x0, 0x3f, 0xb0, 0x8,
    0xf3, 0x0, 0x0, 0xcf, 0x20, 0x8, 0xf3, 0x0,
    0x6, 0xf8, 0x0, 0x8, 0xf3, 0x0, 0x1e, 0xe0,
    0x0, 0x8, 0xf3, 0x0, 0x6f, 0xff, 0xff, 0xff,
    0xff, 0xf1, 0x49, 0x99, 0x99, 0x9c, 0xfa, 0x90,
    0x0, 0x0, 0x0, 0x8, 0xf3, 0x0, 0x0, 0x0,
    0x0, 0x8, 0xf3, 0x0, 0x0, 0x0, 0x0, 0x8,
    0xf3, 0x0,

    /* U+0035 "5" */
    0xc, 0xff, 0xff, 0xff, 0xf0, 0xd, 0xf9, 0x99,
    0x99, 0x90, 0xe, 0xc0, 0x0, 0x0, 0x0, 0xf,
    0xb0, 0x0, 0x0, 0x0, 0x1f, 0x90, 0x0, 0x0,
    0x0, 0x2f, 0x84, 0x89, 0x71, 0x0, 0x3f, 0xef,
    0xff, 0xff, 0x50, 0x3f, 0xe5, 0x1, 0x7f, 0xf2,
    0x1, 0x20, 0x0, 0x6, 0xf9, 0x0, 0x0, 0x0,
    0x0, 0xfc, 0x0, 0x0, 0x0, 0x0, 0xfc, 0x4a,
    0x0, 0x0, 0x3, 0xfa, 0x9f, 0x90, 0x0, 0x1c,
    0xf4, 0xc, 0xfe, 0xab, 0xef, 0x90, 0x0, 0x6c,
    0xff, 0xc5, 0x0,

    /* U+0036 "6" */
    0x0, 0x0, 0x6f, 0xa0, 0x0, 0x0, 0x1, 0xee,
    0x10, 0x0, 0x0, 0x9, 0xf6, 0x0, 0x0, 0x0,
    0x2f, 0xc0, 0x0, 0x0, 0x0, 0xcf, 0x20, 0x0,
    0x0, 0x5, 0xfb, 0x79, 0x71, 0x0, 0xe, 0xff,
    0xff, 0xff, 0x60, 0x6f, 0xe6, 0x11, 0x5e, 0xf3,
    0xcf, 0x40, 0x0, 0x4, 0xfb, 0xfe, 0x0, 0x0,
    0x0, 0xee, 0xfd, 0x0, 0x0, 0x0, 0xdf, 0xdf,
    0x10, 0x0, 0x1, 0xfc, 0x7f, 0xb1, 0x0, 0x1b,
    0xf6, 0xb, 0xfe, 0xbb, 0xef, 0xa0, 0x0, 0x6c,
    0xff, 0xc6, 0x0,

    /* U+0037 "7" */
    0x5f, 0xff, 0xff, 0xff, 0xfa, 0x39, 0x99, 0x99,
    0x9c, 0xf8, 0x0, 0x0, 0x0, 0xb, 0xf1, 0x0,
    0x0, 0x0, 0x2f, 0xa0, 0x0, 0x0, 0x0, 0x9f,
    0x40, 0x0, 0x0, 0x1, 0xfd, 0x0, 0x0, 0x0,
    0x7, 0xf6, 0x0, 0x0, 0x0, 0xd, 0xf0, 0x0,
    0x0, 0x0, 0x5f, 0x80, 0x0, 0x0, 0x0, 0xbf,
    0x20, 0x0, 0x0, 0x2, 0xfb, 0x0, 0x0, 0x0,
    0x9, 0xf4, 0x0, 0x0, 0x0, 0x1f, 0xd0, 0x0,
    0x0, 0x0, 0x7f, 0x60, 0x0, 0x0, 0x0, 0xdf,
    0x0, 0x0, 0x0,

    /* U+0038 "8" */
    0x0, 0x3a, 0xef, 0xd8, 0x0, 0x0, 0x5f, 0xfb,
    0xad, 0xfd, 0x10, 0xe, 0xf2, 0x0, 0x8, 0xf8,
    0x2, 0xf9, 0x0, 0x0, 0xf, 0xc0, 0x1f, 0xb0,
    0x0, 0x1, 0xfa, 0x0, 0x8f, 0x81, 0x3, 0xcf,
    0x20, 0x0, 0x7f, 0xff, 0xfd, 0x30, 0x0, 0x3e,
    0xfc, 0xad, 0xfa, 0x0, 0x1e, 0xd2, 0x0, 0x6,
    0xf9, 0x8, 0xf4, 0x0, 0x0, 0xa, 0xf1, 0xbf,
    0x10, 0x0, 0x0, 0x7f, 0x4a, 0xf3, 0x0, 0x0,
    0xa, 0xf3, 0x4f, 0xd1, 0x0, 0x5, 0xfe, 0x0,
    0x9f, 0xfb, 0xad, 0xff, 0x30, 0x0, 0x4b, 0xef,
    0xd9, 0x10, 0x0,

    /* U+0039 "9" */
    0x0, 0x6, 0xcf, 0xec, 0x50, 0x0, 0xb, 0xfe,
    0xab, 0xff, 0x90, 0x7, 0xfa, 0x0, 0x1, 0xcf,
    0x50, 0xef, 0x0, 0x0, 0x2, 0xfb, 0xf, 0xc0,
    0x0, 0x0, 0xf, 0xd0, 0xfc, 0x0, 0x0, 0x0,
    0xfd, 0xc, 0xf2, 0x0, 0x0, 0x5f, 0xa0, 0x5f,
    0xd4, 0x1, 0x7f, 0xf5, 0x0, 0x8f, 0xff, 0xff,
    0xfd, 0x0, 0x0, 0x27, 0x97, 0xcf, 0x40, 0x0,
    0x0, 0x0, 0x3f, 0xa0, 0x0, 0x0, 0x0, 0xd,
    0xf1, 0x0, 0x0, 0x0, 0x7, 0xf7, 0x0, 0x0,
    0x0, 0x2, 0xfd, 0x0, 0x0, 0x0, 0x0, 0xbf,
    0x40, 0x0, 0x0,

    /* U+003A ":" */
    0x9f, 0x79, 0xf7, 0x1, 0x0, 0x0, 0x0, 0x0,
    0x0, 0x0, 0x0, 0x0, 0x12, 0x9, 0xf7, 0x9f,
    0x70,

    /* U+003B ";" */
    0x6f, 0xb6, 0xfb, 0x1, 0x10, 0x0, 0x0, 0x0,
    0x0, 0x0, 0x0, 0x0, 0x2, 0x16, 0xfb, 0x6f,
    0xb0, 0x4a, 0xc, 0x57, 0x80, 0x0, 0x0,

    /* U+003C "<" */
    0x0, 0x0, 0x0, 0x0, 0x0, 0x0, 0x0, 0x0,
    0x0, 0x89, 0x0, 0x0, 0x0, 0x6e, 0xf8, 0x0,
    0x0, 0x5d, 0xfc, 0x40, 0x0, 0x4c, 0xfd, 0x50,
    0x0, 0x2b, 0xfe, 0x60, 0x0, 0x0, 0x6f, 0xd1,
    0x0, 0x0, 0x0, 0x2b, 0xfe, 0x60, 0x0, 0x0,
    0x0, 0x4d, 0xfd, 0x50, 0x0, 0x0, 0x0, 0x5e,
    0xfc, 0x40, 0x0, 0x0, 0x0, 0x7e, 0xf8, 0x0,
    0x0, 0x0, 0x1, 0x89, 0x0, 0x0, 0x0, 0x0,
    0x0,

    /* U+003D "=" */
    0x6f, 0xff, 0xff, 0xff, 0xfa, 0x38, 0x88, 0x88,
    0x88, 0x85, 0x0, 0x0, 0x0, 0x0, 0x0, 0x0,
    0x0, 0x0, 0x0, 0x0, 0x39, 0x99, 0x99, 0x99,
    0x95, 0x6f, 0xff, 0xff, 0xff, 0xfa,

    /* U+003E ">" */
    0x0, 0x0, 0x0, 0x0, 0x0, 0x5a, 0x20, 0x0,
    0x0, 0x0, 0x4f, 0xf9, 0x10, 0x0, 0x0, 0x2,
    0xaf, 0xf7, 0x0, 0x0, 0x0, 0x3, 0xbf, 0xe6,
    0x0, 0x0, 0x0, 0x4, 0xcf, 0xd4, 0x0, 0x0,
    0x0, 0x9, 0xfa, 0x0, 0x0, 0x4, 0xcf, 0xd4,
    0x0, 0x3, 0xbf, 0xe6, 0x0, 0x2, 0xaf, 0xf8,
    0x0, 0x0, 0x4f, 0xf9, 0x10, 0x0, 0x0, 0x5a,
    0x20, 0x0, 0x0, 0x0, 0x0, 0x0, 0x0, 0x0,
    0x0,

    /* U+003F "?" */
    0x0, 0x5c, 0xff, 0xb3, 0x0, 0x9f, 0xea, 0xaf,
    0xf3, 0x3f, 0xa0, 0x0, 0x3f, 0xb0, 0x60, 0x0,
    0x0, 0xde, 0x0, 0x0, 0x0, 0x1f, 0xc0, 0x0,
    0x0, 0xc, 0xf4, 0x0, 0x0, 0xb, 0xf6, 0x0,
    0x0, 0x8, 0xf5, 0x0, 0x0, 0x0, 0xeb, 0x0,
    0x0, 0x0, 0xf, 0x80, 0x0, 0x0, 0x0, 0x73,
    0x0, 0x0, 0x0, 0x0, 0x0, 0x0, 0x0, 0x0,
    0x21, 0x0, 0x0, 0x0, 0x3f, 0xd0, 0x0, 0x0,
    0x3, 0xfd, 0x0, 0x0,

    /* U+0040 "@" */
    0x0, 0x0, 0x6, 0xbe, 0xfe, 0xc6, 0x0, 0x0,
    0x0, 0x4, 0xef, 0xa7, 0x67, 0xaf, 0xe4, 0x0,
    0x0, 0x5f, 0xb1, 0x0, 0x0, 0x1, 0xbf, 0x30,
    0x1, 0xfa, 0x0, 0x0, 0x0, 0x0, 0xc, 0xe0,
    0x8, 0xe0, 0x0, 0x9e, 0xf9, 0x3f, 0x2, 0xf5,
    0xe, 0x90, 0xc, 0xf9, 0x7c, 0xdf, 0x0, 0xc9,
    0x1f, 0x50, 0x3f, 0x60, 0x0, 0xcf, 0x0, 0xab,
    0x2f, 0x30, 0x6f, 0x10, 0x0, 0x8f, 0x0, 0x9c,
    0x2f, 0x40, 0x5f, 0x30, 0x0, 0xaf, 0x10, 0xba,
    0xf, 0x70, 0xe, 0xd3, 0x16, 0xef, 0x64, 0xf5,
    0xa, 0xd0, 0x3, 0xdf, 0xfe, 0x38, 0xff, 0xa0,
    0x3, 0xf8, 0x0, 0x2, 0x30, 0x0, 0x22, 0x0,
    0x0, 0x7f, 0x90, 0x0, 0x0, 0x0, 0x10, 0x0,
    0x0, 0x6, 0xff, 0xa7, 0x67, 0xaf, 0xa0, 0x0,
    0x0, 0x0, 0x17, 0xce, 0xfe, 0xb5, 0x0, 0x0,

    /* U+0041 "A" */
    0x0, 0x0, 0x6, 0xfb, 0x0, 0x0, 0x0, 0x0,
    0x0, 0xc, 0xff, 0x10, 0x0, 0x0, 0x0, 0x0,
    0x2f, 0xdf, 0x70, 0x0, 0x0, 0x0, 0x0, 0x8f,
    0x3e, 0xd0, 0x0, 0x0, 0x0, 0x0, 0xed, 0x8,
    0xf3, 0x0, 0x0, 0x0, 0x4, 0xf7, 0x2, 0xf9,
    0x0, 0x0, 0x0, 0x9, 0xf2, 0x0, 0xce, 0x0,
    0x0, 0x0, 0xf, 0xc0, 0x0, 0x7f, 0x40, 0x0,
    0x0, 0x5f, 0xff, 0xff, 0xff, 0xa0, 0x0, 0x0,
    0xbf, 0xaa, 0xaa, 0xad, 0xf1, 0x0, 0x1, 0xfa,
    0x0, 0x0, 0x5, 0xf6, 0x0, 0x7, 0xf5, 0x0,
    0x0, 0x0, 0xfc, 0x0, 0xd, 0xf0, 0x0, 0x0,
    0x0, 0xaf, 0x20, 0x3f, 0x90, 0x0, 0x0, 0x0,
    0x4f, 0x80, 0x8f, 0x40, 0x0, 0x0, 0x0, 0xe,
    0xd0,

    /* U+0042 "B" */
    0x6f, 0xff, 0xff, 0xfd, 0x70, 0x0, 0x6f, 0xca,
    0xaa, 0xbf, 0xfb, 0x0, 0x6f, 0x50, 0x0, 0x1,
    0xcf, 0x40, 0x6f, 0x50, 0x0, 0x0, 0x6f, 0x70,
    0x6f, 0x50, 0x0, 0x0, 0x6f, 0x60, 0x6f, 0x50,
    0x0, 0x1, 0xdf, 0x10, 0x6f, 0xca, 0xaa, 0xbf,
    0xc3, 0x0, 0x6f, 0xff, 0xff, 0xff, 0xe7, 0x0,
    0x6f, 0x50, 0x0, 0x13, 0xbf, 0x80, 0x6f, 0x50,
    0x0, 0x0, 0xd, 0xf0, 0x6f, 0x50, 0x0, 0x0,
    0x9, 0xf3, 0x6f, 0x50, 0x0, 0x0, 0xc, 0xf2,
    0x6f, 0x50, 0x0, 0x0, 0x7f, 0xe0, 0x6f, 0xca,
    0xaa, 0xbe, 0xff, 0x40, 0x6f, 0xff, 0xff, 0xfe,
    0xa2, 0x0,

    /* U+0043 "C" */
    0x0, 0x2, 0x9d, 0xfe, 0xc6, 0x0, 0x0, 0x7,
    0xff, 0xdb, 0xbf, 0xfd, 0x20, 0x6, 0xfe, 0x40,
    0x0, 0x8, 0xfb, 0x1, 0xfe, 0x10, 0x0, 0x0,
    0x5, 0x10, 0x7f, 0x70, 0x0, 0x0, 0x0, 0x0,
    0xc, 0xf1, 0x0, 0x0, 0x0, 0x0, 0x0, 0xde,
    0x0, 0x0, 0x0, 0x0, 0x0, 0xe, 0xd0, 0x0,
    0x0, 0x0, 0x0, 0x0, 0xdf, 0x0, 0x0, 0x0,
    0x0, 0x0, 0xb, 0xf2, 0x0, 0x0, 0x0, 0x0,
    0x0, 0x6f, 0x70, 0x0, 0x0, 0x0, 0x0, 0x1,
    0xff, 0x20, 0x0, 0x0, 0x5, 0x10, 0x6, 0xfe,
    0x40, 0x0, 0x8, 0xfb, 0x0, 0x6, 0xff, 0xdb,
    0xbf, 0xfd, 0x20, 0x0, 0x2, 0x9d, 0xfe, 0xc6,
    0x0, 0x0,

    /* U+0044 "D" */
    0x6f, 0xff, 0xff, 0xfd, 0x82, 0x0, 0x6, 0xfc,
    0xaa, 0xab, 0xef, 0xf6, 0x0, 0x6f, 0x50, 0x0,
    0x0, 0x4e, 0xf4, 0x6, 0xf5, 0x0, 0x0, 0x0,
    0x2f, 0xe0, 0x6f, 0x50, 0x0, 0x0, 0x0, 0x9f,
    0x46, 0xf5, 0x0, 0x0, 0x0, 0x4, 0xf9, 0x6f,
    0x50, 0x0, 0x0, 0x0, 0x1f, 0xb6, 0xf5, 0x0,
    0x0, 0x0, 0x0, 0xfc, 0x6f, 0x50, 0x0, 0x0,
    0x0, 0x1f, 0xa6, 0xf5, 0x0, 0x0, 0x0, 0x4,
    0xf9, 0x6f, 0x50, 0x0, 0x0, 0x0, 0x9f, 0x46,
    0xf5, 0x0, 0x0, 0x0, 0x3f, 0xd0, 0x6f, 0x50,
    0x0, 0x0, 0x5e, 0xf3, 0x6, 0xfc, 0xaa, 0xab,
    0xef, 0xe4, 0x0, 0x6f, 0xff, 0xff, 0xec, 0x71,
    0x0, 0x0,

    /* U+0045 "E" */
    0x6f, 0xff, 0xff, 0xff, 0xfc, 0x6, 0xfc, 0xaa,
    0xaa, 0xaa, 0x80, 0x6f, 0x50, 0x0, 0x0, 0x0,
    0x6, 0xf5, 0x0, 0x0, 0x0, 0x0, 0x6f, 0x50,
    0x0, 0x0, 0x0, 0x6, 0xf5, 0x0, 0x0, 0x0,
    0x0, 0x6f, 0xca, 0xaa, 0xaa, 0xa3, 0x6, 0xff,
    0xff, 0xff, 0xff, 0x50, 0x6f, 0x50, 0x0, 0x0,
    0x0, 0x6, 0xf5, 0x0, 0x0, 0x0, 0x0, 0x6f,
    0x50, 0x0, 0x0, 0x0, 0x6, 0xf5, 0x0, 0x0,
    0x0, 0x0, 0x6f, 0x50, 0x0, 0x0, 0x0, 0x6,
    0xfc, 0xaa, 0xaa, 0xaa, 0xa0, 0x6f, 0xff, 0xff,
    0xff, 0xff, 0x0,

    /* U+0046 "F" */
    0x6f, 0xff, 0xff, 0xff, 0xf9, 0x6f, 0xca, 0xaa,
    0xaa, 0xa6, 0x6f, 0x50, 0x0, 0x0, 0x0, 0x6f,
    0x50, 0x0, 0x0, 0x0, 0x6f, 0x50, 0x0, 0x0,
    0x0, 0x6f, 0x50, 0x0, 0x0, 0x0, 0x6f, 0x50,
    0x0, 0x0, 0x0, 0x6f, 0xff, 0xff, 0xff, 0xf1,
    0x6f, 0xca, 0xaa, 0xaa, 0xa0, 0x6f, 0x50, 0x0,
    0x0, 0x0, 0x6f, 0x50, 0x0, 0x0, 0x0, 0x6f,
    0x50, 0x0, 0x0, 0x0, 0x6f, 0x50, 0x0, 0x0,
    0x0, 0x6f, 0x50, 0x0, 0x0, 0x0, 0x6f, 0x50,
    0x0, 0x0, 0x0,

    /* U+0047 "G" */
    0x0, 0x3, 0x9d, 0xfe, 0xc6, 0x0, 0x0, 0x8,
    0xff, 0xdb, 0xbf, 0xfd, 0x20, 0x7, 0xfd, 0x40,
    0x0, 0x7, 0xfb, 0x2, 0xfe, 0x10, 0x0, 0x0,
    0x3, 0x0, 0x7f, 0x60, 0x0, 0x0, 0x0, 0x0,
    0xc, 0xf1, 0x0, 0x0, 0x0, 0x0, 0x0, 0xde,
    0x0, 0x0, 0xa, 0xaa, 0xaa, 0x2e, 0xd0, 0x0,
    0x1, 0xff, 0xff, 0xf4, 0xde, 0x0, 0x0, 0x0,
    0x0, 0x7f, 0x4c, 0xf1, 0x0, 0x0, 0x0, 0x7,
    0xf4, 0x7f, 0x60, 0x0, 0x0, 0x0, 0x7f, 0x42,
    0xfe, 0x10, 0x0, 0x0, 0x8, 0xf4, 0x7, 0xfd,
    0x30, 0x0, 0x7, 0xfe, 0x10, 0x8, 0xff, 0xdb,
    0xbe, 0xfd, 0x20, 0x0, 0x3, 0xad, 0xfe, 0xc7,
    0x0, 0x0,

    /* U+0048 "H" */
    0x6f, 0x50, 0x0, 0x0, 0x0, 0xed, 0x6f, 0x50,
    0x0, 0x0, 0x0, 0xed, 0x6f, 0x50, 0x0, 0x0,
    0x0, 0xed, 0x6f, 0x50, 0x0, 0x0, 0x0, 0xed,
    0x6f, 0x50, 0x0, 0x0, 0x0, 0xed, 0x6f, 0x50,
    0x0, 0x0, 0x0, 0xed, 0x6f, 0xca, 0xaa, 0xaa,
    0xaa, 0xfd, 0x6f, 0xff, 0xff, 0xff, 0xff, 0xfd,
    0x6f, 0x50, 0x0, 0x0, 0x0, 0xed, 0x6f, 0x50,
    0x0, 0x0, 0x0, 0xed, 0x6f, 0x50, 0x0, 0x0,
    0x0, 0xed, 0x6f, 0x50, 0x0, 0x0, 0x0, 0xed,
    0x6f, 0x50, 0x0, 0x0, 0x0, 0xed, 0x6f, 0x50,
    0x0, 0x0, 0x0, 0xed, 0x6f, 0x50, 0x0, 0x0,
    0x0, 0xed,

    /* U+0049 "I" */
    0x6f, 0x56, 0xf5, 0x6f, 0x56, 0xf5, 0x6f, 0x56,
    0xf5, 0x6f, 0x56, 0xf5, 0x6f, 0x56, 0xf5, 0x6f,
    0x56, 0xf5, 0x6f, 0x56, 0xf5, 0x6f, 0x50,

    /* U+004A "J" */
    0x0, 0x0, 0x0, 0xde, 0x0, 0x0, 0x0, 0xde,
    0x0, 0x0, 0x0, 0xde, 0x0, 0x0, 0x0, 0xde,
    0x0, 0x0, 0x0, 0xde, 0x0, 0x0, 0x0, 0xde,
    0x0, 0x0, 0x0, 0xde, 0x0, 0x0, 0x0, 0xde,
    0x0, 0x0, 0x0, 0xde, 0x0, 0x0, 0x0, 0xde,
    0x0, 0x0, 0x0, 0xde, 0x3, 0x0, 0x0, 0xee,
    0x7f, 0x50, 0x4, 0xfb, 0x2f, 0xfc, 0xbf, 0xf4,
    0x2, 0xbe, 0xfc, 0x40,

    /* U+004B "K" */
    0x6f, 0x50, 0x0, 0x0, 0x6f, 0xb0, 0x6f, 0x50,
    0x0, 0x5, 0xfc, 0x0, 0x6f, 0x50, 0x0, 0x4f,
    0xd1, 0x0, 0x6f, 0x50, 0x3, 0xfd, 0x10, 0x0,
    0x6f, 0x50, 0x2e, 0xe2, 0x0, 0x0, 0x6f, 0x51,
    0xee, 0x20, 0x0, 0x0, 0x6f, 0x6d, 0xfc, 0x0,
    0x0, 0x0, 0x6f, 0xff, 0xcf, 0x70, 0x0, 0x0,
    0x6f, 0xf5, 0x1e, 0xf3, 0x0, 0x0, 0x6f, 0x70,
    0x4, 0xfd, 0x0, 0x0, 0x6f, 0x50, 0x0, 0x9f,
    0x90, 0x0, 0x6f, 0x50, 0x0, 0xd, 0xf4, 0x0,
    0x6f, 0x50, 0x0, 0x3, 0xfe, 0x10, 0x6f, 0x50,
    0x0, 0x0, 0x7f, 0xb0, 0x6f, 0x50, 0x0, 0x0,
    0xc, 0xf6,

    /* U+004C "L" */
    0x6f, 0x50, 0x0, 0x0, 0x0, 0x6f, 0x50, 0x0,
    0x0, 0x0, 0x6f, 0x50, 0x0, 0x0, 0x0, 0x6f,
    0x50, 0x0, 0x0, 0x0, 0x6f, 0x50, 0x0, 0x0,
    0x0, 0x6f, 0x50, 0x0, 0x0, 0x0, 0x6f, 0x50,
    0x0, 0x0, 0x0, 0x6f, 0x50, 0x0, 0x0, 0x0,
    0x6f, 0x50, 0x0, 0x0, 0x0, 0x6f, 0x50, 0x0,
    0x0, 0x0, 0x6f, 0x50, 0x0, 0x0, 0x0, 0x6f,
    0x50, 0x0, 0x0, 0x0, 0x6f, 0x50, 0x0, 0x0,
    0x0, 0x6f, 0xca, 0xaa, 0xaa, 0xa9, 0x6f, 0xff,
    0xff, 0xff, 0xfe,

    /* U+004D "M" */
    0x6f, 0xa0, 0x0, 0x0, 0x0, 0x0, 0x1f, 0xf6,
    0xff, 0x40, 0x0, 0x0, 0x0, 0xa, 0xff, 0x6f,
    0xfd, 0x0, 0x0, 0x0, 0x4, 0xff, 0xf6, 0xfc,
    0xf7, 0x0, 0x0, 0x0, 0xdf, 0xdf, 0x6f, 0x5d,
    0xf1, 0x0, 0x0, 0x7f, 0x7b, 0xf6, 0xf5, 0x4f,
    0xa0, 0x0, 0x1f, 0xd0, 0xbf, 0x6f, 0x50, 0xbf,
    0x40, 0xa, 0xf4, 0xb, 0xf6, 0xf5, 0x1, 0xfd,
    0x4, 0xfa, 0x0, 0xbf, 0x6f, 0x50, 0x7, 0xf8,
    0xdf, 0x10, 0xb, 0xf6, 0xf5, 0x0, 0xd, 0xff,
    0x70, 0x0, 0xbf, 0x6f, 0x50, 0x0, 0x4f, 0xd0,
    0x0, 0xb, 0xf6, 0xf5, 0x0, 0x0, 0x52, 0x0,
    0x0, 0xbf, 0x6f, 0x50, 0x0, 0x0, 0x0, 0x0,
    0xb, 0xf6, 0xf5, 0x0, 0x0, 0x0, 0x0, 0x0,
    0xbf, 0x6f, 0x50, 0x0, 0x0, 0x0, 0x0, 0xb,
    0xf0,

    /* U+004E "N" */
    0x6f, 0xb0, 0x0, 0x0, 0x0, 0x9f, 0x26, 0xff,
    0x50, 0x0, 0x0, 0x9, 0xf2, 0x6f, 0xfe, 0x10,
    0x0, 0x0, 0x9f, 0x26, 0xfa, 0xfb, 0x0, 0x0,
    0x9, 0xf2, 0x6f, 0x5a, 0xf5, 0x0, 0x0, 0x9f,
    0x26, 0xf5, 0x1e, 0xe1, 0x0, 0x9, 0xf2, 0x6f,
    0x50, 0x5f, 0xb0, 0x0, 0x9f, 0x26, 0xf5, 0x0,
    0xaf, 0x60, 0x9, 0xf2, 0x6f, 0x50, 0x1, 0xef,
    0x10, 0x9f, 0x26, 0xf5, 0x0, 0x5, 0xfb, 0x9,
    0xf2, 0x6f, 0x50, 0x0, 0xa, 0xf6, 0x9f, 0x26,
    0xf5, 0x0, 0x0, 0x1e, 0xfb, 0xf2, 0x6f, 0x50,
    0x0, 0x0, 0x5f, 0xff, 0x26, 0xf5, 0x0, 0x0,
    0x0, 0xaf, 0xf2, 0x6f, 0x50, 0x0, 0x0, 0x1,
    0xef, 0x20,

    /* U+004F "O" */
    0x0, 0x3, 0xad, 0xfe, 0xc6, 0x0, 0x0, 0x0,
    0x8f, 0xfd, 0xbc, 0xff, 0xd2, 0x0, 0x7, 0xfd,
    0x30, 0x0, 0x7, 0xfe, 0x10, 0x2f, 0xe1, 0x0,
    0x0, 0x0, 0x7f, 0x90, 0x7f, 0x60, 0x0, 0x0,
    0x0, 0xd, 0xf0, 0xcf, 0x10, 0x0, 0x0, 0x0,
    0x8, 0xf4, 0xde, 0x0, 0x0, 0x0, 0x0, 0x6,
    0xf6, 0xed, 0x0, 0x0, 0x0, 0x0, 0x5, 0xf7,
    0xde, 0x0, 0x0, 0x0, 0x0, 0x6, 0xf6, 0xcf,
    0x10, 0x0, 0x0, 0x0, 0x8, 0xf4, 0x7f, 0x60,
    0x0, 0x0, 0x0, 0xd, 0xf0, 0x2f, 0xe1, 0x0,
    0x0, 0x0, 0x7f, 0x90, 0x7, 0xfd, 0x30, 0x0,
    0x7, 0xfe, 0x10, 0x0, 0x8f, 0xfd, 0xbb, 0xef,
    0xe3, 0x0, 0x0, 0x3, 0xad, 0xfe, 0xc7, 0x10,
    0x0,

    /* U+0050 "P" */
    0x6f, 0xff, 0xff, 0xfc, 0x70, 0x6, 0xfc, 0xaa,
    0xac, 0xff, 0xc0, 0x6f, 0x50, 0x0, 0x1, 0xcf,
    0x66, 0xf5, 0x0, 0x0, 0x2, 0xfb, 0x6f, 0x50,
    0x0, 0x0, 0xf, 0xd6, 0xf5, 0x0, 0x0, 0x2,
    0xfb, 0x6f, 0x50, 0x0, 0x1, 0xbf, 0x76, 0xfc,
    0xaa, 0xac, 0xff, 0xc0, 0x6f, 0xff, 0xff, 0xfd,
    0x70, 0x6, 0xf5, 0x0, 0x0, 0x0, 0x0, 0x6f,
    0x50, 0x0, 0x0, 0x0, 0x6, 0xf5, 0x0, 0x0,
    0x0, 0x0, 0x6f, 0x50, 0x0, 0x0, 0x0, 0x6,
    0xf5, 0x0, 0x0, 0x0, 0x0, 0x6f, 0x50, 0x0,
    0x0, 0x0, 0x0,

    /* U+0051 "Q" */
    0x0, 0x3, 0xad, 0xfe, 0xc6, 0x0, 0x0, 0x0,
    0x8f, 0xfd, 0xab, 0xef, 0xd3, 0x0, 0x8, 0xfd,
    0x30, 0x0, 0x7, 0xfe, 0x10, 0x2f, 0xe1, 0x0,
    0x0, 0x0, 0x7f, 0xa0, 0x7f, 0x60, 0x0, 0x0,
    0x0, 0xd, 0xf0, 0xcf, 0x10, 0x0, 0x0, 0x0,
    0x8, 0xf4, 0xde, 0x0, 0x0, 0x0, 0x0, 0x6,
    0xf6, 0xed, 0x0, 0x0, 0x0, 0x0, 0x5, 0xf7,
    0xde, 0x0, 0x0, 0x0, 0x0, 0x5, 0xf6, 0xcf,
    0x10, 0x0, 0x0, 0x0, 0x8, 0xf4, 0x7f, 0x60,
    0x0, 0x0, 0x94, 0xd, 0xf0, 0x2f, 0xe1, 0x0,
    0x2, 0xff, 0x9f, 0x90, 0x8, 0xfd, 0x30, 0x0,
    0x4f, 0xfe, 0x10, 0x0, 0x8f, 0xfd, 0xbb, 0xff,
    0xfd, 0x10, 0x0, 0x3, 0xad, 0xfe, 0xc7, 0x8f,
    0xb0, 0x0, 0x0, 0x0, 0x0, 0x0, 0xa, 0xf3,
    0x0, 0x0, 0x0, 0x0, 0x0, 0x0, 0x30,

    /* U+0052 "R" */
    0x6f, 0xff, 0xff, 0xfc, 0x50, 0x0, 0x6f, 0xca,
    0xaa, 0xcf, 0xf9, 0x0, 0x6f, 0x50, 0x0, 0x2,
    0xdf, 0x30, 0x6f, 0x50, 0x0, 0x0, 0x5f, 0x80,
    0x6f, 0x50, 0x0, 0x0, 0x3f, 0x90, 0x6f, 0x50,
    0x0, 0x0, 0x7f, 0x70, 0x6f, 0x50, 0x0, 0x17,
    0xff, 0x10, 0x6f, 0xff, 0xff, 0xff, 0xf5, 0x0,
    0x6f, 0xca, 0xac, 0xfa, 0x10, 0x0, 0x6f, 0x50,
    0x1, 0xee, 0x0, 0x0, 0x6f, 0x50, 0x0, 0x6f,
    0x80, 0x0, 0x6f, 0x50, 0x0, 0xc, 0xf2, 0x0,
    0x6f, 0x50, 0x0, 0x3, 0xfc, 0x0, 0x6f, 0x50,
    0x0, 0x0, 0x9f, 0x60, 0x6f, 0x50, 0x0, 0x0,
    0x1e, 0xe1,

    /* U+0053 "S" */
    0x0, 0x7, 0xcf, 0xfd, 0x81, 0x0, 0x1, 0xdf,
    0xea, 0xad, 0xfe, 0x30, 0xa, 0xf7, 0x0, 0x0,
    0x6f, 0xd0, 0xf, 0xd0, 0x0, 0x0, 0x3, 0x10,
    0xf, 0xd0, 0x0, 0x0, 0x0, 0x0, 0xb, 0xf7,
    0x0, 0x0, 0x0, 0x0, 0x2, 0xdf, 0xd7, 0x30,
    0x0, 0x0, 0x0, 0x6, 0xcf, 0xfe, 0x81, 0x0,
    0x0, 0x0, 0x1, 0x6b, 0xff, 0x30, 0x0, 0x0,
    0x0, 0x0, 0x4f, 0xe0, 0x0, 0x0, 0x0, 0x0,
    0x9, 0xf2, 0x6, 0x40, 0x0, 0x0, 0xa, 0xf2,
    0x1f, 0xf5, 0x0, 0x0, 0x5f, 0xd0, 0x4, 0xef,
    0xda, 0xad, 0xff, 0x40, 0x0, 0x17, 0xcf, 0xfd,
    0x92, 0x0,

    /* U+0054 "T" */
    0x8f, 0xff, 0xff, 0xff, 0xff, 0xfa, 0x5a, 0xaa,
    0xae, 0xfa, 0xaa, 0xa6, 0x0, 0x0, 0xd, 0xe0,
    0x0, 0x0, 0x0, 0x0, 0xd, 0xe0, 0x0, 0x0,
    0x0, 0x0, 0xd, 0xe0, 0x0, 0x0, 0x0, 0x0,
    0xd, 0xe0, 0x0, 0x0, 0x0, 0x0, 0xd, 0xe0,
    0x0, 0x0, 0x0, 0x0, 0xd, 0xe0, 0x0, 0x0,
    0x0, 0x0, 0xd, 0xe0, 0x0, 0x0, 0x0, 0x0,
    0xd, 0xe0, 0x0, 0x0, 0x0, 0x0, 0xd, 0xe0,
    0x0, 0x0, 0x0, 0x0, 0xd, 0xe0, 0x0, 0x0,
    0x0, 0x0, 0xd, 0xe0, 0x0, 0x0, 0x0, 0x0,
    0xd, 0xe0, 0x0, 0x0, 0x0, 0x0, 0xd, 0xe0,
    0x0, 0x0,

    /* U+0055 "U" */
    0x6f, 0x50, 0x0, 0x0, 0x3, 0xf8, 0x6f, 0x50,
    0x0, 0x0, 0x3, 0xf8, 0x6f, 0x50, 0x0, 0x0,
    0x3, 0xf8, 0x6f, 0x50, 0x0, 0x0, 0x3, 0xf8,
    0x6f, 0x50, 0x0, 0x0, 0x3, 0xf8, 0x6f, 0x50,
    0x0, 0x0, 0x3, 0xf8, 0x6f, 0x50, 0x0, 0x0,
    0x3, 0xf8, 0x6f, 0x50, 0x0, 0x0, 0x3, 0xf8,
    0x6f, 0x50, 0x0, 0x0, 0x3, 0xf8, 0x6f, 0x50,
    0x0, 0x0, 0x4, 0xf7, 0x4f, 0x80, 0x0, 0x0,
    0x6, 0xf6, 0x1f, 0xe0, 0x0, 0x0, 0xd, 0xf2,
    0x9, 0xfa, 0x0, 0x0, 0x8f, 0xb0, 0x0, 0xcf,
    0xeb, 0xbe, 0xfd, 0x10, 0x0, 0x6, 0xcf, 0xfd,
    0x70, 0x0,

    /* U+0056 "V" */
    0x8f, 0x50, 0x0, 0x0, 0x0, 0xe, 0xe0, 0x2f,
    0xb0, 0x0, 0x0, 0x0, 0x4f, 0x80, 0xc, 0xf1,
    0x0, 0x0, 0x0, 0xaf, 0x20, 0x6, 0xf6, 0x0,
    0x0, 0x0, 0xfc, 0x0, 0x1, 0xfc, 0x0, 0x0,
    0x6, 0xf7, 0x0, 0x0, 0xbf, 0x20, 0x0, 0xb,
    0xf1, 0x0, 0x0, 0x5f, 0x70, 0x0, 0x1f, 0xb0,
    0x0, 0x0, 0xe, 0xd0, 0x0, 0x7f, 0x50, 0x0,
    0x0, 0x9, 0xf3, 0x0, 0xdf, 0x0, 0x0, 0x0,
    0x3, 0xf9, 0x2, 0xf9, 0x0, 0x0, 0x0, 0x0,
    0xde, 0x8, 0xf3, 0x0, 0x0, 0x0, 0x0, 0x7f,
    0x4e, 0xd0, 0x0, 0x0, 0x0, 0x0, 0x2f, 0xdf,
    0x80, 0x0, 0x0, 0x0, 0x0, 0xc, 0xff, 0x20,
    0x0, 0x0, 0x0, 0x0, 0x6, 0xfc, 0x0, 0x0,
    0x0,

    /* U+0057 "W" */
    0x8f, 0x40, 0x0, 0x0, 0x5f, 0xb0, 0x0, 0x0,
    0xe, 0xd3, 0xf8, 0x0, 0x0, 0xa, 0xff, 0x0,
    0x0, 0x2, 0xf9, 0xf, 0xc0, 0x0, 0x0, 0xef,
    0xf4, 0x0, 0x0, 0x7f, 0x40, 0xaf, 0x10, 0x0,
    0x3f, 0x7f, 0x90, 0x0, 0xb, 0xf0, 0x6, 0xf5,
    0x0, 0x7, 0xf1, 0xcd, 0x0, 0x0, 0xfc, 0x0,
    0x2f, 0x90, 0x0, 0xcd, 0x7, 0xf2, 0x0, 0x4f,
    0x70, 0x0, 0xde, 0x0, 0x1f, 0x80, 0x3f, 0x60,
    0x8, 0xf3, 0x0, 0x9, 0xf2, 0x5, 0xf4, 0x0,
    0xeb, 0x0, 0xde, 0x0, 0x0, 0x4f, 0x70, 0x9f,
    0x0, 0x9, 0xf0, 0x1f, 0xa0, 0x0, 0x0, 0xfb,
    0xe, 0xb0, 0x0, 0x5f, 0x45, 0xf6, 0x0, 0x0,
    0xc, 0xf3, 0xf6, 0x0, 0x1, 0xf8, 0xaf, 0x10,
    0x0, 0x0, 0x7f, 0xbf, 0x10, 0x0, 0xc, 0xde,
    0xd0, 0x0, 0x0, 0x3, 0xff, 0xd0, 0x0, 0x0,
    0x7f, 0xf8, 0x0, 0x0, 0x0, 0xe, 0xf8, 0x0,
    0x0, 0x3, 0xff, 0x40, 0x0, 0x0, 0x0, 0xaf,
    0x40, 0x0, 0x0, 0xe, 0xf0, 0x0, 0x0,

    /* U+0058 "X" */
    0x1e, 0xf1, 0x0, 0x0, 0x5, 0xfa, 0x0, 0x5f,
    0xb0, 0x0, 0x1, 0xee, 0x10, 0x0, 0xaf, 0x50,
    0x0, 0x9f, 0x50, 0x0, 0x1, 0xee, 0x10, 0x3f,
    0xb0, 0x0, 0x0, 0x5, 0xfa, 0xc, 0xf1, 0x0,
    0x0, 0x0, 0xb, 0xfb, 0xf6, 0x0, 0x0, 0x0,
    0x0, 0x1e, 0xfb, 0x0, 0x0, 0x0, 0x0, 0x1,
    0xef, 0x90, 0x0, 0x0, 0x0, 0x0, 0x9f, 0xdf,
    0x30, 0x0, 0x0, 0x0, 0x3f, 0xb2, 0xfd, 0x0,
    0x0, 0x0, 0xd, 0xf2, 0x8, 0xf7, 0x0, 0x0,
    0x7, 0xf8, 0x0, 0xd, 0xf2, 0x0, 0x2, 0xfe,
    0x0, 0x0, 0x4f, 0xc0, 0x0, 0xbf, 0x50, 0x0,
    0x0, 0xaf, 0x60, 0x5f, 0xb0, 0x0, 0x0, 0x1,
    0xfe, 0x10,

    /* U+0059 "Y" */
    0x8f, 0x60, 0x0, 0x0, 0x2, 0xfd, 0x1, 0xee,
    0x0, 0x0, 0x0, 0xaf, 0x40, 0x6, 0xf8, 0x0,
    0x0, 0x3f, 0xb0, 0x0, 0xd, 0xf1, 0x0, 0xc,
    0xf2, 0x0, 0x0, 0x4f, 0x90, 0x5, 0xf8, 0x0,
    0x0, 0x0, 0xbf, 0x20, 0xde, 0x10, 0x0, 0x0,
    0x2, 0xfb, 0x6f, 0x60, 0x0, 0x0, 0x0, 0x8,
    0xff, 0xd0, 0x0, 0x0, 0x0, 0x0, 0xe, 0xf4,
    0x0, 0x0, 0x0, 0x0, 0x0, 0xbf, 0x0, 0x0,
    0x0, 0x0, 0x0, 0xb, 0xf0, 0x0, 0x0, 0x0,
    0x0, 0x0, 0xbf, 0x0, 0x0, 0x0, 0x0, 0x0,
    0xb, 0xf0, 0x0, 0x0, 0x0, 0x0, 0x0, 0xbf,
    0x0, 0x0, 0x0, 0x0, 0x0, 0xb, 0xf0, 0x0,
    0x0, 0x0,

    /* U+005A "Z" */
    0x2f, 0xff, 0xff, 0xff, 0xff, 0xe0, 0x1a, 0xaa,
    0xaa, 0xaa, 0xdf, 0xc0, 0x0, 0x0, 0x0, 0x0,
    0xdf, 0x20, 0x0, 0x0, 0x0, 0x9, 0xf7, 0x0,
    0x0, 0x0, 0x0, 0x3f, 0xc0, 0x0, 0x0, 0x0,
    0x0, 0xdf, 0x20, 0x0, 0x0, 0x0, 0x9, 0xf7,
    0x0, 0x0, 0x0, 0x0, 0x3f, 0xc0, 0x0, 0x0,
    0x0, 0x0, 0xdf, 0x20, 0x0, 0x0, 0x0, 0x9,
    0xf7, 0x0, 0x0, 0x0, 0x0, 0x3f, 0xc0, 0x0,
    0x0, 0x0, 0x0, 0xdf, 0x20, 0x0, 0x0, 0x0,
    0x9, 0xf7, 0x0, 0x0, 0x0, 0x0, 0x3f, 0xfa,
    0xaa, 0xaa, 0xaa, 0xa2, 0x5f, 0xff, 0xff, 0xff,
    0xff, 0xf3,

    /* U+005B "[" */
    0xcf, 0xff, 0xbc, 0xe8, 0x85, 0xcd, 0x0, 0xc,
    0xd0, 0x0, 0xcd, 0x0, 0xc, 0xd0, 0x0, 0xcd,
    0x0, 0xc, 0xd0, 0x0, 0xcd, 0x0, 0xc, 0xd0,
    0x0, 0xcd, 0x0, 0xc, 0xd0, 0x0, 0xcd, 0x0,
    0xc, 0xd0, 0x0, 0xcd, 0x0, 0xc, 0xd0, 0x0,
    0xce, 0x88, 0x5c, 0xff, 0xfb,

    /* U+005C "\\" */
    0xbf, 0x10, 0x0, 0x5, 0xf6, 0x0, 0x0, 0x1f,
    0xb0, 0x0, 0x0, 0xbf, 0x0, 0x0, 0x6, 0xf5,
    0x0, 0x0, 0x1f, 0xa0, 0x0, 0x0, 0xce, 0x0,
    0x0, 0x7, 0xf4, 0x0, 0x0, 0x2f, 0x90, 0x0,
    0x0, 0xde, 0x0, 0x0, 0x8, 0xf3, 0x0, 0x0,
    0x3f, 0x80, 0x0, 0x0, 0xed, 0x0, 0x0, 0x9,
    0xf2, 0x0, 0x0, 0x4f, 0x70,

    /* U+005D "]" */
    0xbf, 0xff, 0xc5, 0x88, 0xec, 0x0, 0xd, 0xc0,
    0x0, 0xdc, 0x0, 0xd, 0xc0, 0x0, 0xdc, 0x0,
    0xd, 0xc0, 0x0, 0xdc, 0x0, 0xd, 0xc0, 0x0,
    0xdc, 0x0, 0xd, 0xc0, 0x0, 0xdc, 0x0, 0xd,
    0xc0, 0x0, 0xdc, 0x0, 0xd, 0xc0, 0x0, 0xdc,
    0x58, 0x8e, 0xcb, 0xff, 0xfc,

    /* U+005E "^" */
    0x0, 0x3, 0x83, 0x0, 0x0, 0x0, 0xef, 0xc0,
    0x0, 0x0, 0x7f, 0x8f, 0x60, 0x0, 0x1f, 0x90,
    0xbe, 0x0, 0xa, 0xf1, 0x2, 0xf8, 0x3, 0xf7,
    0x0, 0x9, 0xf2,

    /* U+005F "_" */
    0x99, 0x99, 0x99, 0x99, 0x91, 0xff, 0xff, 0xff,
    0xff, 0xf2,

    /* U+0060 "`" */
    0x4, 0x0, 0x4f, 0x80, 0xa, 0xf3, 0x0, 0xab,
    0x0, 0x0,

    /* U+0061 "a" */
    0x0, 0x2a, 0xef, 0xd7, 0x0, 0x3, 0xff, 0xa9,
    0xdf, 0x90, 0x0, 0x71, 0x0, 0xc, 0xf1, 0x0,
    0x0, 0x0, 0x6, 0xf4, 0x0, 0x2, 0x68, 0x8a,
    0xf5, 0x1, 0xcf, 0xff, 0xff, 0xf5, 0xc, 0xf8,
    0x20, 0x5, 0xf5, 0x2f, 0xa0, 0x0, 0x7, 0xf5,
    0x1f, 0xb0, 0x0, 0x2e, 0xf5, 0xc, 0xfc, 0x8a,
    0xfa, 0xf5, 0x1, 0x9e, 0xfc, 0x45, 0xf5,

    /* U+0062 "b" */
    0x9f, 0x10, 0x0, 0x0, 0x0, 0x9f, 0x10, 0x0,
    0x0, 0x0, 0x9f, 0x10, 0x0, 0x0, 0x0, 0x9f,
    0x10, 0x0, 0x0, 0x0, 0x9f, 0x16, 0xdf, 0xd7,
    0x0, 0x9f, 0xaf, 0xbb, 0xff, 0xa0, 0x9f, 0xe3,
    0x0, 0x1c, 0xf5, 0x9f, 0x60, 0x0, 0x2, 0xfb,
    0x9f, 0x10, 0x0, 0x0, 0xde, 0x9f, 0x0, 0x0,
    0x0, 0xbf, 0x9f, 0x10, 0x0, 0x0, 0xde, 0x9f,
    0x60, 0x0, 0x2, 0xfa, 0x9f, 0xe3, 0x0, 0x1d,
    0xf4, 0x9f, 0xaf, 0xbb, 0xff, 0x90, 0x9f, 0x17,
    0xdf, 0xd6, 0x0,

    /* U+0063 "c" */
    0x0, 0x6, 0xcf, 0xea, 0x20, 0x0, 0xbf, 0xd9,
    0xbf, 0xf3, 0x7, 0xf9, 0x0, 0x2, 0xd5, 0xd,
    0xe0, 0x0, 0x0, 0x0, 0xf, 0xb0, 0x0, 0x0,
    0x0, 0x1f, 0x90, 0x0, 0x0, 0x0, 0xf, 0xb0,
    0x0, 0x0, 0x0, 0xd, 0xe0, 0x0, 0x0, 0x0,
    0x6, 0xf9, 0x0, 0x2, 0xd5, 0x0, 0xbf, 0xd9,
    0xbf, 0xf3, 0x0, 0x7, 0xdf, 0xea, 0x20,

    /* U+0064 "d" */
    0x0, 0x0, 0x0, 0x0, 0x3f, 0x70, 0x0, 0x0,
    0x0, 0x3, 0xf7, 0x0, 0x0, 0x0, 0x0, 0x3f,
    0x70, 0x0, 0x0, 0x0, 0x3, 0xf7, 0x0, 0x8,
    0xdf, 0xc5, 0x3f, 0x70, 0xc, 0xfe, 0xbc, 0xf9,
    0xf7, 0x7, 0xfb, 0x0, 0x4, 0xff, 0x70, 0xdf,
    0x10, 0x0, 0x9, 0xf7, 0xf, 0xa0, 0x0, 0x0,
    0x3f, 0x71, 0xf9, 0x0, 0x0, 0x2, 0xf7, 0xf,
    0xa0, 0x0, 0x0, 0x3f, 0x70, 0xcf, 0x10, 0x0,
    0x8, 0xf7, 0x6, 0xfb, 0x0, 0x4, 0xff, 0x70,
    0xb, 0xfe, 0xbc, 0xfa, 0xf7, 0x0, 0x7, 0xdf,
    0xd6, 0x3f, 0x70,

    /* U+0065 "e" */
    0x0, 0x8, 0xdf, 0xea, 0x20, 0x0, 0xc, 0xfc,
    0x9a, 0xff, 0x30, 0x8, 0xf7, 0x0, 0x3, 0xfc,
    0x0, 0xee, 0x0, 0x0, 0xa, 0xf1, 0x1f, 0xd8,
    0x88, 0x88, 0xcf, 0x22, 0xff, 0xff, 0xff, 0xff,
    0xf1, 0x1f, 0xb0, 0x0, 0x0, 0x0, 0x0, 0xde,
    0x0, 0x0, 0x0, 0x0, 0x7, 0xfa, 0x0, 0x1,
    0xc8, 0x0, 0xc, 0xfd, 0x99, 0xef, 0x60, 0x0,
    0x7, 0xdf, 0xfb, 0x40, 0x0,

    /* U+0066 "f" */
    0x0, 0x19, 0xee, 0x70, 0xa, 0xfc, 0x96, 0x0,
    0xfc, 0x0, 0x0, 0xf, 0xa0, 0x0, 0xaf, 0xff,
    0xff, 0x85, 0x9f, 0xd9, 0x94, 0x0, 0xfa, 0x0,
    0x0, 0xf, 0xa0, 0x0, 0x0, 0xfa, 0x0, 0x0,
    0xf, 0xa0, 0x0, 0x0, 0xfa, 0x0, 0x0, 0xf,
    0xa0, 0x0, 0x0, 0xfa, 0x0, 0x0, 0xf, 0xa0,
    0x0, 0x0, 0xfa, 0x0, 0x0,

    /* U+0067 "g" */
    0x0, 0x8, 0xef, 0xc4, 0x3f, 0x60, 0xd, 0xfe,
    0xbc, 0xf9, 0xf6, 0x8, 0xfa, 0x0, 0x5, 0xff,
    0x60, 0xee, 0x0, 0x0, 0x9, 0xf6, 0x1f, 0x90,
    0x0, 0x0, 0x4f, 0x62, 0xf8, 0x0, 0x0, 0x3,
    0xf6, 0x1f, 0x90, 0x0, 0x0, 0x5f, 0x60, 0xde,
    0x0, 0x0, 0x9, 0xf6, 0x7, 0xfa, 0x0, 0x4,
    0xff, 0x60, 0xc, 0xfe, 0xbc, 0xfa, 0xf6, 0x0,
    0x8, 0xdf, 0xc5, 0x4f, 0x60, 0x0, 0x0, 0x0,
    0x7, 0xf3, 0x5, 0xc2, 0x0, 0x2, 0xee, 0x0,
    0x4f, 0xfb, 0x9b, 0xff, 0x40, 0x0, 0x29, 0xef,
    0xeb, 0x30, 0x0,

    /* U+0068 "h" */
    0x9f, 0x10, 0x0, 0x0, 0x0, 0x9f, 0x10, 0x0,
    0x0, 0x0, 0x9f, 0x10, 0x0, 0x0, 0x0, 0x9f,
    0x10, 0x0, 0x0, 0x0, 0x9f, 0x16, 0xdf, 0xd6,
    0x0, 0x9f, 0xae, 0xaa, 0xff, 0x60, 0x9f, 0xc1,
    0x0, 0x2f, 0xe0, 0x9f, 0x40, 0x0, 0x9, 0xf1,
    0x9f, 0x10, 0x0, 0x7, 0xf3, 0x9f, 0x10, 0x0,
    0x7, 0xf3, 0x9f, 0x10, 0x0, 0x7, 0xf3, 0x9f,
    0x10, 0x0, 0x7, 0xf3, 0x9f, 0x10, 0x0, 0x7,
    0xf3, 0x9f, 0x10, 0x0, 0x7, 0xf3, 0x9f, 0x10,
    0x0, 0x7, 0xf3,

    /* U+0069 "i" */
    0x7f, 0x59, 0xf7, 0x3, 0x0, 0x0, 0x6f, 0x46,
    0xf4, 0x6f, 0x46, 0xf4, 0x6f, 0x46, 0xf4, 0x6f,
    0x46, 0xf4, 0x6f, 0x46, 0xf4, 0x6f, 0x40,

    /* U+006A "j" */
    0x0, 0x6, 0xf5, 0x0, 0x9, 0xf7, 0x0, 0x0,
    0x30, 0x0, 0x0, 0x0, 0x0, 0x5, 0xf4, 0x0,
    0x5, 0xf4, 0x0, 0x5, 0xf4, 0x0, 0x5, 0xf4,
    0x0, 0x5, 0xf4, 0x0, 0x5, 0xf4, 0x0, 0x5,
    0xf4, 0x0, 0x5, 0xf4, 0x0, 0x5, 0xf4, 0x0,
    0x5, 0xf4, 0x0, 0x5, 0xf4, 0x0, 0x6, 0xf4,
    0x0, 0x9, 0xf3, 0x1a, 0xbf, 0xe0, 0x1d, 0xfc,
    0x30,

    /* U+006B "k" */
    0x9f, 0x10, 0x0, 0x0, 0x9, 0xf1, 0x0, 0x0,
    0x0, 0x9f, 0x10, 0x0, 0x0, 0x9, 0xf1, 0x0,
    0x0, 0x0, 0x9f, 0x10, 0x1, 0xdf, 0x49, 0xf1,
    0x0, 0xdf, 0x50, 0x9f, 0x10, 0xcf, 0x50, 0x9,
    0xf1, 0xbf, 0x60, 0x0, 0x9f, 0xaf, 0xe0, 0x0,
    0x9, 0xff, 0xcf, 0x80, 0x0, 0x9f, 0x90, 0xdf,
    0x20, 0x9, 0xf1, 0x3, 0xfc, 0x0, 0x9f, 0x10,
    0xa, 0xf6, 0x9, 0xf1, 0x0, 0x1f, 0xe1, 0x9f,
    0x10, 0x0, 0x6f, 0xa0,

    /* U+006C "l" */
    0x9f, 0x10, 0x9f, 0x10, 0x9f, 0x10, 0x9f, 0x10,
    0x9f, 0x10, 0x9f, 0x10, 0x9f, 0x10, 0x9f, 0x10,
    0x9f, 0x10, 0x9f, 0x10, 0x9f, 0x10, 0x9f, 0x10,
    0x9f, 0x10, 0x8f, 0xb3, 0x1c, 0xf6,

    /* U+006D "m" */
    0x9f, 0x18, 0xee, 0x90, 0x4, 0xcf, 0xe8, 0x0,
    0x9f, 0xbd, 0x9b, 0xfa, 0x5f, 0xb9, 0xef, 0x70,
    0x9f, 0xc0, 0x0, 0x9f, 0xf6, 0x0, 0x1e, 0xf0,
    0x9f, 0x40, 0x0, 0x2f, 0xd0, 0x0, 0x8, 0xf2,
    0x9f, 0x10, 0x0, 0xf, 0xa0, 0x0, 0x6, 0xf3,
    0x9f, 0x10, 0x0, 0xf, 0xa0, 0x0, 0x6, 0xf3,
    0x9f, 0x10, 0x0, 0xf, 0xa0, 0x0, 0x6, 0xf3,
    0x9f, 0x10, 0x0, 0xf, 0xa0, 0x0, 0x6, 0xf3,
    0x9f, 0x10, 0x0, 0xf, 0xa0, 0x0, 0x6, 0xf3,
    0x9f, 0x10, 0x0, 0xf, 0xa0, 0x0, 0x6, 0xf3,
    0x9f, 0x10, 0x0, 0xf, 0xa0, 0x0, 0x6, 0xf3,

    /* U+006E "n" */
    0x9f, 0x16, 0xdf, 0xd6, 0x0, 0x9f, 0xae, 0xaa,
    0xff, 0x60, 0x9f, 0xc1, 0x0, 0x2f, 0xe0, 0x9f,
    0x40, 0x0, 0x9, 0xf1, 0x9f, 0x10, 0x0, 0x7,
    0xf3, 0x9f, 0x10, 0x0, 0x7, 0xf3, 0x9f, 0x10,
    0x0, 0x7, 0xf3, 0x9f, 0x10, 0x0, 0x7, 0xf3,
    0x9f, 0x10, 0x0, 0x7, 0xf3, 0x9f, 0x10, 0x0,
    0x7, 0xf3, 0x9f, 0x10, 0x0, 0x7, 0xf3,

    /* U+006F "o" */
    0x0, 0x7, 0xdf, 0xea, 0x20, 0x0, 0xc, 0xfd,
    0x9b, 0xff, 0x30, 0x7, 0xf9, 0x0, 0x3, 0xfd,
    0x0, 0xde, 0x0, 0x0, 0x9, 0xf3, 0xf, 0xb0,
    0x0, 0x0, 0x4f, 0x71, 0xf9, 0x0, 0x0, 0x3,
    0xf8, 0xf, 0xb0, 0x0, 0x0, 0x4f, 0x70, 0xde,
    0x0, 0x0, 0x9, 0xf3, 0x7, 0xf9, 0x0, 0x3,
    0xfd, 0x0, 0xc, 0xfd, 0x9b, 0xff, 0x30, 0x0,
    0x7, 0xdf, 0xea, 0x20, 0x0,

    /* U+0070 "p" */
    0x9f, 0x16, 0xdf, 0xd7, 0x0, 0x9f, 0xaf, 0xcb,
    0xff, 0xa0, 0x9f, 0xe3, 0x0, 0x1c, 0xf5, 0x9f,
    0x60, 0x0, 0x2, 0xfb, 0x9f, 0x10, 0x0, 0x0,
    0xce, 0x9f, 0x0, 0x0, 0x0, 0xbf, 0x9f, 0x10,
    0x0, 0x0, 0xce, 0x9f, 0x60, 0x0, 0x2, 0xfa,
    0x9f, 0xe3, 0x0, 0x1c, 0xf4, 0x9f, 0xaf, 0xbb,
    0xff, 0x90, 0x9f, 0x17, 0xdf, 0xd6, 0x0, 0x9f,
    0x10, 0x0, 0x0, 0x0, 0x9f, 0x10, 0x0, 0x0,
    0x0, 0x9f, 0x10, 0x0, 0x0, 0x0, 0x9f, 0x10,
    0x0, 0x0, 0x0,

    /* U+0071 "q" */
    0x0, 0x8, 0xdf, 0xc5, 0x3f, 0x70, 0xc, 0xfe,
    0xbc, 0xf9, 0xf7, 0x7, 0xfb, 0x0, 0x4, 0xff,
    0x70, 0xdf, 0x10, 0x0, 0x9, 0xf7, 0xf, 0xa0,
    0x0, 0x0, 0x3f, 0x71, 0xf9, 0x0, 0x0, 0x2,
    0xf7, 0xf, 0xa0, 0x0, 0x0, 0x3f, 0x70, 0xcf,
    0x10, 0x0, 0x8, 0xf7, 0x6, 0xfb, 0x0, 0x4,
    0xff, 0x70, 0xb, 0xfe, 0xac, 0xfa, 0xf7, 0x0,
    0x7, 0xdf, 0xd6, 0x3f, 0x70, 0x0, 0x0, 0x0,
    0x3, 0xf7, 0x0, 0x0, 0x0, 0x0, 0x3f, 0x70,
    0x0, 0x0, 0x0, 0x3, 0xf7, 0x0, 0x0, 0x0,
    0x0, 0x3f, 0x70,

    /* U+0072 "r" */
    0x9f, 0x12, 0xae, 0x39, 0xf4, 0xff, 0xd3, 0x9f,
    0xe7, 0x10, 0x9, 0xf7, 0x0, 0x0, 0x9f, 0x10,
    0x0, 0x9, 0xf1, 0x0, 0x0, 0x9f, 0x10, 0x0,
    0x9, 0xf1, 0x0, 0x0, 0x9f, 0x10, 0x0, 0x9,
    0xf1, 0x0, 0x0, 0x9f, 0x10, 0x0, 0x0,

    /* U+0073 "s" */
    0x0, 0x7d, 0xfe, 0xa2, 0x0, 0xaf, 0xc9, 0xaf,
    0xf3, 0x1f, 0xb0, 0x0, 0x2d, 0x50, 0xfc, 0x0,
    0x0, 0x0, 0x9, 0xfd, 0x72, 0x0, 0x0, 0x6,
    0xdf, 0xfd, 0x40, 0x0, 0x0, 0x27, 0xef, 0x40,
    0x0, 0x0, 0x2, 0xfb, 0x2d, 0x80, 0x0, 0x1f,
    0xa0, 0xbf, 0xd9, 0x9e, 0xf4, 0x0, 0x7d, 0xfe,
    0xb3, 0x0,

    /* U+0074 "t" */
    0x0, 0x75, 0x0, 0x0, 0xf, 0xb0, 0x0, 0x0,
    0xfb, 0x0, 0x0, 0xf, 0xb0, 0x0, 0xaf, 0xff,
    0xff, 0xb5, 0x9f, 0xd9, 0x96, 0x0, 0xfb, 0x0,
    0x0, 0xf, 0xb0, 0x0, 0x0, 0xfb, 0x0, 0x0,
    0xf, 0xb0, 0x0, 0x0, 0xfb, 0x0, 0x0, 0xf,
    0xb0, 0x0, 0x0, 0xee, 0x0, 0x0, 0x9, 0xfd,
    0x95, 0x0, 0x9, 0xef, 0x60,

    /* U+0075 "u" */
    0x9f, 0x10, 0x0, 0x7, 0xf3, 0x9f, 0x10, 0x0,
    0x7, 0xf3, 0x9f, 0x10, 0x0, 0x7, 0xf3, 0x9f,
    0x10, 0x0, 0x7, 0xf3, 0x9f, 0x10, 0x0, 0x7,
    0xf3, 0x9f, 0x10, 0x0, 0x7, 0xf3, 0x9f, 0x10,
    0x0, 0x7, 0xf3, 0x8f, 0x30, 0x0, 0xa, 0xf3,
    0x5f, 0xb0, 0x0, 0x4f, 0xf3, 0xd, 0xfd, 0x9b,
    0xfa, 0xf3, 0x1, 0xaf, 0xfb, 0x37, 0xf3,

    /* U+0076 "v" */
    0xbf, 0x10, 0x0, 0x0, 0xed, 0x5, 0xf6, 0x0,
    0x0, 0x4f, 0x70, 0xf, 0xc0, 0x0, 0xa, 0xf1,
    0x0, 0xaf, 0x10, 0x0, 0xfb, 0x0, 0x4, 0xf7,
    0x0, 0x5f, 0x50, 0x0, 0xe, 0xd0, 0xb, 0xe0,
    0x0, 0x0, 0x8f, 0x21, 0xf9, 0x0, 0x0, 0x2,
    0xf8, 0x6f, 0x30, 0x0, 0x0, 0xc, 0xec, 0xd0,
    0x0, 0x0, 0x0, 0x6f, 0xf7, 0x0, 0x0, 0x0,
    0x1, 0xff, 0x10, 0x0, 0x0,

    /* U+0077 "w" */
    0xcf, 0x0, 0x0, 0x2f, 0xe0, 0x0, 0x3, 0xf9,
    0x7f, 0x50, 0x0, 0x6f, 0xf3, 0x0, 0x8, 0xf4,
    0x2f, 0x90, 0x0, 0xbd, 0xf8, 0x0, 0xc, 0xf0,
    0xd, 0xe0, 0x0, 0xf8, 0xbd, 0x0, 0x1f, 0xa0,
    0x8, 0xf3, 0x4, 0xf3, 0x6f, 0x10, 0x5f, 0x50,
    0x2, 0xf7, 0x9, 0xe0, 0x2f, 0x60, 0xaf, 0x0,
    0x0, 0xdc, 0xd, 0xa0, 0xd, 0xa0, 0xeb, 0x0,
    0x0, 0x8f, 0x3f, 0x60, 0x8, 0xf4, 0xf6, 0x0,
    0x0, 0x3f, 0xdf, 0x10, 0x4, 0xfc, 0xf1, 0x0,
    0x0, 0xe, 0xfc, 0x0, 0x0, 0xff, 0xb0, 0x0,
    0x0, 0x9, 0xf8, 0x0, 0x0, 0xbf, 0x60, 0x0,

    /* U+0078 "x" */
    0x4f, 0xb0, 0x0, 0xb, 0xf3, 0x9, 0xf5, 0x0,
    0x5f, 0x80, 0x0, 0xde, 0x10, 0xed, 0x0, 0x0,
    0x3f, 0xa9, 0xf3, 0x0, 0x0, 0x8, 0xff, 0x80,
    0x0, 0x0, 0x3, 0xff, 0x10, 0x0, 0x0, 0xd,
    0xff, 0xa0, 0x0, 0x0, 0x8f, 0x69, 0xf4, 0x0,
    0x3, 0xfb, 0x0, 0xee, 0x10, 0xd, 0xf2, 0x0,
    0x5f, 0xa0, 0x8f, 0x70, 0x0, 0xb, 0xf4,

    /* U+0079 "y" */
    0xbf, 0x10, 0x0, 0x0, 0xdf, 0x5, 0xf7, 0x0,
    0x0, 0x3f, 0x90, 0xf, 0xd0, 0x0, 0x9, 0xf3,
    0x0, 0x9f, 0x30, 0x0, 0xfc, 0x0, 0x3, 0xf9,
    0x0, 0x5f, 0x60, 0x0, 0xd, 0xe0, 0xb, 0xf0,
    0x0, 0x0, 0x7f, 0x41, 0xfa, 0x0, 0x0, 0x1,
    0xfa, 0x7f, 0x30, 0x0, 0x0, 0xb, 0xfd, 0xd0,
    0x0, 0x0, 0x0, 0x5f, 0xf7, 0x0, 0x0, 0x0,
    0x0, 0xff, 0x10, 0x0, 0x0, 0x0, 0x2f, 0xa0,
    0x0, 0x0, 0x0, 0x9, 0xf4, 0x0, 0x0, 0x0,
    0x0, 0xed, 0x0, 0x0, 0x0, 0x0, 0x5f, 0x70,
    0x0, 0x0, 0x0,

    /* U+007A "z" */
    0x5f, 0xff, 0xff, 0xff, 0x92, 0x99, 0x99, 0x9d,
    0xf7, 0x0, 0x0, 0x3, 0xfc, 0x0, 0x0, 0x1,
    0xee, 0x10, 0x0, 0x0, 0xaf, 0x50, 0x0, 0x0,
    0x6f, 0x90, 0x0, 0x0, 0x2f, 0xd0, 0x0, 0x0,
    0xd, 0xf2, 0x0, 0x0, 0x9, 0xf6, 0x0, 0x0,
    0x4, 0xff, 0x99, 0x99, 0x98, 0x6f, 0xff, 0xff,
    0xff, 0xe0,

    /* U+007B "{" */
    0x0, 0x1, 0xae, 0x80, 0x0, 0xaf, 0xc5, 0x0,
    0xf, 0xb0, 0x0, 0x1, 0xf7, 0x0, 0x0, 0x2f,
    0x70, 0x0, 0x2, 0xf6, 0x0, 0x0, 0x4f, 0x50,
    0x0, 0x3d, 0xf1, 0x0, 0x8f, 0xd3, 0x0, 0x5,
    0xcf, 0x80, 0x0, 0x0, 0x9f, 0x20, 0x0, 0x3,
    0xf6, 0x0, 0x0, 0x2f, 0x60, 0x0, 0x2, 0xf7,
    0x0, 0x0, 0x1f, 0x70, 0x0, 0x0, 0xfb, 0x0,
    0x0, 0xa, 0xfc, 0x50, 0x0, 0x19, 0xe8,

    /* U+007C "|" */
    0x9f, 0x19, 0xf1, 0x9f, 0x19, 0xf1, 0x9f, 0x19,
    0xf1, 0x9f, 0x19, 0xf1, 0x9f, 0x19, 0xf1, 0x9f,
    0x19, 0xf1, 0x9f, 0x19, 0xf1, 0x9f, 0x19, 0xf1,
    0x9f, 0x19, 0xf1,

    /* U+007D "}" */
    0x8e, 0xa1, 0x0, 0x5, 0xcf, 0xa0, 0x0, 0x0,
    0xbf, 0x0, 0x0, 0x7, 0xf2, 0x0, 0x0, 0x7f,
    0x20, 0x0, 0x6, 0xf2, 0x0, 0x0, 0x5f, 0x40,
    0x0, 0x1, 0xfd, 0x30, 0x0, 0x3, 0xdf, 0x80,
    0x0, 0x8f, 0xc5, 0x0, 0x2f, 0x90, 0x0, 0x6,
    0xf3, 0x0, 0x0, 0x6f, 0x20, 0x0, 0x7, 0xf2,
    0x0, 0x0, 0x7f, 0x10, 0x0, 0xb, 0xf0, 0x0,
    0x5c, 0xfa, 0x0, 0x8, 0xe9, 0x10, 0x0,

    /* U+007E "~" */
    0x0, 0xaf, 0xb2, 0x0, 0xc3, 0xa, 0xfa, 0xef,
    0xbd, 0xf2, 0x9, 0x60, 0x7, 0xed, 0x40,

    /* U+00B0 "°" */
    0x0, 0x9e, 0xea, 0x10, 0xa, 0xc4, 0x3b, 0xd0,
    0x1f, 0x20, 0x0, 0xe4, 0x1f, 0x10, 0x0, 0xe4,
    0xc, 0xa1, 0x8, 0xe0, 0x1, 0xbf, 0xfd, 0x30,
    0x0, 0x1, 0x10, 0x0,

    /* U+00B7 "·" */
    0x1, 0x10, 0xf, 0xf0, 0xf, 0xf0,

    /* U+2014 "—" */
    0x99, 0x99, 0x99, 0x99, 0x99, 0x99, 0x99, 0x99,
    0x99, 0x99, 0xff, 0xff, 0xff, 0xff, 0xff, 0xff,
    0xff, 0xff, 0xff, 0xff,

    /* U+2018 "‘" */
    0x4, 0x32, 0xc2, 0x85, 0x9, 0xf4, 0x9f, 0x40,

    /* U+2019 "’" */
    0x6e, 0x76, 0xf7, 0x7, 0x62, 0xd1, 0x54, 0x0,

    /* U+201C "“" */
    0x4, 0x30, 0x70, 0x2c, 0x27, 0x90, 0x85, 0xd,
    0x0, 0x9f, 0x4e, 0xe0, 0x9f, 0x4e, 0xf0,

    /* U+201D "”" */
    0x6e, 0x7a, 0xe2, 0x6f, 0x7b, 0xf2, 0x7, 0x60,
    0xc1, 0x2d, 0x15, 0xb0, 0x54, 0x8, 0x10,

    /* U+2026 "…" */
    0x12, 0x0, 0x0, 0x2, 0x20, 0x0, 0x0, 0x21,
    0xbf, 0x60, 0x0, 0xf, 0xf0, 0x0, 0x6, 0xfb,
    0xbf, 0x60, 0x0, 0xf, 0xf0, 0x0, 0x6, 0xfb,

    /* U+3000 "　" */

    /* U+3001 "、" */
    0x7, 0x20, 0x0, 0x1e, 0xf4, 0x0, 0x1, 0xdf,
    0x40, 0x0, 0x1d, 0xf4, 0x0, 0x2, 0xc2, 0x0,
    0x0, 0x0,

    /* U+3002 "。" */
    0x0, 0x0, 0x0, 0x9, 0xee, 0x90, 0x8b, 0x11,
    0xb8, 0xb5, 0x0, 0x5b, 0x8c, 0x22, 0xc7, 0x9,
    0xee, 0x90,

    /* U+3008 "〈" */
    0x0, 0x4, 0x93, 0x0, 0xd, 0xf1, 0x0, 0x4f,
    0x80, 0x0, 0xcf, 0x10, 0x3, 0xf9, 0x0, 0xb,
    0xf2, 0x0, 0x3f, 0xa0, 0x0, 0xaf, 0x20, 0x0,
    0xdf, 0x0, 0x0, 0x6f, 0x70, 0x0, 0xe, 0xe0,
    0x0, 0x6, 0xf6, 0x0, 0x0, 0xed, 0x0, 0x0,
    0x7f, 0x50, 0x0, 0x1f, 0xd0, 0x0, 0x8, 0xf4,

    /* U+3009 "〉" */
    0x39, 0x40, 0x0, 0x1f, 0xd0, 0x0, 0x8, 0xf4,
    0x0, 0x1, 0xfc, 0x0, 0x0, 0x9f, 0x30, 0x0,
    0x2f, 0xb0, 0x0, 0xa, 0xf3, 0x0, 0x2, 0xfa,
    0x0, 0x0, 0xfd, 0x0, 0x7, 0xf6, 0x0, 0xe,
    0xe0, 0x0, 0x6f, 0x60, 0x0, 0xde, 0x0, 0x5,
    0xf7, 0x0, 0xd, 0xf1, 0x0, 0x4f, 0x80, 0x0,

    /* U+300A "《" */
    0x0, 0x0, 0x88, 0x0, 0x97, 0x0, 0x4, 0xf8,
    0x6, 0xf6, 0x0, 0xc, 0xf1, 0xd, 0xe0, 0x0,
    0x4f, 0x90, 0x5f, 0x70, 0x0, 0xbf, 0x20, 0xdf,
    0x10, 0x3, 0xfa, 0x4, 0xf8, 0x0, 0xa, 0xf2,
    0xc, 0xf1, 0x0, 0x2f, 0xb0, 0x3f, 0x90, 0x0,
    0x5f, 0x80, 0x6f, 0x60, 0x0, 0xd, 0xe0, 0xe,
    0xd0, 0x0, 0x6, 0xf7, 0x7, 0xf5, 0x0, 0x0,
    0xee, 0x1, 0xfd, 0x0, 0x0, 0x7f, 0x60, 0x8f,
    0x40, 0x0, 0xe, 0xd0, 0x1f, 0xc0, 0x0, 0x7,
    0xf5, 0x9, 0xf3, 0x0, 0x1, 0xfd, 0x2, 0xfb,

    /* U+300B "》" */
    0x79, 0x0, 0x88, 0x0, 0x0, 0x7f, 0x60, 0x8f,
    0x40, 0x0, 0xe, 0xd0, 0x1f, 0xc0, 0x0, 0x7,
    0xf5, 0x9, 0xf3, 0x0, 0x1, 0xfd, 0x2, 0xfb,
    0x0, 0x0, 0x8f, 0x40, 0xaf, 0x30, 0x0, 0x1f,
    0xc0, 0x2f, 0xa0, 0x0, 0x9, 0xf3, 0xb, 0xf2,
    0x0, 0x6, 0xf6, 0x8, 0xf5, 0x0, 0xd, 0xe0,
    0xe, 0xd0, 0x0, 0x5f, 0x70, 0x7f, 0x60, 0x0,
    0xdf, 0x10, 0xee, 0x0, 0x4, 0xf8, 0x6, 0xf7,
    0x0, 0xc, 0xf1, 0xd, 0xe0, 0x0, 0x3f, 0x90,
    0x5f, 0x70, 0x0, 0xbf, 0x20, 0xdf, 0x10, 0x0,

    /* U+300C "「" */
    0x9f, 0xff, 0x89, 0xf9, 0x84, 0x9f, 0x10, 0x9,
    0xf1, 0x0, 0x9f, 0x10, 0x9, 0xf1, 0x0, 0x9f,
    0x10, 0x9, 0xf1, 0x0, 0x9f, 0x10, 0x9, 0xf1,
    0x0, 0x0, 0x0, 0x0,

    /* U+300D "」" */
    0x0, 0x1f, 0x90, 0x1, 0xf9, 0x0, 0x1f, 0x90,
    0x1, 0xf9, 0x0, 0x1f, 0x90, 0x1, 0xf9, 0x0,
    0x1f, 0x90, 0x1, 0xf9, 0x47, 0x8f, 0x98, 0xff,
    0xf9,

    /* U+300E "『" */
    0x1f, 0xee, 0xef, 0x71, 0xe0, 0x0, 0x88, 0x1e,
    0xb, 0xef, 0x81, 0xe0, 0xc3, 0x0, 0x1e, 0xc,
    0x30, 0x1, 0xe0, 0xc3, 0x0, 0x1e, 0xc, 0x30,
    0x1, 0xe0, 0xc3, 0x0, 0x1e, 0xc, 0x30, 0x1,
    0xfe, 0xf3, 0x0, 0x0, 0x0, 0x0, 0x0,

    /* U+300F "』" */
    0x0, 0x2e, 0xee, 0x80, 0x2, 0xd0, 0x69, 0x0,
    0x2d, 0x6, 0x90, 0x2, 0xd0, 0x69, 0x0, 0x2d,
    0x6, 0x90, 0x2, 0xd0, 0x69, 0x0, 0x2d, 0x6,
    0x9d, 0xee, 0xd0, 0x69, 0xe1, 0x0, 0x6, 0x9e,
    0xee, 0xee, 0xe9,

    /* U+3010 "【" */
    0x6f, 0xff, 0xf3, 0x6f, 0xff, 0xa0, 0x6f, 0xff,
    0x30, 0x6f, 0xfd, 0x0, 0x6f, 0xf8, 0x0, 0x6f,
    0xf5, 0x0, 0x6f, 0xf2, 0x0, 0x6f, 0xf1, 0x0,
    0x6f, 0xf0, 0x0, 0x6f, 0xf0, 0x0, 0x6f, 0xf1,
    0x0, 0x6f, 0xf2, 0x0, 0x6f, 0xf5, 0x0, 0x6f,
    0xf8, 0x0, 0x6f, 0xfd, 0x0, 0x6f, 0xff, 0x30,
    0x6f, 0xff, 0xa0, 0x6f, 0xff, 0xf4,

    /* U+3011 "】" */
    0x3f, 0xff, 0xf6, 0xa, 0xff, 0xf6, 0x3, 0xff,
    0xf6, 0x0, 0xdf, 0xf6, 0x0, 0x8f, 0xf6, 0x0,
    0x5f, 0xf6, 0x0, 0x2f, 0xf6, 0x0, 0x1f, 0xf6,
    0x0, 0xf, 0xf6, 0x0, 0xf, 0xf6, 0x0, 0x1f,
    0xf6, 0x0, 0x2f, 0xf6, 0x0, 0x5f, 0xf6, 0x0,
    0x8f, 0xf6, 0x0, 0xdf, 0xf6, 0x3, 0xff, 0xf6,
    0xa, 0xff, 0xf6, 0x4f, 0xff, 0xf6,

    /* U+3014 "〔" */
    0x0, 0x0, 0x38, 0x1, 0x6d, 0xfd, 0x1f, 0xfd,
    0x71, 0x1f, 0xa0, 0x0, 0x1f, 0x90, 0x0, 0x1f,
    0x90, 0x0, 0x1f, 0x90, 0x0, 0x1f, 0x90, 0x0,
    0x1f, 0x90, 0x0, 0x1f, 0x90, 0x0, 0x1f, 0x90,
    0x0, 0x1f, 0x90, 0x0, 0x1f, 0x90, 0x0, 0x1f,
    0x90, 0x0, 0x1f, 0x90, 0x0, 0x1f, 0xe7, 0x10,
    0x7, 0xdf, 0xf9, 0x0, 0x3, 0xad, 0x0, 0x0,
    0x0,

    /* U+3015 "〕" */
    0x83, 0x0, 0x0, 0xdf, 0xd6, 0x10, 0x17, 0xdf,
    0xf1, 0x0, 0xa, 0xf1, 0x0, 0x9, 0xf1, 0x0,
    0x9, 0xf1, 0x0, 0x9, 0xf1, 0x0, 0x9, 0xf1,
    0x0, 0x9, 0xf1, 0x0, 0x9, 0xf1, 0x0, 0x9,
    0xf1, 0x0, 0x9, 0xf1, 0x0, 0x9, 0xf1, 0x0,
    0x9, 0xf1, 0x0, 0x9, 0xf1, 0x1, 0x7e, 0xf1,
    0x9f, 0xfd, 0x70, 0xda, 0x30, 0x0, 0x0, 0x0,
    0x0,

    /* U+FF01 "！" */
    0xf, 0xe0, 0xfe, 0xf, 0xd0, 0xfd, 0xf, 0xd0,
    0xec, 0xe, 0xc0, 0xdb, 0xd, 0xb0, 0xca, 0x4,
    0x30, 0x0, 0x1, 0x11, 0xff, 0x1f, 0xf0,

    /* U+FF02 "＂" */
    0x6f, 0x76, 0xf6, 0x5f, 0x66, 0xf5, 0x4f, 0x55,
    0xf4, 0x3f, 0x44, 0xf3, 0x2f, 0x22, 0xf2, 0x2,
    0x0, 0x20,

    /* U+FF03 "＃" */
    0x0, 0x0, 0x6, 0x90, 0x0, 0x96, 0x0, 0x0,
    0x0, 0xd, 0xb0, 0x1, 0xf7, 0x0, 0x0, 0x0,
    0xf, 0x80, 0x5, 0xf3, 0x0, 0x0, 0x0, 0x4f,
    0x40, 0x8, 0xf0, 0x0, 0x2, 0x77, 0xbf, 0x87,
    0x7d, 0xe7, 0x70, 0x5, 0xff, 0xff, 0xff, 0xff,
    0xff, 0xf0, 0x0, 0x0, 0xea, 0x0, 0x2f, 0x60,
    0x0, 0x0, 0x1, 0xf7, 0x0, 0x5f, 0x30, 0x0,
    0x0, 0x4, 0xf4, 0x0, 0x9f, 0x0, 0x0, 0x7,
    0x7b, 0xf8, 0x77, 0xde, 0x77, 0x20, 0xf, 0xff,
    0xff, 0xff, 0xff, 0xff, 0x50, 0x0, 0xe, 0x90,
    0x3, 0xf5, 0x0, 0x0, 0x0, 0x2f, 0x60, 0x6,
    0xf2, 0x0, 0x0, 0x0, 0x5f, 0x30, 0x9, 0xf0,
    0x0, 0x0, 0x0, 0x9f, 0x0, 0xd, 0xb0, 0x0,
    0x0, 0x0, 0x12, 0x0, 0x2, 0x10, 0x0, 0x0,

    /* U+FF04 "＄" */
    0x0, 0x0, 0x3, 0x50, 0x0, 0x0, 0x0, 0x0,
    0xa, 0xf1, 0x0, 0x0, 0x0, 0x2, 0x7d, 0xf9,
    0x40, 0x0, 0x0, 0x7f, 0xff, 0xff, 0xfc, 0x10,
    0x5, 0xfd, 0x3a, 0xf3, 0xaf, 0xc0, 0xb, 0xf1,
    0xa, 0xf1, 0x8, 0x50, 0xd, 0xe0, 0xa, 0xf1,
    0x0, 0x0, 0xa, 0xf3, 0xa, 0xf1, 0x0, 0x0,
    0x3, 0xff, 0x8b, 0xf1, 0x0, 0x0, 0x0, 0x4d,
    0xff, 0xf8, 0x20, 0x0, 0x0, 0x0, 0x4c, 0xff,
    0xfa, 0x0, 0x0, 0x0, 0xa, 0xf4, 0xcf, 0xb0,
    0x0, 0x0, 0xa, 0xf1, 0xc, 0xf2, 0x0, 0x0,
    0xa, 0xf1, 0x7, 0xf4, 0xa, 0xb0, 0xa, 0xf1,
    0xb, 0xf2, 0x9, 0xfc, 0x4a, 0xf3, 0xaf, 0xb0,
    0x0, 0x8f, 0xff, 0xff, 0xfb, 0x10, 0x0, 0x1,
    0x6d, 0xf7, 0x30, 0x0, 0x0, 0x0, 0xa, 0xf1,
    0x0, 0x0,

    /* U+FF05 "％" */
    0x3, 0xad, 0xb5, 0x0, 0x0, 0x0, 0xcc, 0x0,
    0x3f, 0xd8, 0xbf, 0x60, 0x0, 0x9, 0xf5, 0x0,
    0xbd, 0x0, 0xa, 0xe0, 0x0, 0x5f, 0x90, 0x0,
    0xe9, 0x0, 0x6, 0xf1, 0x1, 0xed, 0x0, 0x0,
    0xcc, 0x0, 0x9, 0xf0, 0xc, 0xf3, 0x0, 0x0,
    0x4f, 0xa5, 0x8f, 0x80, 0x7f, 0x70, 0x0, 0x0,
    0x5, 0xcf, 0xd7, 0x3, 0xfb, 0x0, 0x0, 0x0,
    0x0, 0x0, 0x0, 0xd, 0xe1, 0x0, 0x0, 0x0,
    0x0, 0x0, 0x0, 0xaf, 0x40, 0x5b, 0xda, 0x30,
    0x0, 0x0, 0x5, 0xf9, 0x6, 0xfb, 0x8c, 0xf3,
    0x0, 0x0, 0x2f, 0xd0, 0xe, 0xa0, 0x0, 0xdb,
    0x0, 0x0, 0xcf, 0x20, 0x1f, 0x60, 0x0, 0x9d,
    0x0, 0x8, 0xf6, 0x0, 0xf, 0x90, 0x0, 0xcc,
    0x0, 0x3f, 0xb0, 0x0, 0x8, 0xf8, 0x5a, 0xf5,
    0x0, 0xee, 0x10, 0x0, 0x0, 0x7d, 0xfd, 0x50,

    /* U+FF06 "＆" */
    0x0, 0x0, 0x0, 0x0, 0x0, 0x0, 0x0, 0x0,
    0x1, 0xaf, 0xfe, 0x70, 0x0, 0x0, 0x0, 0x1e,
    0xfa, 0x7d, 0xf7, 0x0, 0x0, 0x0, 0x7f, 0x70,
    0x0, 0xee, 0x0, 0x0, 0x0, 0x9f, 0x20, 0x0,
    0xcf, 0x0, 0x0, 0x0, 0x8f, 0x40, 0x1, 0xfd,
    0x0, 0x0, 0x0, 0x2f, 0xd0, 0x4d, 0xf4, 0x0,
    0x0, 0x0, 0x7, 0xfe, 0xfe, 0x40, 0x0, 0x0,
    0x0, 0x4d, 0xff, 0xd0, 0x0, 0x0, 0x0, 0x7,
    0xfe, 0x5b, 0xf8, 0x0, 0xd, 0x60, 0x2f, 0xd1,
    0x0, 0xcf, 0x70, 0x6f, 0x50, 0x6f, 0x50, 0x0,
    0x1d, 0xf6, 0xee, 0x0, 0x7f, 0x40, 0x0, 0x2,
    0xef, 0xf5, 0x0, 0x4f, 0xa0, 0x0, 0x0, 0xaf,
    0xf3, 0x0, 0xc, 0xf9, 0x32, 0x6d, 0xfb, 0xfe,
    0x20, 0x1, 0xbf, 0xff, 0xfd, 0x60, 0x5f, 0xe1,
    0x0, 0x2, 0x55, 0x20, 0x0, 0x1, 0x10,

    /* U+FF07 "＇" */
    0xee, 0xed, 0xdc, 0xbb, 0xaa, 0x11,

    /* U+FF08 "（" */
    0x0, 0x6f, 0x40, 0xd, 0xc0, 0x4, 0xf6, 0x0,
    0xaf, 0x10, 0xf, 0xb0, 0x2, 0xf8, 0x0, 0x5f,
    0x50, 0x7, 0xf3, 0x0, 0x8f, 0x20, 0x8, 0xf2,
    0x0, 0x7f, 0x30, 0x5, 0xf5, 0x0, 0x2f, 0x80,
    0x0, 0xfb, 0x0, 0xa, 0xf1, 0x0, 0x4f, 0x60,
    0x0, 0xdc, 0x0, 0x6, 0xf4,

    /* U+FF09 "）" */
    0x4f, 0x50, 0x0, 0xcd, 0x0, 0x6, 0xf4, 0x0,
    0x1f, 0xa0, 0x0, 0xbe, 0x0, 0x8, 0xf2, 0x0,
    0x5f, 0x50, 0x3, 0xf7, 0x0, 0x2f, 0x80, 0x2,
    0xf8, 0x0, 0x3f, 0x70, 0x5, 0xf5, 0x0, 0x8f,
    0x20, 0xb, 0xe0, 0x1, 0xfa, 0x0, 0x6f, 0x40,
    0xc, 0xd0, 0x4, 0xf5, 0x0,

    /* U+FF0A "＊" */
    0x0, 0xd, 0x60, 0x0, 0xb6, 0xc7, 0xa5, 0x7,
    0xef, 0xfc, 0x30, 0x5d, 0xff, 0xa2, 0xd, 0x8d,
    0x8c, 0x70, 0x0, 0xd6, 0x0, 0x0, 0x1, 0x0,
    0x0,

    /* U+FF0B "＋" */
    0x0, 0x0, 0x6f, 0x30, 0x0, 0x0, 0x0, 0x6f,
    0x30, 0x0, 0x0, 0x0, 0x6f, 0x30, 0x0, 0x3,
    0x33, 0x8f, 0x63, 0x33, 0x2f, 0xff, 0xff, 0xff,
    0xfe, 0x4, 0x44, 0x9f, 0x74, 0x44, 0x0, 0x0,
    0x6f, 0x30, 0x0, 0x0, 0x0, 0x6f, 0x30, 0x0,
    0x0, 0x0, 0x6f, 0x30, 0x0, 0x0, 0x0, 0x1,
    0x0, 0x0,

    /* U+FF0C "，" */
    0x1, 0x10, 0x1f, 0xf0, 0x1f, 0xf0, 0x0, 0xe0,
    0x8, 0xa0, 0x2b, 0x0,

    /* U+FF0D "－" */
    0x89, 0x99, 0x99, 0x94, 0xef, 0xff, 0xff, 0xf7,

    /* U+FF0E "．" */
    0x1, 0x10, 0xf, 0xf0, 0xf, 0xf0,

    /* U+FF0F "／" */
    0x0, 0x0, 0x0, 0x0, 0x0, 0x8, 0x91, 0x0,
    0x0, 0x0, 0x0, 0x0, 0x7f, 0x80, 0x0, 0x0,
    0x0, 0x0, 0x2, 0xfd, 0x0, 0x0, 0x0, 0x0,
    0x0, 0xc, 0xf3, 0x0, 0x0, 0x0, 0x0, 0x0,
    0x7f, 0x80, 0x0, 0x0, 0x0, 0x0, 0x2, 0xfd,
    0x0, 0x0, 0x0, 0x0, 0x0, 0xd, 0xf2, 0x0,
    0x0, 0x0, 0x0, 0x0, 0x8f, 0x70, 0x0, 0x0,
    0x0, 0x0, 0x3, 0xfc, 0x0, 0x0, 0x0, 0x0,
    0x0, 0xd, 0xf2, 0x0, 0x0, 0x0, 0x0, 0x0,
    0x9f, 0x70, 0x0, 0x0, 0x0, 0x0, 0x3, 0xfc,
    0x0, 0x0, 0x0, 0x0, 0x0, 0xd, 0xf2, 0x0,
    0x0, 0x0, 0x0, 0x0, 0x9f, 0x60, 0x0, 0x0,
    0x0, 0x0, 0x4, 0xfb, 0x0, 0x0, 0x0, 0x0,
    0x0, 0x1e, 0xe1, 0x0, 0x0, 0x0, 0x0, 0x0,

    /* U+FF10 "０" */
    0x0, 0x0, 0x0, 0x0, 0x0, 0x0, 0x0, 0x5,
    0xdf, 0xfd, 0x50, 0x0, 0x0, 0x7f, 0xe9, 0x9e,
    0xf7, 0x0, 0x2, 0xfe, 0x10, 0x1, 0xef, 0x20,
    0x8, 0xf5, 0x0, 0x0, 0x5f, 0x80, 0xc, 0xf0,
    0x0, 0x0, 0xf, 0xc0, 0xf, 0xd0, 0x0, 0x0,
    0xd, 0xf0, 0xf, 0xb0, 0x0, 0x0, 0xb, 0xf0,
    0x1f, 0xb0, 0x0, 0x0, 0xb, 0xf1, 0xf, 0xb0,
    0x0, 0x0, 0xb, 0xf0, 0xf, 0xd0, 0x0, 0x0,
    0xd, 0xf0, 0xc, 0xf0, 0x0, 0x0, 0xf, 0xc0,
    0x8, 0xf5, 0x0, 0x0, 0x5f, 0x80, 0x2, 0xfd,
    0x10, 0x1, 0xdf, 0x20, 0x0, 0x8f, 0xe8, 0x8e,
    0xf8, 0x0, 0x0, 0x6, 0xef, 0xfe, 0x60, 0x0,
    0x0, 0x0, 0x1, 0x10, 0x0, 0x0,

    /* U+FF11 "１" */
    0x0, 0x19, 0xc1, 0x19, 0xff, 0xf2, 0x9f, 0xbb,
    0xf2, 0x53, 0x9, 0xf2, 0x0, 0x9, 0xf2, 0x0,
    0x9, 0xf2, 0x0, 0x9, 0xf2, 0x0, 0x9, 0xf2,
    0x0, 0x9, 0xf2, 0x0, 0x9, 0xf2, 0x0, 0x9,
    0xf2, 0x0, 0x9, 0xf2, 0x0, 0x9, 0xf2, 0x0,
    0x9, 0xf2, 0x0, 0x9, 0xf2,

    /* U+FF12 "２" */
    0x0, 0x0, 0x0, 0x0, 0x0, 0x1, 0x8e, 0xff,
    0xc4, 0x0, 0x1d, 0xfc, 0x8a, 0xff, 0x40, 0x9f,
    0x60, 0x0, 0x4f, 0xd0, 0x17, 0x0, 0x0, 0xc,
    0xf0, 0x0, 0x0, 0x0, 0xb, 0xf0, 0x0, 0x0,
    0x0, 0xf, 0xd0, 0x0, 0x0, 0x0, 0x9f, 0x60,
    0x0, 0x0, 0x6, 0xfb, 0x0, 0x0, 0x0, 0x4f,
    0xd1, 0x0, 0x0, 0x3, 0xfe, 0x20, 0x0, 0x0,
    0x2e, 0xf3, 0x0, 0x0, 0x1, 0xef, 0x40, 0x0,
    0x0, 0x1d, 0xf5, 0x0, 0x0, 0x0, 0xbf, 0xd9,
    0x99, 0x99, 0x93, 0xdf, 0xff, 0xff, 0xff, 0xf6,

    /* U+FF13 "３" */
    0x4a, 0xaa, 0xaa, 0xaa, 0xa0, 0x6f, 0xff, 0xff,
    0xff, 0xf0, 0x0, 0x0, 0x0, 0xbf, 0x60, 0x0,
    0x0, 0xa, 0xf6, 0x0, 0x0, 0x0, 0xaf, 0x60,
    0x0, 0x0, 0x9, 0xf6, 0x0, 0x0, 0x0, 0x6f,
    0xfd, 0xb6, 0x0, 0x0, 0x1d, 0x9a, 0xef, 0xb0,
    0x0, 0x0, 0x0, 0xa, 0xf6, 0x0, 0x0, 0x0,
    0x1, 0xfc, 0x0, 0x0, 0x0, 0x0, 0xee, 0x17,
    0x0, 0x0, 0x1, 0xfc, 0xaf, 0x60, 0x0, 0xa,
    0xf7, 0x1d, 0xfc, 0x88, 0xcf, 0xd0, 0x1, 0x8e,
    0xff, 0xe9, 0x0, 0x0, 0x0, 0x11, 0x0, 0x0,

    /* U+FF14 "４" */
    0x0, 0x0, 0x0, 0x2e, 0xe8, 0x0, 0x0, 0x0,
    0x0, 0xcf, 0xf9, 0x0, 0x0, 0x0, 0x5, 0xfa,
    0xf9, 0x0, 0x0, 0x0, 0x1e, 0xe3, 0xf9, 0x0,
    0x0, 0x0, 0x9f, 0x52, 0xf9, 0x0, 0x0, 0x3,
    0xfb, 0x2, 0xf9, 0x0, 0x0, 0xc, 0xf2, 0x2,
    0xf9, 0x0, 0x0, 0x6f, 0x80, 0x2, 0xf9, 0x0,
    0x1, 0xee, 0x0, 0x2, 0xf9, 0x0, 0x9, 0xf5,
    0x0, 0x2, 0xf9, 0x0, 0xf, 0xff, 0xff, 0xff,
    0xff, 0xf7, 0x9, 0x99, 0x99, 0x9a, 0xfd, 0x94,
    0x0, 0x0, 0x0, 0x2, 0xf9, 0x0, 0x0, 0x0,
    0x0, 0x2, 0xf9, 0x0, 0x0, 0x0, 0x0, 0x2,
    0xe8, 0x0,

    /* U+FF15 "５" */
    0x7, 0xaa, 0xaa, 0xaa, 0xa0, 0xc, 0xff, 0xff,
    0xff, 0xf0, 0xd, 0xd0, 0x0, 0x0, 0x0, 0xf,
    0xb0, 0x0, 0x0, 0x0, 0xf, 0xa0, 0x0, 0x0,
    0x0, 0x1f, 0x90, 0x0, 0x0, 0x0, 0x2f, 0xab,
    0xff, 0xe8, 0x0, 0x3f, 0xfd, 0x99, 0xef, 0xc0,
    0x18, 0x70, 0x0, 0xb, 0xf7, 0x0, 0x0, 0x0,
    0x2, 0xfb, 0x0, 0x0, 0x0, 0x0, 0xfd, 0x16,
    0x0, 0x0, 0x1, 0xfb, 0xaf, 0x60, 0x0, 0xa,
    0xf6, 0x1d, 0xfc, 0x88, 0xdf, 0xc0, 0x1, 0x9e,
    0xff, 0xe8, 0x0, 0x0, 0x0, 0x11, 0x0, 0x0,

    /* U+FF16 "６" */
    0x0, 0x0, 0x3, 0xa6, 0x0, 0x0, 0x0, 0x0,
    0xdf, 0x20, 0x0, 0x0, 0x0, 0x7f, 0x80, 0x0,
    0x0, 0x0, 0x1f, 0xe0, 0x0, 0x0, 0x0, 0xa,
    0xf5, 0x0, 0x0, 0x0, 0x4, 0xfb, 0x1, 0x0,
    0x0, 0x0, 0xdf, 0xdf, 0xff, 0x90, 0x0, 0x6f,
    0xfc, 0x88, 0xcf, 0xd0, 0xc, 0xf8, 0x0, 0x0,
    0x9f, 0x70, 0xfe, 0x0, 0x0, 0x1, 0xfc, 0xf,
    0xb0, 0x0, 0x0, 0xe, 0xd0, 0xee, 0x0, 0x0,
    0x1, 0xfc, 0x9, 0xf8, 0x0, 0x0, 0xaf, 0x60,
    0x1d, 0xfc, 0x88, 0xdf, 0xb0, 0x0, 0x19, 0xff,
    0xfe, 0x70, 0x0, 0x0, 0x0, 0x11, 0x0, 0x0,

    /* U+FF17 "７" */
    0x2a, 0xaa, 0xaa, 0xaa, 0xa7, 0x4f, 0xff, 0xff,
    0xff, 0xfb, 0x0, 0x0, 0x0, 0x8, 0xf5, 0x0,
    0x0, 0x0, 0xe, 0xe0, 0x0, 0x0, 0x0, 0x5f,
    0x70, 0x0, 0x0, 0x0, 0xcf, 0x10, 0x0, 0x0,
    0x3, 0xf9, 0x0, 0x0, 0x0, 0xa, 0xf3, 0x0,
    0x0, 0x0, 0x1f, 0xc0, 0x0, 0x0, 0x0, 0x8f,
    0x50, 0x0, 0x0, 0x0, 0xee, 0x0, 0x0, 0x0,
    0x6, 0xf7, 0x0, 0x0, 0x0, 0xd, 0xf1, 0x0,
    0x0, 0x0, 0x4f, 0x90, 0x0, 0x0, 0x0, 0xbf,
    0x20, 0x0, 0x0, 0x0, 0x22, 0x0, 0x0, 0x0,

    /* U+FF18 "８" */
    0x0, 0x0, 0x0, 0x0, 0x0, 0x0, 0x0, 0x7,
    0xdf, 0xfd, 0x70, 0x0, 0x0, 0xaf, 0xe9, 0x9e,
    0xfa, 0x0, 0x3, 0xfc, 0x0, 0x0, 0xcf, 0x30,
    0x7, 0xf5, 0x0, 0x0, 0x5f, 0x70, 0x6, 0xf5,
    0x0, 0x0, 0x5f, 0x60, 0x1, 0xed, 0x10, 0x1,
    0xdf, 0x10, 0x0, 0x3e, 0xfb, 0xbf, 0xe3, 0x0,
    0x0, 0x2c, 0xff, 0xff, 0xc2, 0x0, 0x2, 0xfd,
    0x40, 0x4, 0xde, 0x20, 0xb, 0xf1, 0x0, 0x0,
    0x1f, 0xb0, 0xf, 0xc0, 0x0, 0x0, 0xc, 0xf0,
    0xf, 0xe0, 0x0, 0x0, 0xe, 0xf0, 0xb, 0xf7,
    0x0, 0x0, 0x7f, 0xb0, 0x2, 0xef, 0xc8, 0x8c,
    0xfe, 0x20, 0x0, 0x19, 0xff, 0xff, 0x91, 0x0,
    0x0, 0x0, 0x1, 0x10, 0x0, 0x0,

    /* U+FF19 "９" */
    0x0, 0x0, 0x0, 0x0, 0x0, 0x0, 0x7d, 0xff,
    0xd7, 0x0, 0xb, 0xfd, 0x99, 0xdf, 0xb0, 0x6f,
    0xa0, 0x0, 0xa, 0xf7, 0xcf, 0x10, 0x0, 0x1,
    0xfd, 0xfd, 0x0, 0x0, 0x0, 0xdf, 0xee, 0x0,
    0x0, 0x0, 0xee, 0xaf, 0x50, 0x0, 0x5, 0xfc,
    0x3f, 0xf7, 0x23, 0x7f, 0xf6, 0x4, 0xff, 0xff,
    0xff, 0xe0, 0x0, 0x5, 0x75, 0xaf, 0x50, 0x0,
    0x0, 0x3, 0xfc, 0x0, 0x0, 0x0, 0xc, 0xf2,
    0x0, 0x0, 0x0, 0x6f, 0x90, 0x0, 0x0, 0x1,
    0xfe, 0x0, 0x0, 0x0, 0xa, 0xf6, 0x0, 0x0,

    /* U+FF1A "：" */
    0xe, 0xe0, 0xf, 0xf0, 0x3, 0x30, 0x0, 0x0,
    0x0, 0x0, 0x0, 0x0, 0x0, 0x0, 0x0, 0x0,
    0x1, 0x10, 0xf, 0xf0, 0xf, 0xf0,

    /* U+FF1B "；" */
    0x1d, 0xd1, 0xff, 0x4, 0x40, 0x0, 0x0, 0x0,
    0x0, 0x0, 0x0, 0x0, 0x1, 0x11, 0xff, 0x1f,
    0xf0, 0xe, 0x8, 0x92, 0xb0,

    /* U+FF1C "＜" */
    0x0, 0x0, 0x0, 0x0, 0x58, 0x0, 0x0, 0x0,
    0x4c, 0xfa, 0x0, 0x0, 0x3b, 0xfe, 0x60, 0x0,
    0x2a, 0xfe, 0x70, 0x0, 0x19, 0xff, 0x81, 0x0,
    0x0, 0x5f, 0xd1, 0x0, 0x0, 0x0, 0x2c, 0xfd,
    0x50, 0x0, 0x0, 0x0, 0x5d, 0xfd, 0x40, 0x0,
    0x0, 0x0, 0x6e, 0xfc, 0x40, 0x0, 0x0, 0x0,
    0x7e, 0xf9, 0x0, 0x0, 0x0, 0x0, 0x8a, 0x0,
    0x0, 0x0, 0x0, 0x0,

    /* U+FF1D "＝" */
    0x18, 0x88, 0x88, 0x88, 0x87, 0x2f, 0xff, 0xff,
    0xff, 0xfe, 0x0, 0x0, 0x0, 0x0, 0x0, 0x0,
    0x0, 0x0, 0x0, 0x0, 0x0, 0x0, 0x0, 0x0,
    0x0, 0x1f, 0xff, 0xff, 0xff, 0xfe, 0x19, 0x99,
    0x99, 0x99, 0x98,

    /* U+FF1E "＞" */
    0x48, 0x10, 0x0, 0x0, 0x0, 0x4f, 0xf7, 0x0,
    0x0, 0x0, 0x3, 0xcf, 0xe6, 0x0, 0x0, 0x0,
    0x4, 0xcf, 0xd5, 0x0, 0x0, 0x0, 0x5, 0xdf,
    0xc3, 0x0, 0x0, 0x0, 0x8, 0xfb, 0x0, 0x0,
    0x2, 0xaf, 0xe5, 0x0, 0x2, 0xaf, 0xf8, 0x0,
    0x1, 0x9f, 0xf9, 0x10, 0x0, 0x3f, 0xfa, 0x20,
    0x0, 0x0, 0x4b, 0x30, 0x0, 0x0, 0x0, 0x0,
    0x0, 0x0, 0x0, 0x0,

    /* U+FF1F "？" */
    0x0, 0x0, 0x0, 0x0, 0x0, 0x0, 0x5c, 0xff,
    0xd6, 0x0, 0x7, 0xfe, 0x98, 0xdf, 0x70, 0x1f,
    0xc0, 0x0, 0xe, 0xe0, 0x3, 0x10, 0x0, 0xa,
    0xf1, 0x0, 0x0, 0x0, 0xd, 0xe0, 0x0, 0x0,
    0x0, 0xaf, 0x60, 0x0, 0x0, 0xa, 0xf8, 0x0,
    0x0, 0x0, 0x5f, 0x80, 0x0, 0x0, 0x0, 0xae,
    0x0, 0x0, 0x0, 0x0, 0xcc, 0x0, 0x0, 0x0,
    0x0, 0x55, 0x0, 0x0, 0x0, 0x0, 0x0, 0x0,
    0x0, 0x0, 0x0, 0x11, 0x0, 0x0, 0x0, 0x0,
    0xff, 0x0, 0x0, 0x0, 0x0, 0xff, 0x0, 0x0,

    /* U+FF20 "＠" */
    0x0, 0x0, 0x0, 0x0, 0x0, 0x0, 0x0, 0x0,
    0x0, 0x0, 0x29, 0xdf, 0xfe, 0xb6, 0x0, 0x0,
    0x0, 0x8, 0xfd, 0x85, 0x46, 0xbf, 0xc2, 0x0,
    0x0, 0xaf, 0x70, 0x0, 0x0, 0x2, 0xde, 0x10,
    0x5, 0xf5, 0x0, 0x2, 0x10, 0x0, 0x1e, 0xa0,
    0xd, 0xa0, 0x5, 0xef, 0xf8, 0x88, 0x6, 0xf1,
    0x3f, 0x40, 0x3f, 0xc4, 0x5d, 0xe9, 0x1, 0xf5,
    0x5f, 0x0, 0x9f, 0x10, 0x3, 0xf9, 0x0, 0xe7,
    0x7e, 0x0, 0xbc, 0x0, 0x0, 0xf9, 0x0, 0xe7,
    0x7f, 0x0, 0xae, 0x0, 0x1, 0xf9, 0x1, 0xf5,
    0x5f, 0x10, 0x4f, 0xa2, 0x3c, 0xde, 0x39, 0xe0,
    0x1f, 0x70, 0x7, 0xff, 0xfa, 0x1d, 0xff, 0x40,
    0xa, 0xe1, 0x0, 0x14, 0x20, 0x0, 0x20, 0x0,
    0x1, 0xed, 0x20, 0x0, 0x0, 0x0, 0x0, 0x0,
    0x0, 0x2d, 0xf9, 0x42, 0x13, 0x8e, 0x20, 0x0,
    0x0, 0x0, 0x7d, 0xff, 0xff, 0xe7, 0x10, 0x0,
    0x0, 0x0, 0x0, 0x13, 0x42, 0x0, 0x0, 0x0,

    /* U+FF21 "Ａ" */
    0x0, 0x0, 0x0, 0xbb, 0x0, 0x0, 0x0, 0x0,
    0x0, 0x5, 0xff, 0x50, 0x0, 0x0, 0x0, 0x0,
    0xb, 0xff, 0xb0, 0x0, 0x0, 0x0, 0x0, 0x1f,
    0xab, 0xf1, 0x0, 0x0, 0x0, 0x0, 0x7f, 0x55,
    0xf7, 0x0, 0x0, 0x0, 0x0, 0xde, 0x0, 0xed,
    0x0, 0x0, 0x0, 0x3, 0xf9, 0x0, 0x9f, 0x30,
    0x0, 0x0, 0x9, 0xf3, 0x0, 0x3f, 0x90, 0x0,
    0x0, 0xe, 0xfb, 0xbb, 0xbf, 0xe0, 0x0, 0x0,
    0x5f, 0xff, 0xff, 0xff, 0xf5, 0x0, 0x0, 0xbf,
    0x10, 0x0, 0x1, 0xfb, 0x0, 0x1, 0xfb, 0x0,
    0x0, 0x0, 0xcf, 0x10, 0x7, 0xf6, 0x0, 0x0,
    0x0, 0x6f, 0x70, 0xd, 0xf0, 0x0, 0x0, 0x0,
    0xf, 0xc0, 0x2f, 0xa0, 0x0, 0x0, 0x0, 0xa,
    0xf2, 0x1, 0x0, 0x0, 0x0, 0x0, 0x0, 0x10,

    /* U+FF22 "Ｂ" */
    0xb, 0xbb, 0xbb, 0xa8, 0x40, 0x0, 0x1f, 0xff,
    0xff, 0xff, 0xfb, 0x0, 0x1f, 0xa0, 0x0, 0x2,
    0xcf, 0x80, 0x1f, 0xa0, 0x0, 0x0, 0x1f, 0xc0,
    0x1f, 0xa0, 0x0, 0x0, 0x1f, 0xc0, 0x1f, 0xa0,
    0x0, 0x0, 0x8f, 0x60, 0x1f, 0xd9, 0x99, 0xad,
    0xf7, 0x0, 0x1f, 0xff, 0xff, 0xff, 0xf9, 0x0,
    0x1f, 0xa0, 0x0, 0x13, 0x9f, 0xc0, 0x1f, 0xa0,
    0x0, 0x0, 0x8, 0xf5, 0x1f, 0xa0, 0x0, 0x0,
    0x4, 0xf8, 0x1f, 0xa0, 0x0, 0x0, 0x6, 0xf7,
    0x1f, 0xa0, 0x0, 0x0, 0x3e, 0xf3, 0x1f, 0xda,
    0xaa, 0xac, 0xff, 0x90, 0x1f, 0xff, 0xff, 0xfe,
    0xb5, 0x0,

    /* U+FF23 "Ｃ" */
    0x0, 0x0, 0x0, 0x0, 0x0, 0x0, 0x0, 0x0,
    0x29, 0xef, 0xfe, 0x91, 0x0, 0x0, 0x6f, 0xfd,
    0xa9, 0xdf, 0xe4, 0x0, 0x5f, 0xe4, 0x0, 0x0,
    0x5f, 0xd0, 0xe, 0xf2, 0x0, 0x0, 0x0, 0x31,
    0x5, 0xf9, 0x0, 0x0, 0x0, 0x0, 0x0, 0x9f,
    0x30, 0x0, 0x0, 0x0, 0x0, 0xb, 0xf1, 0x0,
    0x0, 0x0, 0x0, 0x0, 0xcf, 0x0, 0x0, 0x0,
    0x0, 0x0, 0xb, 0xf1, 0x0, 0x0, 0x0, 0x0,
    0x0, 0x9f, 0x40, 0x0, 0x0, 0x0, 0x0, 0x5,
    0xf9, 0x0, 0x0, 0x0, 0x0, 0x0, 0xe, 0xf2,
    0x0, 0x0, 0x0, 0x31, 0x0, 0x5f, 0xe3, 0x0,
    0x0, 0x4f, 0xd0, 0x0, 0x6f, 0xfc, 0x98, 0xcf,
    0xf4, 0x0, 0x0, 0x3a, 0xff, 0xff, 0xa2, 0x0,
    0x0, 0x0, 0x0, 0x11, 0x0, 0x0, 0x0,

    /* U+FF24 "Ｄ" */
    0xb, 0xbb, 0xbb, 0xa8, 0x60, 0x0, 0x0, 0xf,
    0xff, 0xff, 0xff, 0xff, 0x60, 0x0, 0xf, 0xb0,
    0x0, 0x1, 0x6e, 0xf7, 0x0, 0xf, 0xb0, 0x0,
    0x0, 0x1, 0xef, 0x30, 0xf, 0xb0, 0x0, 0x0,
    0x0, 0x4f, 0x90, 0xf, 0xb0, 0x0, 0x0, 0x0,
    0xe, 0xe0, 0xf, 0xb0, 0x0, 0x0, 0x0, 0xb,
    0xf0, 0xf, 0xb0, 0x0, 0x0, 0x0, 0xa, 0xf2,
    0xf, 0xb0, 0x0, 0x0, 0x0, 0xb, 0xf1, 0xf,
    0xb0, 0x0, 0x0, 0x0, 0xd, 0xf0, 0xf, 0xb0,
    0x0, 0x0, 0x0, 0x2f, 0xa0, 0xf, 0xb0, 0x0,
    0x0, 0x0, 0xbf, 0x40, 0xf, 0xb0, 0x0, 0x0,
    0x2b, 0xfa, 0x0, 0xf, 0xea, 0xaa, 0xac, 0xff,
    0xa0, 0x0, 0xf, 0xff, 0xff, 0xfd, 0xa3, 0x0,
    0x0,

    /* U+FF25 "Ｅ" */
    0x7b, 0xbb, 0xbb, 0xbb, 0xb5, 0xaf, 0xff, 0xff,
    0xff, 0xf7, 0xaf, 0x10, 0x0, 0x0, 0x0, 0xaf,
    0x10, 0x0, 0x0, 0x0, 0xaf, 0x10, 0x0, 0x0,
    0x0, 0xaf, 0x10, 0x0, 0x0, 0x0, 0xaf, 0x99,
    0x99, 0x99, 0x90, 0xaf, 0xff, 0xff, 0xff, 0xf1,
    0xaf, 0x10, 0x0, 0x0, 0x0, 0xaf, 0x10, 0x0,
    0x0, 0x0, 0xaf, 0x10, 0x0, 0x0, 0x0, 0xaf,
    0x10, 0x0, 0x0, 0x0, 0xaf, 0x10, 0x0, 0x0,
    0x0, 0xaf, 0xaa, 0xaa, 0xaa, 0xa8, 0xaf, 0xff,
    0xff, 0xff, 0xfc,

    /* U+FF26 "Ｆ" */
    0x7b, 0xbb, 0xbb, 0xbb, 0xb3, 0xaf, 0xff, 0xff,
    0xff, 0xf5, 0xaf, 0x10, 0x0, 0x0, 0x0, 0xaf,
    0x10, 0x0, 0x0, 0x0, 0xaf, 0x10, 0x0, 0x0,
    0x0, 0xaf, 0x10, 0x0, 0x0, 0x0, 0xaf, 0x10,
    0x0, 0x0, 0x0, 0xaf, 0xff, 0xff, 0xff, 0xd0,
    0xaf, 0xa9, 0x99, 0x99, 0x70, 0xaf, 0x10, 0x0,
    0x0, 0x0, 0xaf, 0x10, 0x0, 0x0, 0x0, 0xaf,
    0x10, 0x0, 0x0, 0x0, 0xaf, 0x10, 0x0, 0x0,
    0x0, 0xaf, 0x10, 0x0, 0x0, 0x0, 0xaf, 0x10,
    0x0, 0x0, 0x0, 0x11, 0x0, 0x0, 0x0, 0x0,

    /* U+FF27 "Ｇ" */
    0x0, 0x0, 0x0, 0x0, 0x0, 0x0, 0x0, 0x0,
    0x4b, 0xef, 0xfc, 0x60, 0x0, 0x0, 0x9f, 0xfc,
    0x9a, 0xff, 0xb0, 0x0, 0x8f, 0xd2, 0x0, 0x1,
    0xaf, 0x80, 0x2f, 0xe1, 0x0, 0x0, 0x0, 0x60,
    0x7, 0xf6, 0x0, 0x0, 0x0, 0x0, 0x0, 0xbf,
    0x10, 0x0, 0x0, 0x0, 0x0, 0xd, 0xe0, 0x0,
    0x0, 0x0, 0x0, 0x0, 0xed, 0x0, 0x0, 0x4f,
    0xff, 0xff, 0x1d, 0xe0, 0x0, 0x2, 0x99, 0x9d,
    0xf1, 0xcf, 0x10, 0x0, 0x0, 0x0, 0xaf, 0x18,
    0xf5, 0x0, 0x0, 0x0, 0xa, 0xf1, 0x2f, 0xd0,
    0x0, 0x0, 0x0, 0xaf, 0x10, 0x9f, 0xb1, 0x0,
    0x0, 0x5f, 0xe0, 0x0, 0xaf, 0xfa, 0x89, 0xdf,
    0xe3, 0x0, 0x0, 0x5c, 0xff, 0xfe, 0x81, 0x0,
    0x0, 0x0, 0x0, 0x10, 0x0, 0x0, 0x0,

    /* U+FF28 "Ｈ" */
    0x8c, 0x0, 0x0, 0x0, 0x0, 0xc8, 0xaf, 0x10,
    0x0, 0x0, 0x1, 0xfa, 0xaf, 0x10, 0x0, 0x0,
    0x1, 0xfa, 0xaf, 0x10, 0x0, 0x0, 0x1, 0xfa,
    0xaf, 0x10, 0x0, 0x0, 0x1, 0xfa, 0xaf, 0x10,
    0x0, 0x0, 0x1, 0xfa, 0xaf, 0x77, 0x77, 0x77,
    0x77, 0xfa, 0xaf, 0xff, 0xff, 0xff, 0xff, 0xfa,
    0xaf, 0x32, 0x22, 0x22, 0x23, 0xfa, 0xaf, 0x10,
    0x0, 0x0, 0x1, 0xfa, 0xaf, 0x10, 0x0, 0x0,
    0x1, 0xfa, 0xaf, 0x10, 0x0, 0x0, 0x1, 0xfa,
    0xaf, 0x10, 0x0, 0x0, 0x1, 0xfa, 0xaf, 0x10,
    0x0, 0x0, 0x1, 0xfa, 0xaf, 0x10, 0x0, 0x0,
    0x1, 0xfa,

    /* U+FF29 "Ｉ" */
    0xab, 0xce, 0xce, 0xce, 0xce, 0xce, 0xce, 0xce,
    0xce, 0xce, 0xce, 0xce, 0xce, 0xce, 0xce,

    /* U+FF2A "Ｊ" */
    0x0, 0x0, 0x1, 0xf9, 0x0, 0x0, 0x1, 0xfa,
    0x0, 0x0, 0x1, 0xfa, 0x0, 0x0, 0x1, 0xfa,
    0x0, 0x0, 0x1, 0xfa, 0x0, 0x0, 0x1, 0xfa,
    0x0, 0x0, 0x1, 0xfa, 0x0, 0x0, 0x1, 0xfa,
    0x0, 0x0, 0x1, 0xfa, 0x0, 0x0, 0x1, 0xfa,
    0x0, 0x0, 0x1, 0xfa, 0x1, 0x0, 0x2, 0xf9,
    0xae, 0x10, 0x7, 0xf7, 0x7f, 0xe8, 0xaf, 0xf1,
    0x7, 0xef, 0xfc, 0x30, 0x0, 0x1, 0x0, 0x0,

    /* U+FF2B "Ｋ" */
    0x8c, 0x0, 0x0, 0x0, 0x7c, 0x70, 0xaf, 0x10,
    0x0, 0x6, 0xfb, 0x0, 0xaf, 0x10, 0x0, 0x5f,
    0xc0, 0x0, 0xaf, 0x10, 0x4, 0xfd, 0x10, 0x0,
    0xaf, 0x10, 0x3f, 0xd1, 0x0, 0x0, 0xaf, 0x12,
    0xee, 0x10, 0x0, 0x0, 0xaf, 0x3e, 0xf8, 0x0,
    0x0, 0x0, 0xaf, 0xef, 0xef, 0x30, 0x0, 0x0,
    0xaf, 0xf3, 0x4f, 0xd0, 0x0, 0x0, 0xaf, 0x40,
    0x9, 0xf9, 0x0, 0x0, 0xaf, 0x10, 0x0, 0xdf,
    0x40, 0x0, 0xaf, 0x10, 0x0, 0x2f, 0xe1, 0x0,
    0xaf, 0x10, 0x0, 0x7, 0xfb, 0x0, 0xaf, 0x10,
    0x0, 0x0, 0xbf, 0x70, 0xaf, 0x10, 0x0, 0x0,
    0x1e, 0xf3,

    /* U+FF2C "Ｌ" */
    0x8c, 0x0, 0x0, 0x0, 0x0, 0xaf, 0x10, 0x0,
    0x0, 0x0, 0xaf, 0x10, 0x0, 0x0, 0x0, 0xaf,
    0x10, 0x0, 0x0, 0x0, 0xaf, 0x10, 0x0, 0x0,
    0x0, 0xaf, 0x10, 0x0, 0x0, 0x0, 0xaf, 0x10,
    0x0, 0x0, 0x0, 0xaf, 0x10, 0x0, 0x0, 0x0,
    0xaf, 0x10, 0x0, 0x0, 0x0, 0xaf, 0x10, 0x0,
    0x0, 0x0, 0xaf, 0x10, 0x0, 0x0, 0x0, 0xaf,
    0x10, 0x0, 0x0, 0x0, 0xaf, 0x10, 0x0, 0x0,
    0x0, 0xaf, 0xaa, 0xaa, 0xaa, 0xa6, 0xaf, 0xff,
    0xff, 0xff, 0xfa,

    /* U+FF2D "Ｍ" */
    0xc, 0xb0, 0x0, 0x0, 0x0, 0x0, 0xb, 0xc1,
    0x1f, 0xf7, 0x0, 0x0, 0x0, 0x0, 0x7f, 0xf1,
    0x1f, 0xff, 0x10, 0x0, 0x0, 0x1, 0xff, 0xf1,
    0x1f, 0xef, 0xa0, 0x0, 0x0, 0xa, 0xfe, 0xf1,
    0x1f, 0xaa, 0xf4, 0x0, 0x0, 0x3f, 0xba, 0xf1,
    0x1f, 0xa1, 0xfd, 0x0, 0x0, 0xdf, 0x2a, 0xf1,
    0x1f, 0xa0, 0x7f, 0x70, 0x6, 0xf7, 0xa, 0xf1,
    0x1f, 0xa0, 0xd, 0xf1, 0x1e, 0xd0, 0xa, 0xf1,
    0x1f, 0xa0, 0x4, 0xfa, 0x9f, 0x40, 0xa, 0xf1,
    0x1f, 0xa0, 0x0, 0xaf, 0xfb, 0x0, 0xa, 0xf1,
    0x1f, 0xa0, 0x0, 0x1f, 0xf2, 0x0, 0xa, 0xf1,
    0x1f, 0xa0, 0x0, 0x4, 0x40, 0x0, 0xa, 0xf1,
    0x1f, 0xa0, 0x0, 0x0, 0x0, 0x0, 0xa, 0xf1,
    0x1f, 0xa0, 0x0, 0x0, 0x0, 0x0, 0xa, 0xf1,
    0x1f, 0xa0, 0x0, 0x0, 0x0, 0x0, 0xa, 0xf1,

    /* U+FF2E "Ｎ" */
    0x8c, 0x40, 0x0, 0x0, 0x0, 0xba, 0xbf, 0xe0,
    0x0, 0x0, 0x0, 0xed, 0xbf, 0xf9, 0x0, 0x0,
    0x0, 0xed, 0xbf, 0xbf, 0x40, 0x0, 0x0, 0xed,
    0xbf, 0x2e, 0xe1, 0x0, 0x0, 0xed, 0xbf, 0x5,
    0xfa, 0x0, 0x0, 0xed, 0xbf, 0x0, 0xbf, 0x50,
    0x0, 0xed, 0xbf, 0x0, 0x1e, 0xe1, 0x0, 0xed,
    0xbf, 0x0, 0x5, 0xfb, 0x0, 0xed, 0xbf, 0x0,
    0x0, 0xaf, 0x60, 0xed, 0xbf, 0x0, 0x0, 0x1e,
    0xf1, 0xed, 0xbf, 0x0, 0x0, 0x4, 0xfb, 0xed,
    0xbf, 0x0, 0x0, 0x0, 0xaf, 0xfd, 0xbf, 0x0,
    0x0, 0x0, 0x1e, 0xfd, 0xbf, 0x0, 0x0, 0x0,
    0x4, 0xfd,

    /* U+FF2F "Ｏ" */
    0x0, 0x0, 0x0, 0x0, 0x0, 0x0, 0x0, 0x0,
    0x1, 0x8d, 0xff, 0xea, 0x30, 0x0, 0x0, 0x4e,
    0xfd, 0xa9, 0xcf, 0xf8, 0x0, 0x2, 0xff, 0x60,
    0x0, 0x2, 0xdf, 0x70, 0xb, 0xf5, 0x0, 0x0,
    0x0, 0x1e, 0xf1, 0x1f, 0xc0, 0x0, 0x0, 0x0,
    0x7, 0xf6, 0x5f, 0x70, 0x0, 0x0, 0x0, 0x2,
    0xfb, 0x7f, 0x50, 0x0, 0x0, 0x0, 0x0, 0xfc,
    0x8f, 0x40, 0x0, 0x0, 0x0, 0x0, 0xee, 0x7f,
    0x50, 0x0, 0x0, 0x0, 0x0, 0xfd, 0x5f, 0x70,
    0x0, 0x0, 0x0, 0x1, 0xfb, 0x1f, 0xc0, 0x0,
    0x0, 0x0, 0x6, 0xf7, 0xb, 0xf4, 0x0, 0x0,
    0x0, 0xe, 0xf1, 0x2, 0xff, 0x40, 0x0, 0x1,
    0xcf, 0x70, 0x0, 0x5f, 0xfc, 0x98, 0xbf, 0xf9,
    0x0, 0x0, 0x2, 0x9e, 0xff, 0xfb, 0x50, 0x0,
    0x0, 0x0, 0x0, 0x11, 0x0, 0x0, 0x0,

    /* U+FF30 "Ｐ" */
    0xb, 0xbb, 0xbb, 0xa8, 0x40, 0x0, 0x1f, 0xff,
    0xff, 0xff, 0xfc, 0x0, 0x1f, 0xa0, 0x0, 0x3,
    0xbf, 0xa0, 0x1f, 0xa0, 0x0, 0x0, 0xe, 0xf0,
    0x1f, 0xa0, 0x0, 0x0, 0xa, 0xf2, 0x1f, 0xa0,
    0x0, 0x0, 0xc, 0xf1, 0x1f, 0xa0, 0x0, 0x0,
    0x5f, 0xd0, 0x1f, 0xd8, 0x88, 0x9c, 0xff, 0x40,
    0x1f, 0xff, 0xff, 0xff, 0xb3, 0x0, 0x1f, 0xa1,
    0x11, 0x10, 0x0, 0x0, 0x1f, 0xa0, 0x0, 0x0,
    0x0, 0x0, 0x1f, 0xa0, 0x0, 0x0, 0x0, 0x0,
    0x1f, 0xa0, 0x0, 0x0, 0x0, 0x0, 0x1f, 0xa0,
    0x0, 0x0, 0x0, 0x0, 0x1f, 0xa0, 0x0, 0x0,
    0x0, 0x0, 0x1, 0x10, 0x0, 0x0, 0x0, 0x0,

    /* U+FF31 "Ｑ" */
    0x0, 0x0, 0x0, 0x0, 0x0, 0x0, 0x0, 0x0,
    0x1, 0x8d, 0xff, 0xea, 0x30, 0x0, 0x0, 0x4e,
    0xfd, 0xa9, 0xcf, 0xf7, 0x0, 0x2, 0xff, 0x50,
    0x0, 0x2, 0xdf, 0x60, 0xb, 0xf5, 0x0, 0x0,
    0x0, 0x1f, 0xf1, 0x1f, 0xc0, 0x0, 0x0, 0x0,
    0x7, 0xf6, 0x6f, 0x70, 0x0, 0x0, 0x0, 0x2,
    0xfa, 0x7f, 0x40, 0x0, 0x0, 0x0, 0x0, 0xfc,
    0x8f, 0x30, 0x0, 0x0, 0x0, 0x0, 0xfd, 0x7f,
    0x40, 0x0, 0x0, 0x0, 0x0, 0xfc, 0x6f, 0x60,
    0x0, 0x0, 0x0, 0x2, 0xfa, 0x2f, 0xb0, 0x0,
    0x0, 0x38, 0x7, 0xf6, 0xc, 0xf4, 0x0, 0x0,
    0xcf, 0x8e, 0xf1, 0x3, 0xfe, 0x40, 0x0, 0x1e,
    0xff, 0x70, 0x0, 0x5f, 0xfc, 0x98, 0xbf, 0xff,
    0x30, 0x0, 0x2, 0x9f, 0xff, 0xfb, 0x7f, 0xe1,
    0x0, 0x0, 0x0, 0x11, 0x0, 0x6, 0xf9, 0x0,
    0x0, 0x0, 0x0, 0x0, 0x0, 0x50,

    /* U+FF32 "Ｒ" */
    0xb, 0xbb, 0xbb, 0xa8, 0x30, 0x0, 0x1f, 0xff,
    0xff, 0xff, 0xf9, 0x0, 0x1f, 0xa0, 0x0, 0x4,
    0xdf, 0x70, 0x1f, 0xa0, 0x0, 0x0, 0x1f, 0xd0,
    0x1f, 0xa0, 0x0, 0x0, 0xe, 0xe0, 0x1f, 0xa0,
    0x0, 0x0, 0x1f, 0xc0, 0x1f, 0xa0, 0x0, 0x3,
    0xcf, 0x70, 0x1f, 0xff, 0xff, 0xff, 0xfa, 0x0,
    0x1f, 0xeb, 0xbb, 0xfd, 0x30, 0x0, 0x1f, 0xa0,
    0x0, 0xbf, 0x30, 0x0, 0x1f, 0xa0, 0x0, 0x2f,
    0xd0, 0x0, 0x1f, 0xa0, 0x0, 0x8, 0xf6, 0x0,
    0x1f, 0xa0, 0x0, 0x0, 0xef, 0x10, 0x1f, 0xa0,
    0x0, 0x0, 0x5f, 0xa0, 0x1f, 0xa0, 0x0, 0x0,
    0xc, 0xf4, 0x1, 0x10, 0x0, 0x0, 0x0, 0x11,

    /* U+FF33 "Ｓ" */
    0x0, 0x0, 0x0, 0x0, 0x0, 0x0, 0x0, 0x6,
    0xcf, 0xff, 0xb4, 0x0, 0x0, 0xbf, 0xe9, 0x8b,
    0xff, 0x70, 0x6, 0xfa, 0x0, 0x0, 0x2c, 0xf2,
    0xb, 0xf1, 0x0, 0x0, 0x1, 0x20, 0xb, 0xf1,
    0x0, 0x0, 0x0, 0x0, 0x7, 0xfb, 0x0, 0x0,
    0x0, 0x0, 0x0, 0xbf, 0xe9, 0x40, 0x0, 0x0,
    0x0, 0x5, 0xcf, 0xff, 0xa3, 0x0, 0x0, 0x0,
    0x1, 0x6b, 0xff, 0x70, 0x0, 0x0, 0x0, 0x0,
    0x3e, 0xf2, 0x0, 0x0, 0x0, 0x0, 0x5, 0xf7,
    0x2, 0x50, 0x0, 0x0, 0x5, 0xf7, 0xd, 0xf6,
    0x0, 0x0, 0x1c, 0xf3, 0x2, 0xef, 0xd8, 0x79,
    0xef, 0x90, 0x0, 0x18, 0xef, 0xff, 0xc6, 0x0,
    0x0, 0x0, 0x0, 0x10, 0x0, 0x0,

    /* U+FF34 "Ｔ" */
    0x2b, 0xbb, 0xbb, 0xbb, 0xbb, 0xba, 0x3f, 0xff,
    0xff, 0xff, 0xff, 0xfe, 0x0, 0x0, 0x8, 0xf3,
    0x0, 0x0, 0x0, 0x0, 0x8, 0xf3, 0x0, 0x0,
    0x0, 0x0, 0x8, 0xf3, 0x0, 0x0, 0x0, 0x0,
    0x8, 0xf3, 0x0, 0x0, 0x0, 0x0, 0x8, 0xf3,
    0x0, 0x0, 0x0, 0x0, 0x8, 0xf3, 0x0, 0x0,
    0x0, 0x0, 0x8, 0xf3, 0x0, 0x0, 0x0, 0x0,
    0x8, 0xf3, 0x0, 0x0, 0x0, 0x0, 0x8, 0xf3,
    0x0, 0x0, 0x0, 0x0, 0x8, 0xf3, 0x0, 0x0,
    0x0, 0x0, 0x8, 0xf3, 0x0, 0x0, 0x0, 0x0,
    0x8, 0xf3, 0x0, 0x0, 0x0, 0x0, 0x8, 0xf3,
    0x0, 0x0, 0x0, 0x0, 0x0, 0x10, 0x0, 0x0,

    /* U+FF35 "Ｕ" */
    0x9f, 0x10, 0x0, 0x0, 0x9, 0xf1, 0xaf, 0x10,
    0x0, 0x0, 0xa, 0xf1, 0xaf, 0x10, 0x0, 0x0,
    0xa, 0xf1, 0xaf, 0x10, 0x0, 0x0, 0xa, 0xf1,
    0xaf, 0x10, 0x0, 0x0, 0xa, 0xf1, 0xaf, 0x10,
    0x0, 0x0, 0xa, 0xf1, 0xaf, 0x10, 0x0, 0x0,
    0xa, 0xf1, 0xaf, 0x10, 0x0, 0x0, 0xa, 0xf1,
    0xaf, 0x10, 0x0, 0x0, 0xa, 0xf1, 0x9f, 0x20,
    0x0, 0x0, 0xb, 0xf0, 0x8f, 0x40, 0x0, 0x0,
    0xd, 0xf0, 0x4f, 0x90, 0x0, 0x0, 0x2f, 0xc0,
    0xe, 0xf4, 0x0, 0x0, 0xcf, 0x50, 0x3, 0xff,
    0xb8, 0x9e, 0xfa, 0x0, 0x0, 0x2b, 0xff, 0xfd,
    0x60, 0x0, 0x0, 0x0, 0x1, 0x0, 0x0, 0x0,

    /* U+FF36 "Ｖ" */
    0x1c, 0x90, 0x0, 0x0, 0x0, 0x6, 0xc4, 0xd,
    0xf1, 0x0, 0x0, 0x0, 0xd, 0xf0, 0x7, 0xf6,
    0x0, 0x0, 0x0, 0x3f, 0xa0, 0x1, 0xfc, 0x0,
    0x0, 0x0, 0x9f, 0x40, 0x0, 0xbf, 0x20, 0x0,
    0x0, 0xee, 0x0, 0x0, 0x5f, 0x70, 0x0, 0x4,
    0xf8, 0x0, 0x0, 0xe, 0xd0, 0x0, 0xa, 0xf2,
    0x0, 0x0, 0x9, 0xf3, 0x0, 0xf, 0xc0, 0x0,
    0x0, 0x3, 0xf9, 0x0, 0x6f, 0x60, 0x0, 0x0,
    0x0, 0xde, 0x0, 0xcf, 0x10, 0x0, 0x0, 0x0,
    0x7f, 0x52, 0xfa, 0x0, 0x0, 0x0, 0x0, 0x1f,
    0xa7, 0xf4, 0x0, 0x0, 0x0, 0x0, 0xb, 0xfe,
    0xe0, 0x0, 0x0, 0x0, 0x0, 0x5, 0xff, 0x80,
    0x0, 0x0, 0x0, 0x0, 0x0, 0xff, 0x20, 0x0,
    0x0,

    /* U+FF37 "Ｗ" */
    0x2c, 0x70, 0x0, 0x0, 0xc, 0xc0, 0x0, 0x0,
    0x6, 0xc2, 0xe, 0xc0, 0x0, 0x0, 0x3f, 0xf4,
    0x0, 0x0, 0xc, 0xf0, 0xa, 0xf1, 0x0, 0x0,
    0x8f, 0xf9, 0x0, 0x0, 0x1f, 0xb0, 0x6, 0xf5,
    0x0, 0x0, 0xdc, 0xcd, 0x0, 0x0, 0x5f, 0x60,
    0x1, 0xfa, 0x0, 0x1, 0xf8, 0x7f, 0x20, 0x0,
    0x9f, 0x20, 0x0, 0xde, 0x0, 0x6, 0xf3, 0x2f,
    0x70, 0x0, 0xed, 0x0, 0x0, 0x8f, 0x30, 0xa,
    0xe0, 0xe, 0xb0, 0x2, 0xf9, 0x0, 0x0, 0x4f,
    0x70, 0xf, 0xa0, 0x9, 0xf0, 0x7, 0xf4, 0x0,
    0x0, 0xf, 0xc0, 0x3f, 0x50, 0x5, 0xf4, 0xb,
    0xf0, 0x0, 0x0, 0xb, 0xf0, 0x8f, 0x10, 0x0,
    0xf9, 0xf, 0xc0, 0x0, 0x0, 0x7, 0xf4, 0xdc,
    0x0, 0x0, 0xbd, 0x4f, 0x70, 0x0, 0x0, 0x2,
    0xfb, 0xf7, 0x0, 0x0, 0x7f, 0xbf, 0x30, 0x0,
    0x0, 0x0, 0xef, 0xf2, 0x0, 0x0, 0x2f, 0xfe,
    0x0, 0x0, 0x0, 0x0, 0x9f, 0xe0, 0x0, 0x0,
    0xd, 0xfa, 0x0, 0x0, 0x0, 0x0, 0x5f, 0x90,
    0x0, 0x0, 0x9, 0xf5, 0x0, 0x0,

    /* U+FF38 "Ｘ" */
    0x2c, 0xa0, 0x0, 0x0, 0x5, 0xc7, 0x0, 0x9f,
    0x60, 0x0, 0x1, 0xee, 0x10, 0x0, 0xef, 0x20,
    0x0, 0xaf, 0x50, 0x0, 0x4, 0xfb, 0x0, 0x4f,
    0xa0, 0x0, 0x0, 0x9, 0xf6, 0xd, 0xe1, 0x0,
    0x0, 0x0, 0xe, 0xf9, 0xf5, 0x0, 0x0, 0x0,
    0x0, 0x4f, 0xfa, 0x0, 0x0, 0x0, 0x0, 0x1,
    0xff, 0x60, 0x0, 0x0, 0x0, 0x0, 0xbf, 0xee,
    0x10, 0x0, 0x0, 0x0, 0x5f, 0x95, 0xfa, 0x0,
    0x0, 0x0, 0x1e, 0xe1, 0xb, 0xf4, 0x0, 0x0,
    0x9, 0xf6, 0x0, 0x2f, 0xe0, 0x0, 0x3, 0xfc,
    0x0, 0x0, 0x7f, 0x90, 0x0, 0xdf, 0x30, 0x0,
    0x0, 0xdf, 0x30, 0x7f, 0x90, 0x0, 0x0, 0x3,
    0xfd, 0x0,

    /* U+FF39 "Ｙ" */
    0x8c, 0x40, 0x0, 0x0, 0x1, 0xca, 0x2, 0xfc,
    0x0, 0x0, 0x0, 0xaf, 0x50, 0x9, 0xf5, 0x0,
    0x0, 0x3f, 0xb0, 0x0, 0x1e, 0xe0, 0x0, 0xc,
    0xf2, 0x0, 0x0, 0x6f, 0x70, 0x5, 0xf9, 0x0,
    0x0, 0x0, 0xdf, 0x10, 0xde, 0x10, 0x0, 0x0,
    0x3, 0xf9, 0x6f, 0x60, 0x0, 0x0, 0x0, 0xa,
    0xff, 0xd0, 0x0, 0x0, 0x0, 0x0, 0x1f, 0xf4,
    0x0, 0x0, 0x0, 0x0, 0x0, 0xcf, 0x0, 0x0,
    0x0, 0x0, 0x0, 0xc, 0xf0, 0x0, 0x0, 0x0,
    0x0, 0x0, 0xcf, 0x0, 0x0, 0x0, 0x0, 0x0,
    0xc, 0xf0, 0x0, 0x0, 0x0, 0x0, 0x0, 0xcf,
    0x0, 0x0, 0x0, 0x0, 0x0, 0xc, 0xf0, 0x0,
    0x0, 0x0,

    /* U+FF3A "Ｚ" */
    0x9, 0xbb, 0xbb, 0xbb, 0xbb, 0xb2, 0xd, 0xff,
    0xff, 0xff, 0xff, 0xf2, 0x0, 0x0, 0x0, 0x0,
    0x7f, 0x90, 0x0, 0x0, 0x0, 0x2, 0xfe, 0x0,
    0x0, 0x0, 0x0, 0xc, 0xf4, 0x0, 0x0, 0x0,
    0x0, 0x7f, 0x80, 0x0, 0x0, 0x0, 0x3, 0xfd,
    0x0, 0x0, 0x0, 0x0, 0xd, 0xf3, 0x0, 0x0,
    0x0, 0x0, 0x8f, 0x80, 0x0, 0x0, 0x0, 0x3,
    0xfc, 0x0, 0x0, 0x0, 0x0, 0xd, 0xf2, 0x0,
    0x0, 0x0, 0x0, 0x9f, 0x70, 0x0, 0x0, 0x0,
    0x4, 0xfc, 0x0, 0x0, 0x0, 0x0, 0xe, 0xfc,
    0xaa, 0xaa, 0xaa, 0xa5, 0x1f, 0xff, 0xff, 0xff,
    0xff, 0xf8,

    /* U+FF3B "［" */
    0x8f, 0xff, 0xe9, 0xf9, 0x87, 0x9f, 0x10, 0x9,
    0xf1, 0x0, 0x9f, 0x10, 0x9, 0xf1, 0x0, 0x9f,
    0x10, 0x9, 0xf1, 0x0, 0x9f, 0x10, 0x9, 0xf1,
    0x0, 0x9f, 0x10, 0x9, 0xf1, 0x0, 0x9f, 0x10,
    0x9, 0xf1, 0x0, 0x9f, 0x10, 0x9, 0xf1, 0x0,
    0x9f, 0x87, 0x79, 0xff, 0xff,

    /* U+FF3C "＼" */
    0x19, 0x80, 0x0, 0x0, 0x0, 0x0, 0x0, 0x8,
    0xf7, 0x0, 0x0, 0x0, 0x0, 0x0, 0x0, 0xdf,
    0x20, 0x0, 0x0, 0x0, 0x0, 0x0, 0x3f, 0xc0,
    0x0, 0x0, 0x0, 0x0, 0x0, 0x8, 0xf7, 0x0,
    0x0, 0x0, 0x0, 0x0, 0x0, 0xdf, 0x20, 0x0,
    0x0, 0x0, 0x0, 0x0, 0x2f, 0xd0, 0x0, 0x0,
    0x0, 0x0, 0x0, 0x7, 0xf8, 0x0, 0x0, 0x0,
    0x0, 0x0, 0x0, 0xcf, 0x30, 0x0, 0x0, 0x0,
    0x0, 0x0, 0x2f, 0xd0, 0x0, 0x0, 0x0, 0x0,
    0x0, 0x7, 0xf8, 0x0, 0x0, 0x0, 0x0, 0x0,
    0x0, 0xcf, 0x30, 0x0, 0x0, 0x0, 0x0, 0x0,
    0x2f, 0xd0, 0x0, 0x0, 0x0, 0x0, 0x0, 0x6,
    0xf9, 0x0, 0x0, 0x0, 0x0, 0x0, 0x0, 0xbf,
    0x40, 0x0, 0x0, 0x0, 0x0, 0x0, 0x1e, 0xe1,

    /* U+FF3D "］" */
    0xef, 0xff, 0x87, 0x89, 0xf9, 0x0, 0x1f, 0x90,
    0x1, 0xf9, 0x0, 0x1f, 0x90, 0x1, 0xf9, 0x0,
    0x1f, 0x90, 0x1, 0xf9, 0x0, 0x1f, 0x90, 0x1,
    0xf9, 0x0, 0x1f, 0x90, 0x1, 0xf9, 0x0, 0x1f,
    0x90, 0x1, 0xf9, 0x0, 0x1f, 0x90, 0x1, 0xf9,
    0x77, 0x8f, 0x9f, 0xff, 0xf9,

    /* U+FF3E "＾" */
    0x0, 0x1f, 0xf2, 0x0, 0x0, 0xaf, 0xfb, 0x0,
    0x4, 0xf6, 0x6f, 0x40, 0xd, 0xc0, 0xc, 0xd0,
    0x7f, 0x30, 0x3, 0xf7, 0x44, 0x0, 0x0, 0x44,

    /* U+FF3F "＿" */
    0x88, 0x88, 0x88, 0x88, 0x88, 0x88, 0x88, 0x88,
    0x88, 0x88, 0xff, 0xff, 0xff, 0xff, 0xff, 0xff,
    0xff, 0xff, 0xff, 0xff, 0x0, 0x0, 0x0, 0x0,
    0x0, 0x0, 0x0, 0x0, 0x0, 0x0,

    /* U+FF40 "｀" */
    0x0, 0x10, 0x0, 0xcc, 0x0, 0x6, 0xf8, 0x0,
    0x6, 0xf2, 0x0, 0x2, 0x0,

    /* U+FF41 "ａ" */
    0x0, 0x18, 0xcd, 0xb6, 0x0, 0x3, 0xef, 0xca,
    0xef, 0xa0, 0x1, 0x93, 0x0, 0xa, 0xf4, 0x0,
    0x0, 0x0, 0x2, 0xf8, 0x0, 0x1, 0x56, 0x78,
    0xf8, 0x0, 0x9f, 0xff, 0xff, 0xf9, 0xa, 0xfa,
    0x41, 0x2, 0xf9, 0x1f, 0xb0, 0x0, 0x3, 0xf9,
    0x2f, 0x90, 0x0, 0xa, 0xf9, 0xe, 0xf6, 0x24,
    0xbd, 0xf9, 0x3, 0xef, 0xff, 0xc3, 0xf9, 0x0,
    0x3, 0x53, 0x0, 0x10,

    /* U+FF42 "ｂ" */
    0x9b, 0x0, 0x0, 0x0, 0x0, 0xbe, 0x0, 0x0,
    0x0, 0x0, 0xbe, 0x0, 0x0, 0x0, 0x0, 0xbe,
    0x0, 0x0, 0x0, 0x0, 0xbe, 0x5, 0xbd, 0xa4,
    0x0, 0xbe, 0x9f, 0xcd, 0xff, 0x60, 0xbf, 0xe3,
    0x0, 0x3e, 0xf2, 0xbf, 0x50, 0x0, 0x5, 0xf8,
    0xbf, 0x0, 0x0, 0x0, 0xfc, 0xbd, 0x0, 0x0,
    0x0, 0xdd, 0xbe, 0x0, 0x0, 0x0, 0xec, 0xbf,
    0x30, 0x0, 0x3, 0xf8, 0xbf, 0xc0, 0x0, 0x1c,
    0xf3, 0xbf, 0xce, 0x89, 0xef, 0x80, 0xac, 0x1a,
    0xff, 0xe7, 0x0, 0x0, 0x0, 0x1, 0x0, 0x0,

    /* U+FF43 "ｃ" */
    0x0, 0x7, 0xbd, 0xb5, 0x0, 0x1, 0xdf, 0xdb,
    0xef, 0xa0, 0xb, 0xf6, 0x0, 0x8, 0xe2, 0x2f,
    0xb0, 0x0, 0x0, 0x0, 0x5f, 0x60, 0x0, 0x0,
    0x0, 0x7f, 0x40, 0x0, 0x0, 0x0, 0x6f, 0x50,
    0x0, 0x0, 0x0, 0x3f, 0x90, 0x0, 0x0, 0x0,
    0xd, 0xf2, 0x0, 0x4, 0xa1, 0x3, 0xff, 0x97,
    0xaf, 0xd1, 0x0, 0x3b, 0xff, 0xfa, 0x10, 0x0,
    0x0, 0x1, 0x0, 0x0,

    /* U+FF44 "ｄ" */
    0x0, 0x0, 0x0, 0x0, 0xb9, 0x0, 0x0, 0x0,
    0x0, 0xeb, 0x0, 0x0, 0x0, 0x0, 0xeb, 0x0,
    0x0, 0x0, 0x0, 0xeb, 0x0, 0x3a, 0xdc, 0x50,
    0xeb, 0x5, 0xff, 0xdd, 0xf9, 0xeb, 0x1f, 0xf4,
    0x0, 0x3e, 0xfb, 0x7f, 0x60, 0x0, 0x5, 0xfb,
    0xbf, 0x0, 0x0, 0x0, 0xfb, 0xce, 0x0, 0x0,
    0x0, 0xeb, 0xbf, 0x0, 0x0, 0x0, 0xfb, 0x8f,
    0x40, 0x0, 0x3, 0xfb, 0x2f, 0xd1, 0x0, 0xc,
    0xfb, 0x8, 0xfe, 0x98, 0xdc, 0xfb, 0x0, 0x6e,
    0xff, 0xa1, 0xca, 0x0, 0x0, 0x10, 0x0, 0x0,

    /* U+FF45 "ｅ" */
    0x0, 0x29, 0xdd, 0xb4, 0x0, 0x3, 0xff, 0xbb,
    0xef, 0x80, 0xe, 0xe2, 0x0, 0xb, 0xf3, 0x5f,
    0x60, 0x0, 0x3, 0xf8, 0x8f, 0x87, 0x77, 0x78,
    0xfa, 0xaf, 0xff, 0xff, 0xff, 0xf9, 0x9f, 0x30,
    0x0, 0x0, 0x0, 0x7f, 0x60, 0x0, 0x0, 0x0,
    0x2f, 0xd0, 0x0, 0x2, 0x80, 0x9, 0xfc, 0x42,
    0x6e, 0xf2, 0x0, 0x8f, 0xff, 0xfe, 0x40, 0x0,
    0x1, 0x45, 0x30, 0x0,

    /* U+FF46 "ｆ" */
    0x0, 0x0, 0x0, 0x0, 0x0, 0x4, 0xdf, 0xf1,
    0x0, 0x1f, 0xf8, 0x81, 0x0, 0x6f, 0x50, 0x0,
    0x0, 0x7f, 0x20, 0x0, 0x9, 0xcf, 0xa9, 0x90,
    0x1f, 0xff, 0xff, 0xf0, 0x0, 0x8f, 0x20, 0x0,
    0x0, 0x8f, 0x20, 0x0, 0x0, 0x8f, 0x20, 0x0,
    0x0, 0x8f, 0x20, 0x0, 0x0, 0x8f, 0x20, 0x0,
    0x0, 0x8f, 0x20, 0x0, 0x0, 0x8f, 0x20, 0x0,
    0x0, 0x8f, 0x20, 0x0, 0x0, 0x8f, 0x20, 0x0,

    /* U+FF47 "ｇ" */
    0x0, 0x3a, 0xdc, 0x50, 0x86, 0x6, 0xff, 0xdd,
    0xf9, 0xeb, 0x1f, 0xe4, 0x0, 0x3e, 0xfb, 0x7f,
    0x60, 0x0, 0x5, 0xfb, 0xbf, 0x0, 0x0, 0x0,
    0xfb, 0xce, 0x0, 0x0, 0x0, 0xeb, 0xbf, 0x0,
    0x0, 0x0, 0xfb, 0x7f, 0x40, 0x0, 0x3, 0xfb,
    0x2f, 0xd1, 0x0, 0xc, 0xfb, 0x7, 0xff, 0xa9,
    0xec, 0xfb, 0x0, 0x6d, 0xff, 0x90, 0xfb, 0x0,
    0x0, 0x0, 0x1, 0xfa, 0x6, 0x20, 0x0, 0x7,
    0xf6, 0x2f, 0xe6, 0x22, 0x7f, 0xe0, 0x4, 0xef,
    0xff, 0xfd, 0x30, 0x0, 0x4, 0x67, 0x40, 0x0,

    /* U+FF48 "ｈ" */
    0x7c, 0x0, 0x0, 0x0, 0x0, 0x9f, 0x10, 0x0,
    0x0, 0x0, 0x9f, 0x10, 0x0, 0x0, 0x0, 0x9f,
    0x10, 0x0, 0x0, 0x0, 0x9f, 0x15, 0xbd, 0xb4,
    0x0, 0x9f, 0x9f, 0xbc, 0xff, 0x30, 0x9f, 0xd1,
    0x0, 0x5f, 0xc0, 0x9f, 0x50, 0x0, 0xc, 0xf0,
    0x9f, 0x10, 0x0, 0x9, 0xf1, 0x9f, 0x10, 0x0,
    0x9, 0xf1, 0x9f, 0x10, 0x0, 0x9, 0xf1, 0x9f,
    0x10, 0x0, 0x9, 0xf1, 0x9f, 0x10, 0x0, 0x9,
    0xf1, 0x9f, 0x10, 0x0, 0x9, 0xf1, 0x9f, 0x10,
    0x0, 0x9, 0xf1,

    /* U+FF49 "ｉ" */
    0x0, 0x0, 0xd, 0xe1, 0xe, 0xf1, 0x1, 0x10,
    0x0, 0x0, 0x6, 0x80, 0xb, 0xe0, 0xb, 0xe0,
    0xb, 0xe0, 0xb, 0xe0, 0xb, 0xe0, 0xb, 0xe0,
    0xb, 0xe0, 0xb, 0xe0, 0xb, 0xe0, 0xb, 0xe0,

    /* U+FF4A "ｊ" */
    0x0, 0x0, 0x0, 0x0, 0xd, 0xe1, 0x0, 0xe,
    0xf1, 0x0, 0x1, 0x10, 0x0, 0x0, 0x0, 0x0,
    0x6, 0x80, 0x0, 0xb, 0xe0, 0x0, 0xb, 0xe0,
    0x0, 0xb, 0xe0, 0x0, 0xb, 0xe0, 0x0, 0xb,
    0xe0, 0x0, 0xb, 0xe0, 0x0, 0xb, 0xe0, 0x0,
    0xb, 0xe0, 0x0, 0xb, 0xe0, 0x0, 0xb, 0xe0,
    0x0, 0xb, 0xe0, 0x0, 0xd, 0xe0, 0x11, 0x6f,
    0xb0, 0x7f, 0xff, 0x30, 0x26, 0x62, 0x0,

    /* U+FF4B "ｋ" */
    0xc, 0x70, 0x0, 0x0, 0x0, 0x1f, 0x90, 0x0,
    0x0, 0x0, 0x1f, 0x90, 0x0, 0x0, 0x0, 0x1f,
    0x90, 0x0, 0x0, 0x0, 0x1f, 0x90, 0x0, 0x29,
    0x80, 0x1f, 0x90, 0x2, 0xef, 0x30, 0x1f, 0x90,
    0x1d, 0xf3, 0x0, 0x1f, 0x91, 0xdf, 0x40, 0x0,
    0x1f, 0xad, 0xf7, 0x0, 0x0, 0x1f, 0xff, 0xfe,
    0x0, 0x0, 0x1f, 0xf5, 0x7f, 0x90, 0x0, 0x1f,
    0x90, 0xc, 0xf3, 0x0, 0x1f, 0x90, 0x3, 0xfd,
    0x0, 0x1f, 0x90, 0x0, 0x8f, 0x80, 0x1f, 0x90,
    0x0, 0xd, 0xf2,

    /* U+FF4C "ｌ" */
    0x7c, 0x0, 0x9f, 0x10, 0x9f, 0x10, 0x9f, 0x10,
    0x9f, 0x10, 0x9f, 0x10, 0x9f, 0x10, 0x9f, 0x10,
    0x9f, 0x10, 0x9f, 0x10, 0x9f, 0x10, 0x9f, 0x10,
    0x9f, 0x10, 0x8f, 0xa3, 0x2d, 0xf6, 0x0, 0x0,

    /* U+FF4D "ｍ" */
    0x59, 0x5, 0xcd, 0x80, 0x3, 0xad, 0xc6, 0x0,
    0x9f, 0x9e, 0xbd, 0xf9, 0x4f, 0xdb, 0xff, 0x60,
    0x9f, 0xd1, 0x0, 0xaf, 0xe7, 0x0, 0x2f, 0xe0,
    0x9f, 0x40, 0x0, 0x2f, 0xe0, 0x0, 0x9, 0xf2,
    0x9f, 0x10, 0x0, 0xf, 0xb0, 0x0, 0x7, 0xf3,
    0x9f, 0x10, 0x0, 0xf, 0xb0, 0x0, 0x6, 0xf3,
    0x9f, 0x10, 0x0, 0xf, 0xb0, 0x0, 0x6, 0xf3,
    0x9f, 0x10, 0x0, 0xf, 0xb0, 0x0, 0x6, 0xf3,
    0x9f, 0x10, 0x0, 0xf, 0xb0, 0x0, 0x6, 0xf3,
    0x9f, 0x10, 0x0, 0xf, 0xb0, 0x0, 0x6, 0xf3,
    0x9f, 0x10, 0x0, 0xf, 0xb0, 0x0, 0x6, 0xf3,

    /* U+FF4E "ｎ" */
    0x59, 0x5, 0xbd, 0xb4, 0x0, 0x9f, 0x9f, 0xbc,
    0xff, 0x30, 0x9f, 0xd1, 0x0, 0x5f, 0xc0, 0x9f,
    0x50, 0x0, 0xc, 0xf0, 0x9f, 0x10, 0x0, 0x9,
    0xf1, 0x9f, 0x10, 0x0, 0x9, 0xf1, 0x9f, 0x10,
    0x0, 0x9, 0xf1, 0x9f, 0x10, 0x0, 0x9, 0xf1,
    0x9f, 0x10, 0x0, 0x9, 0xf1, 0x9f, 0x10, 0x0,
    0x9, 0xf1, 0x9f, 0x10, 0x0, 0x9, 0xf1,

    /* U+FF4F "ｏ" */
    0x0, 0x3a, 0xcd, 0xa3, 0x0, 0x5, 0xff, 0xbb,
    0xff, 0x50, 0x2f, 0xd2, 0x0, 0x2d, 0xf1, 0x8f,
    0x50, 0x0, 0x5, 0xf7, 0xbf, 0x0, 0x0, 0x0,
    0xfb, 0xde, 0x0, 0x0, 0x0, 0xed, 0xcf, 0x0,
    0x0, 0x0, 0xfc, 0x9f, 0x30, 0x0, 0x3, 0xf9,
    0x3f, 0xb0, 0x0, 0xb, 0xf3, 0x9, 0xfd, 0x77,
    0xdf, 0x90, 0x0, 0x7e, 0xff, 0xe7, 0x0, 0x0,
    0x0, 0x11, 0x0, 0x0,

    /* U+FF50 "ｐ" */
    0x0, 0x0, 0x0, 0x0, 0x0, 0x8b, 0x8, 0xef,
    0xd6, 0x0, 0xbf, 0xbf, 0xab, 0xff, 0x80, 0xbf,
    0xd1, 0x0, 0x1d, 0xf3, 0xbf, 0x40, 0x0, 0x4,
    0xf9, 0xbf, 0x0, 0x0, 0x0, 0xec, 0xbd, 0x0,
    0x0, 0x0, 0xdd, 0xbf, 0x0, 0x0, 0x0, 0xec,
    0xbf, 0x30, 0x0, 0x3, 0xf8, 0xbf, 0xc0, 0x0,
    0x1c, 0xf2, 0xbf, 0xce, 0x89, 0xef, 0x80, 0xbe,
    0x1a, 0xff, 0xe7, 0x0, 0xbe, 0x0, 0x1, 0x0,
    0x0, 0xbe, 0x0, 0x0, 0x0, 0x0, 0xbe, 0x0,
    0x0, 0x0, 0x0, 0xbe, 0x0, 0x0, 0x0, 0x0,
    0x0, 0x0, 0x0, 0x0, 0x0,

    /* U+FF51 "ｑ" */
    0x0, 0x0, 0x0, 0x0, 0x0, 0x0, 0x5c, 0xfe,
    0x70, 0xb8, 0x7, 0xff, 0xbb, 0xfb, 0xfb, 0x2f,
    0xe2, 0x0, 0x1d, 0xfb, 0x8f, 0x50, 0x0, 0x4,
    0xfb, 0xbf, 0x0, 0x0, 0x0, 0xfb, 0xce, 0x0,
    0x0, 0x0, 0xeb, 0xbf, 0x0, 0x0, 0x0, 0xfb,
    0x7f, 0x40, 0x0, 0x3, 0xfb, 0x2f, 0xd1, 0x0,
    0xc, 0xfb, 0x7, 0xfe, 0x98, 0xdd, 0xfb, 0x0,
    0x6e, 0xff, 0xa1, 0xeb, 0x0, 0x0, 0x10, 0x0,
    0xeb, 0x0, 0x0, 0x0, 0x0, 0xeb, 0x0, 0x0,
    0x0, 0x0, 0xeb, 0x0, 0x0, 0x0, 0x0, 0xeb,
    0x0, 0x0, 0x0, 0x0, 0x0,

    /* U+FF52 "ｒ" */
    0x87, 0x3, 0xac, 0xec, 0x6f, 0xfe, 0xee, 0xe6,
    0x10, 0xef, 0x30, 0x0, 0xed, 0x0, 0x0, 0xec,
    0x0, 0x0, 0xec, 0x0, 0x0, 0xec, 0x0, 0x0,
    0xec, 0x0, 0x0, 0xec, 0x0, 0x0, 0xec, 0x0,
    0x0,

    /* U+FF53 "ｓ" */
    0x0, 0x29, 0xcd, 0xa3, 0x0, 0x3, 0xff, 0xbb,
    0xff, 0x60, 0xa, 0xf2, 0x0, 0x1c, 0xc0, 0xb,
    0xf1, 0x0, 0x1, 0x0, 0x6, 0xfd, 0x50, 0x0,
    0x0, 0x0, 0x7f, 0xff, 0xb4, 0x0, 0x0, 0x0,
    0x5a, 0xff, 0x70, 0x0, 0x0, 0x0, 0x1e, 0xf0,
    0x5, 0x80, 0x0, 0xa, 0xf0, 0xb, 0xfa, 0x32,
    0x6f, 0xc0, 0x0, 0xaf, 0xff, 0xfc, 0x20, 0x0,
    0x1, 0x45, 0x30, 0x0,

    /* U+FF54 "ｔ" */
    0x0, 0x7d, 0x10, 0x0, 0x0, 0x9f, 0x10, 0x0,
    0x0, 0x9f, 0x10, 0x0, 0x29, 0xdf, 0xa9, 0x91,
    0x3f, 0xff, 0xff, 0xf2, 0x0, 0x9f, 0x10, 0x0,
    0x0, 0x9f, 0x10, 0x0, 0x0, 0x9f, 0x10, 0x0,
    0x0, 0x9f, 0x10, 0x0, 0x0, 0x9f, 0x10, 0x0,
    0x0, 0x9f, 0x10, 0x0, 0x0, 0x8f, 0x20, 0x0,
    0x0, 0x5f, 0xb3, 0x30, 0x0, 0xb, 0xff, 0xe0,
    0x0, 0x0, 0x36, 0x40,

    /* U+FF55 "ｕ" */
    0x48, 0x0, 0x0, 0x4, 0x80, 0x9f, 0x10, 0x0,
    0x9, 0xf1, 0x9f, 0x10, 0x0, 0x9, 0xf1, 0x9f,
    0x10, 0x0, 0x9, 0xf1, 0x9f, 0x10, 0x0, 0x9,
    0xf1, 0x9f, 0x10, 0x0, 0x9, 0xf1, 0x9f, 0x10,
    0x0, 0x9, 0xf1, 0x8f, 0x20, 0x0, 0xb, 0xf1,
    0x6f, 0x70, 0x0, 0x1f, 0xf1, 0x1f, 0xf6, 0x35,
    0xde, 0xf1, 0x5, 0xff, 0xff, 0x79, 0xf1, 0x0,
    0x15, 0x51, 0x0, 0x10,

    /* U+FF56 "ｖ" */
    0x88, 0x0, 0x0, 0x0, 0x87, 0x9f, 0x30, 0x0,
    0x3, 0xf8, 0x2f, 0x90, 0x0, 0x9, 0xf2, 0xc,
    0xe0, 0x0, 0xe, 0xc0, 0x6, 0xf5, 0x0, 0x5f,
    0x50, 0x1, 0xfa, 0x0, 0xbf, 0x0, 0x0, 0xaf,
    0x11, 0xf9, 0x0, 0x0, 0x4f, 0x66, 0xf3, 0x0,
    0x0, 0xe, 0xcc, 0xd0, 0x0, 0x0, 0x8, 0xff,
    0x60, 0x0, 0x0, 0x2, 0xff, 0x10, 0x0,

    /* U+FF57 "ｗ" */
    0x79, 0x0, 0x0, 0x9, 0x90, 0x0, 0x0, 0x97,
    0x7f, 0x50, 0x0, 0x3f, 0xf3, 0x0, 0x4, 0xf7,
    0x2f, 0x90, 0x0, 0x8f, 0xf8, 0x0, 0x9, 0xf2,
    0xd, 0xe0, 0x0, 0xdb, 0xad, 0x0, 0xe, 0xd0,
    0x7, 0xf3, 0x1, 0xf6, 0x6f, 0x20, 0x3f, 0x80,
    0x2, 0xf8, 0x6, 0xf1, 0x1f, 0x70, 0x8f, 0x20,
    0x0, 0xdd, 0xb, 0xd0, 0xc, 0xb0, 0xcd, 0x0,
    0x0, 0x7f, 0x2f, 0x80, 0x7, 0xf2, 0xf8, 0x0,
    0x0, 0x2f, 0xcf, 0x30, 0x3, 0xfc, 0xf2, 0x0,
    0x0, 0xd, 0xfe, 0x0, 0x0, 0xef, 0xd0, 0x0,
    0x0, 0x7, 0xfa, 0x0, 0x0, 0x9f, 0x80, 0x0,

    /* U+FF58 "ｘ" */
    0x29, 0x60, 0x0, 0x4, 0x94, 0xb, 0xf4, 0x0,
    0x1e, 0xd0, 0x1, 0xed, 0x0, 0xaf, 0x30, 0x0,
    0x4f, 0x94, 0xf8, 0x0, 0x0, 0x9, 0xfe, 0xc0,
    0x0, 0x0, 0x1, 0xff, 0x30, 0x0, 0x0, 0x9,
    0xff, 0xa0, 0x0, 0x0, 0x4f, 0x99, 0xf5, 0x0,
    0x1, 0xee, 0x0, 0xde, 0x10, 0xb, 0xf4, 0x0,
    0x4f, 0xb0, 0x6f, 0x90, 0x0, 0x9, 0xf6,

    /* U+FF59 "ｙ" */
    0x8, 0x80, 0x0, 0x0, 0x8, 0x80, 0xa, 0xf3,
    0x0, 0x0, 0x3f, 0xa0, 0x3, 0xf9, 0x0, 0x0,
    0x9f, 0x30, 0x0, 0xde, 0x0, 0x0, 0xed, 0x0,
    0x0, 0x7f, 0x50, 0x5, 0xf6, 0x0, 0x0, 0x1f,
    0xa0, 0xb, 0xf1, 0x0, 0x0, 0xb, 0xf1, 0x1f,
    0xa0, 0x0, 0x0, 0x5, 0xf6, 0x7f, 0x30, 0x0,
    0x0, 0x0, 0xec, 0xdd, 0x0, 0x0, 0x0, 0x0,
    0x9f, 0xf6, 0x0, 0x0, 0x0, 0x0, 0x2f, 0xf1,
    0x0, 0x0, 0x0, 0x0, 0x3f, 0xa0, 0x0, 0x0,
    0x0, 0x0, 0x9f, 0x30, 0x0, 0x0, 0x0, 0x0,
    0xfd, 0x0, 0x0, 0x0, 0x0, 0x6, 0xf6, 0x0,
    0x0, 0x0, 0x0, 0x2, 0x30, 0x0, 0x0, 0x0,

    /* U+FF5A "ｚ" */
    0x19, 0x99, 0x99, 0x99, 0x70, 0x2f, 0xff, 0xff,
    0xff, 0xc0, 0x0, 0x0, 0x0, 0xcf, 0x30, 0x0,
    0x0, 0x8, 0xf7, 0x0, 0x0, 0x0, 0x4f, 0xa0,
    0x0, 0x0, 0x2, 0xed, 0x0, 0x0, 0x0, 0xc,
    0xf3, 0x0, 0x0, 0x0, 0x9f, 0x60, 0x0, 0x0,
    0x5, 0xfa, 0x0, 0x0, 0x0, 0x1f, 0xf9, 0x99,
    0x99, 0x90, 0x3f, 0xff, 0xff, 0xff, 0xf1,

    /* U+FF5B "｛" */
    0x0, 0x0, 0x4b, 0x90, 0x0, 0x5f, 0xe9, 0x0,
    0xc, 0xe1, 0x0, 0x0, 0xeb, 0x0, 0x0, 0xe,
    0xa0, 0x0, 0x0, 0xea, 0x0, 0x0, 0xf, 0x90,
    0x0, 0x5, 0xf6, 0x0, 0x3b, 0xfb, 0x0, 0x5,
    0xfe, 0x40, 0x0, 0x2, 0xaf, 0x30, 0x0, 0x1,
    0xf8, 0x0, 0x0, 0xf, 0xa0, 0x0, 0x0, 0xea,
    0x0, 0x0, 0xe, 0xa0, 0x0, 0x0, 0xce, 0x0,
    0x0, 0x7, 0xfd, 0x70, 0x0, 0x7, 0xdb,

    /* U+FF5C "｜" */
    0xec, 0xec, 0xec, 0xec, 0xec, 0xec, 0xec, 0xec,
    0xec, 0xec, 0xec, 0xec, 0xec, 0xec, 0xec, 0xec,
    0xec, 0xec,

    /* U+FF5D "｝" */
    0xab, 0x50, 0x0, 0x9, 0xef, 0x50, 0x0, 0x1,
    0xec, 0x0, 0x0, 0xb, 0xe0, 0x0, 0x0, 0xae,
    0x0, 0x0, 0xa, 0xe0, 0x0, 0x0, 0x9f, 0x0,
    0x0, 0x6, 0xf5, 0x0, 0x0, 0xb, 0xfb, 0x30,
    0x0, 0x4e, 0xf5, 0x0, 0x3f, 0xa2, 0x0, 0x8,
    0xf1, 0x0, 0x0, 0xaf, 0x0, 0x0, 0xa, 0xe0,
    0x0, 0x0, 0xae, 0x0, 0x0, 0xe, 0xc0, 0x0,
    0x7d, 0xf7, 0x0, 0xb, 0xe8, 0x0, 0x0,

    /* U+FF5E "～" */
    0x0, 0x5, 0x98, 0x30, 0x0, 0x0, 0x2, 0x40,
    0x0, 0xcf, 0xff, 0xfb, 0x20, 0x0, 0x9, 0xf1,
    0x9, 0xf8, 0x12, 0x9f, 0xf8, 0x10, 0x7f, 0xa0,
    0x1f, 0xa0, 0x0, 0x2, 0xcf, 0xff, 0xfd, 0x10,
    0x5, 0x20, 0x0, 0x0, 0x4, 0x9a, 0x70, 0x0,

    /* U+FFE5 "￥" */
    0x3b, 0x70, 0x0, 0x0, 0x7, 0xb3, 0xc, 0xf2,
    0x0, 0x0, 0x2f, 0xc0, 0x2, 0xfb, 0x0, 0x0,
    0xbf, 0x30, 0x0, 0x8f, 0x50, 0x5, 0xf8, 0x0,
    0x0, 0xd, 0xe0, 0xe, 0xe0, 0x0, 0x0, 0x4,
    0xf8, 0x8f, 0x40, 0x0, 0x0, 0x0, 0xaf, 0xfa,
    0x0, 0x0, 0x1, 0x88, 0x9f, 0xfa, 0x88, 0x10,
    0x2, 0xff, 0xff, 0xff, 0xff, 0x20, 0x0, 0x0,
    0xd, 0xd0, 0x0, 0x0, 0x0, 0x55, 0x5e, 0xe5,
    0x55, 0x0, 0x2, 0xff, 0xff, 0xff, 0xff, 0x30,
    0x0, 0x22, 0x2d, 0xe2, 0x22, 0x0, 0x0, 0x0,
    0xd, 0xd0, 0x0, 0x0, 0x0, 0x0, 0xd, 0xd0,
    0x0, 0x0
};


/*---------------------
 *  GLYPH DESCRIPTION
 *--------------------*/

static const lv_font_fmt_txt_glyph_dsc_t glyph_dsc[] = {
    {.bitmap_index = 0, .adv_w = 0, .box_w = 0, .box_h = 0, .ofs_x = 0, .ofs_y = 0} /* id = 0 reserved */,
    {.bitmap_index = 0, .adv_w = 93, .box_w = 0, .box_h = 0, .ofs_x = 0, .ofs_y = 0},
    {.bitmap_index = 0, .adv_w = 84, .box_w = 3, .box_h = 15, .ofs_x = 1, .ofs_y = 0},
    {.bitmap_index = 23, .adv_w = 108, .box_w = 6, .box_h = 6, .ofs_x = 0, .ofs_y = 12},
    {.bitmap_index = 41, .adv_w = 226, .box_w = 13, .box_h = 15, .ofs_x = 0, .ofs_y = 0},
    {.bitmap_index = 139, .adv_w = 185, .box_w = 11, .box_h = 19, .ofs_x = 0, .ofs_y = -2},
    {.bitmap_index = 244, .adv_w = 262, .box_w = 17, .box_h = 15, .ofs_x = 0, .ofs_y = 0},
    {.bitmap_index = 372, .adv_w = 228, .box_w = 14, .box_h = 15, .ofs_x = 0, .ofs_y = 0},
    {.bitmap_index = 477, .adv_w = 61, .box_w = 3, .box_h = 6, .ofs_x = 0, .ofs_y = 12},
    {.bitmap_index = 486, .adv_w = 99, .box_w = 5, .box_h = 18, .ofs_x = 1, .ofs_y = -1},
    {.bitmap_index = 531, .adv_w = 99, .box_w = 5, .box_h = 18, .ofs_x = 0, .ofs_y = -1},
    {.bitmap_index = 576, .adv_w = 143, .box_w = 7, .box_h = 7, .ofs_x = 1, .ofs_y = 8},
    {.bitmap_index = 601, .adv_w = 196, .box_w = 10, .box_h = 10, .ofs_x = 1, .ofs_y = 3},
    {.bitmap_index = 651, .adv_w = 82, .box_w = 3, .box_h = 7, .ofs_x = 1, .ofs_y = -4},
    {.bitmap_index = 662, .adv_w = 145, .box_w = 9, .box_h = 2, .ofs_x = 0, .ofs_y = 7},
    {.bitmap_index = 671, .adv_w = 78, .box_w = 3, .box_h = 3, .ofs_x = 1, .ofs_y = 0},
    {.bitmap_index = 676, .adv_w = 128, .box_w = 8, .box_h = 15, .ofs_x = 0, .ofs_y = 0},
    {.bitmap_index = 736, .adv_w = 203, .box_w = 11, .box_h = 15, .ofs_x = 1, .ofs_y = 0},
    {.bitmap_index = 819, .adv_w = 129, .box_w = 5, .box_h = 15, .ofs_x = 1, .ofs_y = 0},
    {.bitmap_index = 857, .adv_w = 181, .box_w = 10, .box_h = 15, .ofs_x = 1, .ofs_y = 0},
    {.bitmap_index = 932, .adv_w = 189, .box_w = 11, .box_h = 15, .ofs_x = 0, .ofs_y = 0},
    {.bitmap_index = 1015, .adv_w = 189, .box_w = 12, .box_h = 15, .ofs_x = 0, .ofs_y = 0},
    {.bitmap_index = 1105, .adv_w = 189, .box_w = 10, .box_h = 15, .ofs_x = 1, .ofs_y = 0},
    {.bitmap_index = 1180, .adv_w = 188, .box_w = 10, .box_h = 15, .ofs_x = 1, .ofs_y = 0},
    {.bitmap_index = 1255, .adv_w = 169, .box_w = 10, .box_h = 15, .ofs_x = 0, .ofs_y = 0},
    {.bitmap_index = 1330, .adv_w = 202, .box_w = 11, .box_h = 15, .ofs_x = 1, .ofs_y = 0},
    {.bitmap_index = 1413, .adv_w = 192, .box_w = 11, .box_h = 15, .ofs_x = 0, .ofs_y = 0},
    {.bitmap_index = 1496, .adv_w = 78, .box_w = 3, .box_h = 11, .ofs_x = 1, .ofs_y = 0},
    {.bitmap_index = 1513, .adv_w = 82, .box_w = 3, .box_h = 15, .ofs_x = 1, .ofs_y = -4},
    {.bitmap_index = 1536, .adv_w = 196, .box_w = 10, .box_h = 13, .ofs_x = 1, .ofs_y = 1},
    {.bitmap_index = 1601, .adv_w = 196, .box_w = 10, .box_h = 6, .ofs_x = 1, .ofs_y = 5},
    {.bitmap_index = 1631, .adv_w = 196, .box_w = 10, .box_h = 13, .ofs_x = 1, .ofs_y = 1},
    {.bitmap_index = 1696, .adv_w = 156, .box_w = 9, .box_h = 15, .ofs_x = 0, .ofs_y = 0},
    {.bitmap_index = 1764, .adv_w = 264, .box_w = 16, .box_h = 15, .ofs_x = 0, .ofs_y = 0},
    {.bitmap_index = 1884, .adv_w = 213, .box_w = 14, .box_h = 15, .ofs_x = 0, .ofs_y = 0},
    {.bitmap_index = 1989, .adv_w = 211, .box_w = 12, .box_h = 15, .ofs_x = 1, .ofs_y = 0},
    {.bitmap_index = 2079, .adv_w = 222, .box_w = 13, .box_h = 15, .ofs_x = 1, .ofs_y = 0},
    {.bitmap_index = 2177, .adv_w = 237, .box_w = 13, .box_h = 15, .ofs_x = 1, .ofs_y = 0},
    {.bitmap_index = 2275, .adv_w = 188, .box_w = 11, .box_h = 15, .ofs_x = 1, .ofs_y = 0},
    {.bitmap_index = 2358, .adv_w = 179, .box_w = 10, .box_h = 15, .ofs_x = 1, .ofs_y = 0},
    {.bitmap_index = 2433, .adv_w = 235, .box_w = 13, .box_h = 15, .ofs_x = 1, .ofs_y = 0},
    {.bitmap_index = 2531, .adv_w = 231, .box_w = 12, .box_h = 15, .ofs_x = 1, .ofs_y = 0},
    {.bitmap_index = 2621, .adv_w = 79, .box_w = 3, .box_h = 15, .ofs_x = 1, .ofs_y = 0},
    {.bitmap_index = 2644, .adv_w = 152, .box_w = 8, .box_h = 15, .ofs_x = 0, .ofs_y = 0},
    {.bitmap_index = 2704, .adv_w = 204, .box_w = 12, .box_h = 15, .ofs_x = 1, .ofs_y = 0},
    {.bitmap_index = 2794, .adv_w = 180, .box_w = 10, .box_h = 15, .ofs_x = 1, .ofs_y = 0},
    {.bitmap_index = 2869, .adv_w = 282, .box_w = 15, .box_h = 15, .ofs_x = 1, .ofs_y = 0},
    {.bitmap_index = 2982, .adv_w = 236, .box_w = 13, .box_h = 15, .ofs_x = 1, .ofs_y = 0},
    {.bitmap_index = 3080, .adv_w = 248, .box_w = 14, .box_h = 15, .ofs_x = 1, .ofs_y = 0},
    {.bitmap_index = 3185, .adv_w = 200, .box_w = 11, .box_h = 15, .ofs_x = 1, .ofs_y = 0},
    {.bitmap_index = 3268, .adv_w = 250, .box_w = 14, .box_h = 17, .ofs_x = 1, .ofs_y = -2},
    {.bitmap_index = 3387, .adv_w = 203, .box_w = 12, .box_h = 15, .ofs_x = 1, .ofs_y = 0},
    {.bitmap_index = 3477, .adv_w = 190, .box_w = 12, .box_h = 15, .ofs_x = 0, .ofs_y = 0},
    {.bitmap_index = 3567, .adv_w = 193, .box_w = 12, .box_h = 15, .ofs_x = 0, .ofs_y = 0},
    {.bitmap_index = 3657, .adv_w = 226, .box_w = 12, .box_h = 15, .ofs_x = 1, .ofs_y = 0},
    {.bitmap_index = 3747, .adv_w = 214, .box_w = 14, .box_h = 15, .ofs_x = 0, .ofs_y = 0},
    {.bitmap_index = 3852, .adv_w = 310, .box_w = 19, .box_h = 15, .ofs_x = 0, .ofs_y = 0},
    {.bitmap_index = 3995, .adv_w = 203, .box_w = 13, .box_h = 15, .ofs_x = 0, .ofs_y = 0},
    {.bitmap_index = 4093, .adv_w = 197, .box_w = 13, .box_h = 15, .ofs_x = 0, .ofs_y = 0},
    {.bitmap_index = 4191, .adv_w = 190, .box_w = 12, .box_h = 15, .ofs_x = 0, .ofs_y = 0},
    {.bitmap_index = 4281, .adv_w = 112, .box_w = 5, .box_h = 18, .ofs_x = 2, .ofs_y = -1},
    {.bitmap_index = 4326, .adv_w = 108, .box_w = 7, .box_h = 15, .ofs_x = 0, .ofs_y = 0},
    {.bitmap_index = 4379, .adv_w = 112, .box_w = 5, .box_h = 18, .ofs_x = 0, .ofs_y = -1},
    {.bitmap_index = 4424, .adv_w = 142, .box_w = 9, .box_h = 6, .ofs_x = 0, .ofs_y = 11},
    {.bitmap_index = 4451, .adv_w = 147, .box_w = 10, .box_h = 2, .ofs_x = 0, .ofs_y = -3},
    {.bitmap_index = 4461, .adv_w = 83, .box_w = 4, .box_h = 5, .ofs_x = 0, .ofs_y = 11},
    {.bitmap_index = 4471, .adv_w = 172, .box_w = 10, .box_h = 11, .ofs_x = 0, .ofs_y = 0},
    {.bitmap_index = 4526, .adv_w = 190, .box_w = 10, .box_h = 15, .ofs_x = 1, .ofs_y = 0},
    {.bitmap_index = 4601, .adv_w = 168, .box_w = 10, .box_h = 11, .ofs_x = 0, .ofs_y = 0},
    {.bitmap_index = 4656, .adv_w = 190, .box_w = 11, .box_h = 15, .ofs_x = 0, .ofs_y = 0},
    {.bitmap_index = 4739, .adv_w = 177, .box_w = 11, .box_h = 11, .ofs_x = 0, .ofs_y = 0},
    {.bitmap_index = 4800, .adv_w = 109, .box_w = 7, .box_h = 15, .ofs_x = 0, .ofs_y = 0},
    {.bitmap_index = 4853, .adv_w = 189, .box_w = 11, .box_h = 15, .ofs_x = 0, .ofs_y = -4},
    {.bitmap_index = 4936, .adv_w = 186, .box_w = 10, .box_h = 15, .ofs_x = 1, .ofs_y = 0},
    {.bitmap_index = 5011, .adv_w = 78, .box_w = 3, .box_h = 15, .ofs_x = 1, .ofs_y = 0},
    {.bitmap_index = 5034, .adv_w = 79, .box_w = 6, .box_h = 19, .ofs_x = -2, .ofs_y = -4},
    {.bitmap_index = 5091, .adv_w = 161, .box_w = 9, .box_h = 15, .ofs_x = 1, .ofs_y = 0},
    {.bitmap_index = 5159, .adv_w = 80, .box_w = 4, .box_h = 15, .ofs_x = 1, .ofs_y = 0},
    {.bitmap_index = 5189, .adv_w = 282, .box_w = 16, .box_h = 11, .ofs_x = 1, .ofs_y = 0},
    {.bitmap_index = 5277, .adv_w = 186, .box_w = 10, .box_h = 11, .ofs_x = 1, .ofs_y = 0},
    {.bitmap_index = 5332, .adv_w = 182, .box_w = 11, .box_h = 11, .ofs_x = 0, .ofs_y = 0},
    {.bitmap_index = 5393, .adv_w = 190, .box_w = 10, .box_h = 15, .ofs_x = 1, .ofs_y = -4},
    {.bitmap_index = 5468, .adv_w = 190, .box_w = 11, .box_h = 15, .ofs_x = 0, .ofs_y = -4},
    {.bitmap_index = 5551, .adv_w = 120, .box_w = 7, .box_h = 11, .ofs_x = 1, .ofs_y = 0},
    {.bitmap_index = 5590, .adv_w = 150, .box_w = 9, .box_h = 11, .ofs_x = 0, .ofs_y = 0},
    {.bitmap_index = 5640, .adv_w = 114, .box_w = 7, .box_h = 15, .ofs_x = 0, .ofs_y = 0},
    {.bitmap_index = 5693, .adv_w = 186, .box_w = 10, .box_h = 11, .ofs_x = 1, .ofs_y = 0},
    {.bitmap_index = 5748, .adv_w = 162, .box_w = 11, .box_h = 11, .ofs_x = 0, .ofs_y = 0},
    {.bitmap_index = 5809, .adv_w = 253, .box_w = 16, .box_h = 11, .ofs_x = 0, .ofs_y = 0},
    {.bitmap_index = 5897, .adv_w = 156, .box_w = 10, .box_h = 11, .ofs_x = 0, .ofs_y = 0},
    {.bitmap_index = 5952, .adv_w = 164, .box_w = 11, .box_h = 15, .ofs_x = 0, .ofs_y = -4},
    {.bitmap_index = 6035, .adv_w = 152, .box_w = 9, .box_h = 11, .ofs_x = 0, .ofs_y = 0},
    {.bitmap_index = 6085, .adv_w = 112, .box_w = 7, .box_h = 18, .ofs_x = 0, .ofs_y = -1},
    {.bitmap_index = 6148, .adv_w = 71, .box_w = 3, .box_h = 18, .ofs_x = 1, .ofs_y = -1},
    {.bitmap_index = 6175, .adv_w = 112, .box_w = 7, .box_h = 18, .ofs_x = 0, .ofs_y = -1},
    {.bitmap_index = 6238, .adv_w = 166, .box_w = 10, .box_h = 3, .ofs_x = 0, .ofs_y = 6},
    {.bitmap_index = 6253, .adv_w = 131, .box_w = 8, .box_h = 7, .ofs_x = 0, .ofs_y = 8},
    {.bitmap_index = 6281, .adv_w = 160, .box_w = 4, .box_h = 3, .ofs_x = 3, .ofs_y = 7},
    {.bitmap_index = 6287, .adv_w = 320, .box_w = 20, .box_h = 2, .ofs_x = 0, .ofs_y = 7},
    {.bitmap_index = 6307, .adv_w = 78, .box_w = 3, .box_h = 5, .ofs_x = 1, .ofs_y = 13},
    {.bitmap_index = 6315, .adv_w = 78, .box_w = 3, .box_h = 5, .ofs_x = 1, .ofs_y = 12},
    {.bitmap_index = 6323, .adv_w = 121, .box_w = 6, .box_h = 5, .ofs_x = 1, .ofs_y = 13},
    {.bitmap_index = 6338, .adv_w = 121, .box_w = 6, .box_h = 5, .ofs_x = 1, .ofs_y = 12},
    {.bitmap_index = 6353, .adv_w = 320, .box_w = 16, .box_h = 3, .ofs_x = 2, .ofs_y = 0},
    {.bitmap_index = 6377, .adv_w = 320, .box_w = 0, .box_h = 0, .ofs_x = 0, .ofs_y = 0},
    {.bitmap_index = 6377, .adv_w = 320, .box_w = 6, .box_h = 6, .ofs_x = 2, .ofs_y = -2},
    {.bitmap_index = 6395, .adv_w = 320, .box_w = 6, .box_h = 6, .ofs_x = 2, .ofs_y = -1},
    {.bitmap_index = 6413, .adv_w = 320, .box_w = 6, .box_h = 16, .ofs_x = 12, .ofs_y = 0},
    {.bitmap_index = 6461, .adv_w = 320, .box_w = 6, .box_h = 16, .ofs_x = 2, .ofs_y = 0},
    {.bitmap_index = 6509, .adv_w = 320, .box_w = 10, .box_h = 16, .ofs_x = 8, .ofs_y = 0},
    {.bitmap_index = 6589, .adv_w = 320, .box_w = 10, .box_h = 16, .ofs_x = 2, .ofs_y = 0},
    {.bitmap_index = 6669, .adv_w = 320, .box_w = 5, .box_h = 11, .ofs_x = 12, .ofs_y = 6},
    {.bitmap_index = 6697, .adv_w = 320, .box_w = 5, .box_h = 10, .ofs_x = 3, .ofs_y = -1},
    {.bitmap_index = 6722, .adv_w = 320, .box_w = 7, .box_h = 11, .ofs_x = 10, .ofs_y = 6},
    {.bitmap_index = 6761, .adv_w = 320, .box_w = 7, .box_h = 10, .ofs_x = 3, .ofs_y = -1},
    {.bitmap_index = 6796, .adv_w = 320, .box_w = 6, .box_h = 18, .ofs_x = 12, .ofs_y = -1},
    {.bitmap_index = 6850, .adv_w = 320, .box_w = 6, .box_h = 18, .ofs_x = 2, .ofs_y = -1},
    {.bitmap_index = 6904, .adv_w = 320, .box_w = 6, .box_h = 19, .ofs_x = 12, .ofs_y = -2},
    {.bitmap_index = 6961, .adv_w = 320, .box_w = 6, .box_h = 19, .ofs_x = 2, .ofs_y = -2},
    {.bitmap_index = 7018, .adv_w = 320, .box_w = 3, .box_h = 15, .ofs_x = 3, .ofs_y = 0},
    {.bitmap_index = 7041, .adv_w = 320, .box_w = 6, .box_h = 6, .ofs_x = 7, .ofs_y = 11},
    {.bitmap_index = 7059, .adv_w = 320, .box_w = 14, .box_h = 16, .ofs_x = 3, .ofs_y = -1},
    {.bitmap_index = 7171, .adv_w = 320, .box_w = 12, .box_h = 19, .ofs_x = 4, .ofs_y = -1},
    {.bitmap_index = 7285, .adv_w = 320, .box_w = 16, .box_h = 15, .ofs_x = 2, .ofs_y = 0},
    {.bitmap_index = 7405, .adv_w = 320, .box_w = 14, .box_h = 17, .ofs_x = 3, .ofs_y = -1},
    {.bitmap_index = 7524, .adv_w = 320, .box_w = 2, .box_h = 6, .ofs_x = 9, .ofs_y = 11},
    {.bitmap_index = 7530, .adv_w = 320, .box_w = 5, .box_h = 18, .ofs_x = 13, .ofs_y = -1},
    {.bitmap_index = 7575, .adv_w = 320, .box_w = 5, .box_h = 18, .ofs_x = 2, .ofs_y = -1},
    {.bitmap_index = 7620, .adv_w = 320, .box_w = 7, .box_h = 7, .ofs_x = 6, .ofs_y = 8},
    {.bitmap_index = 7645, .adv_w = 320, .box_w = 10, .box_h = 10, .ofs_x = 5, .ofs_y = 2},
    {.bitmap_index = 7695, .adv_w = 320, .box_w = 4, .box_h = 6, .ofs_x = 3, .ofs_y = -3},
    {.bitmap_index = 7707, .adv_w = 320, .box_w = 8, .box_h = 2, .ofs_x = 6, .ofs_y = 7},
    {.bitmap_index = 7715, .adv_w = 320, .box_w = 4, .box_h = 3, .ofs_x = 3, .ofs_y = 0},
    {.bitmap_index = 7721, .adv_w = 320, .box_w = 14, .box_h = 16, .ofs_x = 3, .ofs_y = 0},
    {.bitmap_index = 7833, .adv_w = 320, .box_w = 12, .box_h = 17, .ofs_x = 4, .ofs_y = -1},
    {.bitmap_index = 7935, .adv_w = 320, .box_w = 6, .box_h = 15, .ofs_x = 7, .ofs_y = 0},
    {.bitmap_index = 7980, .adv_w = 320, .box_w = 10, .box_h = 16, .ofs_x = 5, .ofs_y = 0},
    {.bitmap_index = 8060, .adv_w = 320, .box_w = 10, .box_h = 16, .ofs_x = 5, .ofs_y = -1},
    {.bitmap_index = 8140, .adv_w = 320, .box_w = 12, .box_h = 15, .ofs_x = 4, .ofs_y = 0},
    {.bitmap_index = 8230, .adv_w = 320, .box_w = 10, .box_h = 16, .ofs_x = 5, .ofs_y = -1},
    {.bitmap_index = 8310, .adv_w = 320, .box_w = 11, .box_h = 16, .ofs_x = 4, .ofs_y = -1},
    {.bitmap_index = 8398, .adv_w = 320, .box_w = 10, .box_h = 16, .ofs_x = 5, .ofs_y = -1},
    {.bitmap_index = 8478, .adv_w = 320, .box_w = 12, .box_h = 17, .ofs_x = 4, .ofs_y = -1},
    {.bitmap_index = 8580, .adv_w = 320, .box_w = 10, .box_h = 16, .ofs_x = 5, .ofs_y = 0},
    {.bitmap_index = 8660, .adv_w = 320, .box_w = 4, .box_h = 11, .ofs_x = 3, .ofs_y = 0},
    {.bitmap_index = 8682, .adv_w = 320, .box_w = 3, .box_h = 14, .ofs_x = 3, .ofs_y = -3},
    {.bitmap_index = 8703, .adv_w = 320, .box_w = 10, .box_h = 12, .ofs_x = 5, .ofs_y = 1},
    {.bitmap_index = 8763, .adv_w = 320, .box_w = 10, .box_h = 7, .ofs_x = 5, .ofs_y = 4},
    {.bitmap_index = 8798, .adv_w = 320, .box_w = 10, .box_h = 12, .ofs_x = 5, .ofs_y = 1},
    {.bitmap_index = 8858, .adv_w = 320, .box_w = 10, .box_h = 16, .ofs_x = 0, .ofs_y = 0},
    {.bitmap_index = 8938, .adv_w = 320, .box_w = 16, .box_h = 17, .ofs_x = 2, .ofs_y = -1},
    {.bitmap_index = 9074, .adv_w = 320, .box_w = 14, .box_h = 16, .ofs_x = 3, .ofs_y = -1},
    {.bitmap_index = 9186, .adv_w = 320, .box_w = 12, .box_h = 15, .ofs_x = 4, .ofs_y = 0},
    {.bitmap_index = 9276, .adv_w = 320, .box_w = 13, .box_h = 17, .ofs_x = 4, .ofs_y = -1},
    {.bitmap_index = 9387, .adv_w = 320, .box_w = 14, .box_h = 15, .ofs_x = 3, .ofs_y = 0},
    {.bitmap_index = 9492, .adv_w = 320, .box_w = 10, .box_h = 15, .ofs_x = 5, .ofs_y = 0},
    {.bitmap_index = 9567, .adv_w = 320, .box_w = 10, .box_h = 16, .ofs_x = 5, .ofs_y = -1},
    {.bitmap_index = 9647, .adv_w = 320, .box_w = 13, .box_h = 17, .ofs_x = 4, .ofs_y = -1},
    {.bitmap_index = 9758, .adv_w = 320, .box_w = 12, .box_h = 15, .ofs_x = 4, .ofs_y = 0},
    {.bitmap_index = 9848, .adv_w = 320, .box_w = 2, .box_h = 15, .ofs_x = 9, .ofs_y = 0},
    {.bitmap_index = 9863, .adv_w = 320, .box_w = 8, .box_h = 16, .ofs_x = 4, .ofs_y = -1},
    {.bitmap_index = 9927, .adv_w = 320, .box_w = 12, .box_h = 15, .ofs_x = 5, .ofs_y = 0},
    {.bitmap_index = 10017, .adv_w = 320, .box_w = 10, .box_h = 15, .ofs_x = 6, .ofs_y = 0},
    {.bitmap_index = 10092, .adv_w = 320, .box_w = 16, .box_h = 15, .ofs_x = 2, .ofs_y = 0},
    {.bitmap_index = 10212, .adv_w = 320, .box_w = 12, .box_h = 15, .ofs_x = 4, .ofs_y = 0},
    {.bitmap_index = 10302, .adv_w = 320, .box_w = 14, .box_h = 17, .ofs_x = 3, .ofs_y = -1},
    {.bitmap_index = 10421, .adv_w = 320, .box_w = 12, .box_h = 16, .ofs_x = 4, .ofs_y = -1},
    {.bitmap_index = 10517, .adv_w = 320, .box_w = 14, .box_h = 18, .ofs_x = 3, .ofs_y = -2},
    {.bitmap_index = 10643, .adv_w = 320, .box_w = 12, .box_h = 16, .ofs_x = 4, .ofs_y = -1},
    {.bitmap_index = 10739, .adv_w = 320, .box_w = 12, .box_h = 17, .ofs_x = 4, .ofs_y = -1},
    {.bitmap_index = 10841, .adv_w = 320, .box_w = 12, .box_h = 16, .ofs_x = 4, .ofs_y = -1},
    {.bitmap_index = 10937, .adv_w = 320, .box_w = 12, .box_h = 16, .ofs_x = 4, .ofs_y = -1},
    {.bitmap_index = 11033, .adv_w = 320, .box_w = 14, .box_h = 15, .ofs_x = 3, .ofs_y = 0},
    {.bitmap_index = 11138, .adv_w = 320, .box_w = 20, .box_h = 15, .ofs_x = 0, .ofs_y = 0},
    {.bitmap_index = 11288, .adv_w = 320, .box_w = 13, .box_h = 15, .ofs_x = 4, .ofs_y = 0},
    {.bitmap_index = 11386, .adv_w = 320, .box_w = 13, .box_h = 15, .ofs_x = 4, .ofs_y = 0},
    {.bitmap_index = 11484, .adv_w = 320, .box_w = 12, .box_h = 15, .ofs_x = 4, .ofs_y = 0},
    {.bitmap_index = 11574, .adv_w = 320, .box_w = 5, .box_h = 18, .ofs_x = 13, .ofs_y = -1},
    {.bitmap_index = 11619, .adv_w = 320, .box_w = 14, .box_h = 16, .ofs_x = 3, .ofs_y = 0},
    {.bitmap_index = 11731, .adv_w = 320, .box_w = 5, .box_h = 18, .ofs_x = 2, .ofs_y = -1},
    {.bitmap_index = 11776, .adv_w = 320, .box_w = 8, .box_h = 6, .ofs_x = 6, .ofs_y = 10},
    {.bitmap_index = 11800, .adv_w = 320, .box_w = 20, .box_h = 3, .ofs_x = 0, .ofs_y = -4},
    {.bitmap_index = 11830, .adv_w = 320, .box_w = 5, .box_h = 5, .ofs_x = 7, .ofs_y = 11},
    {.bitmap_index = 11843, .adv_w = 320, .box_w = 10, .box_h = 12, .ofs_x = 5, .ofs_y = -1},
    {.bitmap_index = 11903, .adv_w = 320, .box_w = 10, .box_h = 16, .ofs_x = 5, .ofs_y = -1},
    {.bitmap_index = 11983, .adv_w = 320, .box_w = 10, .box_h = 12, .ofs_x = 5, .ofs_y = -1},
    {.bitmap_index = 12043, .adv_w = 320, .box_w = 10, .box_h = 16, .ofs_x = 5, .ofs_y = -1},
    {.bitmap_index = 12123, .adv_w = 320, .box_w = 10, .box_h = 12, .ofs_x = 5, .ofs_y = -1},
    {.bitmap_index = 12183, .adv_w = 320, .box_w = 8, .box_h = 16, .ofs_x = 6, .ofs_y = 0},
    {.bitmap_index = 12247, .adv_w = 320, .box_w = 10, .box_h = 16, .ofs_x = 5, .ofs_y = -5},
    {.bitmap_index = 12327, .adv_w = 320, .box_w = 10, .box_h = 15, .ofs_x = 5, .ofs_y = 0},
    {.bitmap_index = 12402, .adv_w = 320, .box_w = 4, .box_h = 16, .ofs_x = 8, .ofs_y = 0},
    {.bitmap_index = 12434, .adv_w = 320, .box_w = 6, .box_h = 21, .ofs_x = 6, .ofs_y = -5},
    {.bitmap_index = 12497, .adv_w = 320, .box_w = 10, .box_h = 15, .ofs_x = 5, .ofs_y = 0},
    {.bitmap_index = 12572, .adv_w = 320, .box_w = 4, .box_h = 16, .ofs_x = 8, .ofs_y = -1},
    {.bitmap_index = 12604, .adv_w = 320, .box_w = 16, .box_h = 11, .ofs_x = 2, .ofs_y = 0},
    {.bitmap_index = 12692, .adv_w = 320, .box_w = 10, .box_h = 11, .ofs_x = 5, .ofs_y = 0},
    {.bitmap_index = 12747, .adv_w = 320, .box_w = 10, .box_h = 12, .ofs_x = 5, .ofs_y = -1},
    {.bitmap_index = 12807, .adv_w = 320, .box_w = 10, .box_h = 17, .ofs_x = 5, .ofs_y = -5},
    {.bitmap_index = 12892, .adv_w = 320, .box_w = 10, .box_h = 17, .ofs_x = 5, .ofs_y = -5},
    {.bitmap_index = 12977, .adv_w = 320, .box_w = 6, .box_h = 11, .ofs_x = 7, .ofs_y = 0},
    {.bitmap_index = 13010, .adv_w = 320, .box_w = 10, .box_h = 12, .ofs_x = 5, .ofs_y = -1},
    {.bitmap_index = 13070, .adv_w = 320, .box_w = 8, .box_h = 15, .ofs_x = 6, .ofs_y = -1},
    {.bitmap_index = 13130, .adv_w = 320, .box_w = 10, .box_h = 12, .ofs_x = 5, .ofs_y = -1},
    {.bitmap_index = 13190, .adv_w = 320, .box_w = 10, .box_h = 11, .ofs_x = 5, .ofs_y = 0},
    {.bitmap_index = 13245, .adv_w = 320, .box_w = 16, .box_h = 11, .ofs_x = 2, .ofs_y = 0},
    {.bitmap_index = 13333, .adv_w = 320, .box_w = 10, .box_h = 11, .ofs_x = 5, .ofs_y = 0},
    {.bitmap_index = 13388, .adv_w = 320, .box_w = 12, .box_h = 16, .ofs_x = 4, .ofs_y = -5},
    {.bitmap_index = 13484, .adv_w = 320, .box_w = 10, .box_h = 11, .ofs_x = 5, .ofs_y = 0},
    {.bitmap_index = 13539, .adv_w = 320, .box_w = 7, .box_h = 18, .ofs_x = 11, .ofs_y = -1},
    {.bitmap_index = 13602, .adv_w = 320, .box_w = 2, .box_h = 18, .ofs_x = 9, .ofs_y = -1},
    {.bitmap_index = 13620, .adv_w = 320, .box_w = 7, .box_h = 18, .ofs_x = 2, .ofs_y = -1},
    {.bitmap_index = 13683, .adv_w = 320, .box_w = 16, .box_h = 5, .ofs_x = 2, .ofs_y = 5},
    {.bitmap_index = 13723, .adv_w = 320, .box_w = 12, .box_h = 15, .ofs_x = 4, .ofs_y = 0}
};

/*---------------------
 *  CHARACTER MAPPING
 *--------------------*/

static const uint16_t unicode_list[] = {
    0, 1, 2, 3, 4, 5, 6, 7, 8, 9, 10, 11, 12, 13, 14, 15,
    16, 17, 18, 19, 20, 21, 22, 23, 24, 25, 26, 27, 28, 29, 30, 31,
    32, 33, 34, 35, 36, 37, 38, 39, 40, 41, 42, 43, 44, 45, 46, 47,
    48, 49, 50, 51, 52, 53, 54, 55, 56, 57, 58, 59, 60, 61, 62, 63,
    64, 65, 66, 67, 68, 69, 70, 71, 72, 73, 74, 75, 76, 77, 78, 79,
    80, 81, 82, 83, 84, 85, 86, 87, 88, 89, 90, 91, 92, 93, 94, 144,
    151, 8180, 8184, 8185, 8188, 8189, 8198, 12256, 12257, 12258, 12264, 12265, 12266, 12267, 12268, 12269,
    12270, 12271, 12272, 12273, 12276, 12277, 65249, 65250, 65251, 65252, 65253, 65254, 65255, 65256, 65257, 65258,
    65259, 65260, 65261, 65262, 65263, 65264, 65265, 65266, 65267, 65268, 65269, 65270, 65271, 65272, 65273, 65274,
    65275, 65276, 65277, 65278, 65279, 65280, 65281, 65282, 65283, 65284, 65285, 65286, 65287, 65288, 65289, 65290,
    65291, 65292, 65293, 65294, 65295, 65296, 65297, 65298, 65299, 65300, 65301, 65302, 65303, 65304, 65305, 65306,
    65307, 65308, 65309, 65310, 65311, 65312, 65313, 65314, 65315, 65316, 65317, 65318, 65319, 65320, 65321, 65322,
    65323, 65324, 65325, 65326, 65327, 65328, 65329, 65330, 65331, 65332, 65333, 65334, 65335, 65336, 65337, 65338,
    65339, 65340, 65341, 65342, 65477,
};

static const lv_font_fmt_txt_cmap_t cmaps[] = {{
    .range_start = 32, .range_length = 65478,
    .glyph_id_start = 1, .unicode_list = unicode_list,
    .glyph_id_ofs_list = NULL, .list_length = 213,
    .type = LV_FONT_FMT_TXT_CMAP_SPARSE_TINY
}};



/*--------------------
 *  ALL CUSTOM DATA
 *--------------------*/

#if LVGL_VERSION_MAJOR == 8
/*Store all the custom data of the font*/
static  lv_font_fmt_txt_glyph_cache_t cache;
#endif

#if LVGL_VERSION_MAJOR >= 8
static const lv_font_fmt_txt_dsc_t font_dsc = {
#else
static lv_font_fmt_txt_dsc_t font_dsc = {
#endif
    .glyph_bitmap = glyph_bitmap,
    .glyph_dsc = glyph_dsc,
    .cmaps = cmaps,
    .kern_dsc = NULL,
    .kern_scale = 0,
    .cmap_num = 1,
    .bpp = 4,
    .kern_classes = 0,
    .bitmap_format = 0,
#if LVGL_VERSION_MAJOR == 8
    .cache = &cache
#endif
};



/*-----------------
 *  PUBLIC FONT
 *----------------*/

/*Initialize a public general font descriptor*/
#if LVGL_VERSION_MAJOR >= 8
const lv_font_t ui_font_misans_20 = {
#else
lv_font_t ui_font_misans_20 = {
#endif
    .get_glyph_dsc = lv_font_get_glyph_dsc_fmt_txt,    /*Function pointer to get glyph's data*/
    .get_glyph_bitmap = lv_font_get_bitmap_fmt_txt,    /*Function pointer to get glyph's bitmap*/
    .line_height = 23,          /*The maximum line height required by the font*/
    .base_line = 5,             /*Baseline measured from the bottom of the line*/
#if !(LVGL_VERSION_MAJOR == 6 && LVGL_VERSION_MINOR == 0)
    .subpx = LV_FONT_SUBPX_NONE,
#endif
#if LV_VERSION_CHECK(7, 4, 0) || LVGL_VERSION_MAJOR >= 8
    .underline_position = -2,
    .underline_thickness = 1,
#endif
    .dsc = &font_dsc,          /*The custom font data. Will be accessed by `get_glyph_bitmap/dsc` */
#if LV_VERSION_CHECK(8, 2, 0) || LVGL_VERSION_MAJOR >= 9
    .fallback = NULL,
#endif
    .user_data = NULL,
};



#endif /*#if UI_FONT_MISANS_20*/
