/*******************************************************************************
 * Size: 16 px
 * Bpp: 4
 * Opts: --no-compress --no-prefilter --bpp 4 --size 16 --font /System/Library/Fonts/Supplemental/Arial Unicode.ttf -r 0x20-0x7F --symbols …。不中二亮会位使保关内分删到制前加务动区卡取名后启和回图在地址备复天存定容密将小屏已幕年并应度开当待恢息手打扫找接控描播放文新无日时显更月服期未本校次正此每气法消添清片用界的码确示秒称等系线络统维网置自被解言认设语请超过返连配重量钟闭间除面页首，？ --format lvgl --lv-font-name ui_font_16_zh -o src/ui_font_16_zh.c --force-fast-kern-format
 ******************************************************************************/

#ifdef LV_LVGL_H_INCLUDE_SIMPLE
#include "lvgl.h"
#else
#include "lvgl/lvgl.h"
#endif

#ifndef UI_FONT_16_ZH
#define UI_FONT_16_ZH 1
#endif

#if UI_FONT_16_ZH

/*-----------------
 *    BITMAPS
 *----------------*/

/*Store the image of the glyphs*/
static LV_ATTRIBUTE_LARGE_CONST const uint8_t glyph_bitmap[] = {
    /* U+0020 " " */

    /* U+0021 "!" */
    0xaf, 0x1a, 0xf1, 0xaf, 0x19, 0xf0, 0x8f, 0x7,
    0xe0, 0x6d, 0x5, 0xc0, 0x3b, 0x0, 0x10, 0x6b,
    0x9, 0xf0,

    /* U+0022 "\"" */
    0x5f, 0x49, 0xf0, 0x5f, 0x49, 0xf0, 0x4f, 0x28,
    0xe0, 0x1f, 0x5, 0xc0, 0x4, 0x1, 0x30,

    /* U+0023 "#" */
    0x0, 0xe, 0x40, 0x3e, 0x0, 0x1, 0xf1, 0x7,
    0xb0, 0x0, 0x5d, 0x0, 0xb7, 0xd, 0xff, 0xff,
    0xff, 0xfb, 0x33, 0xd8, 0x35, 0xf4, 0x20, 0xf,
    0x30, 0x5d, 0x0, 0x2, 0xf0, 0x8, 0xa0, 0xd,
    0xff, 0xff, 0xff, 0xfb, 0x2a, 0xa3, 0x3f, 0x63,
    0x20, 0xb7, 0x1, 0xf1, 0x0, 0xe, 0x40, 0x4e,
    0x0, 0x1, 0xf1, 0x7, 0xb0, 0x0,

    /* U+0024 "$" */
    0x0, 0x0, 0x60, 0x0, 0x0, 0x4, 0xaf, 0x93,
    0x0, 0x6, 0xfa, 0xec, 0xf3, 0x0, 0xe8, 0xd,
    0xd, 0xb0, 0x1f, 0x40, 0xd0, 0x44, 0x0, 0xf8,
    0xd, 0x0, 0x0, 0x8, 0xfa, 0xe0, 0x0, 0x0,
    0x6, 0xdf, 0xf9, 0x0, 0x0, 0x0, 0xe8, 0xfa,
    0x0, 0x0, 0xd, 0x7, 0xf0, 0x3c, 0x10, 0xd0,
    0x4f, 0x22, 0xf6, 0xd, 0x8, 0xf0, 0xb, 0xf6,
    0xe7, 0xf8, 0x0, 0x9, 0xef, 0xe9, 0x0, 0x0,
    0x0, 0xd0, 0x0, 0x0, 0x0, 0x6, 0x0, 0x0,

    /* U+0025 "%" */
    0xa, 0xfc, 0x20, 0x0, 0x98, 0x0, 0x8, 0xc1,
    0x9b, 0x0, 0x1e, 0x10, 0x0, 0xc7, 0x3, 0xf0,
    0x9, 0x80, 0x0, 0xc, 0x60, 0x3f, 0x2, 0xe1,
    0x0, 0x0, 0x8b, 0x8, 0xc0, 0xa7, 0x0, 0x0,
    0x1, 0xcf, 0xd2, 0x3e, 0x0, 0x0, 0x0, 0x0,
    0x0, 0xb, 0x70, 0x8d, 0xb1, 0x0, 0x0, 0x3,
    0xe0, 0x7d, 0x29, 0xc0, 0x0, 0x0, 0xc6, 0xb,
    0x70, 0x2f, 0x0, 0x0, 0x4d, 0x0, 0xb7, 0x2,
    0xf1, 0x0, 0xc, 0x50, 0x7, 0xc1, 0x8d, 0x0,
    0x5, 0xd0, 0x0, 0xa, 0xfc, 0x20,

    /* U+0026 "&" */
    0x0, 0x9, 0xee, 0x80, 0x0, 0x0, 0x8, 0xe5,
    0x7f, 0x50, 0x0, 0x0, 0xd9, 0x0, 0xd9, 0x0,
    0x0, 0xa, 0xe0, 0x1f, 0x50, 0x0, 0x0, 0x2f,
    0xbd, 0x90, 0x0, 0x0, 0x4, 0xef, 0xb0, 0x0,
    0x0, 0x6, 0xf8, 0x8f, 0x60, 0x93, 0x1, 0xf9,
    0x0, 0xbf, 0x8f, 0x40, 0x4f, 0x40, 0x0, 0xdf,
    0xd0, 0x2, 0xf8, 0x0, 0x9, 0xfd, 0x0, 0xa,
    0xf8, 0x5b, 0xfa, 0xfc, 0x10, 0x8, 0xef, 0xc5,
    0x5, 0xc0, 0x0, 0x0, 0x0, 0x0, 0x0, 0x0,

    /* U+0027 "'" */
    0x4f, 0x54, 0xf5, 0x3f, 0x30, 0xf1, 0x4, 0x0,

    /* U+0028 "(" */
    0x0, 0x9, 0x70, 0x3, 0xe0, 0x0, 0xc7, 0x0,
    0x3f, 0x10, 0x9, 0xc0, 0x0, 0xd9, 0x0, 0xf,
    0x70, 0x0, 0xf7, 0x0, 0xf, 0x70, 0x0, 0xd9,
    0x0, 0x8, 0xd0, 0x0, 0x3f, 0x10, 0x0, 0xc7,
    0x0, 0x4, 0xe0, 0x0, 0x9, 0x70,

    /* U+0029 ")" */
    0x2d, 0x0, 0x0, 0x99, 0x0, 0x2, 0xf1, 0x0,
    0xc, 0x80, 0x0, 0x7e, 0x0, 0x4, 0xf2, 0x0,
    0x2f, 0x40, 0x1, 0xf5, 0x0, 0x2f, 0x40, 0x4,
    0xf2, 0x0, 0x7e, 0x0, 0xc, 0x90, 0x2, 0xf2,
    0x0, 0x99, 0x0, 0x2d, 0x0, 0x0,

    /* U+002A "*" */
    0x0, 0x6a, 0x0, 0x27, 0x79, 0x64, 0x3b, 0xef,
    0xb5, 0x2, 0xed, 0x40, 0x9, 0x74, 0xd0, 0x0,
    0x0, 0x0,

    /* U+002B "+" */
    0x0, 0x0, 0x0, 0x0, 0x0, 0x0, 0xf, 0x50,
    0x0, 0x0, 0x0, 0xf5, 0x0, 0x0, 0x11, 0x1f,
    0x61, 0x10, 0x1f, 0xff, 0xff, 0xff, 0x70, 0x44,
    0x4f, 0x84, 0x42, 0x0, 0x0, 0xf5, 0x0, 0x0,
    0x0, 0xf, 0x50, 0x0, 0x0, 0x0, 0xf5, 0x0,
    0x0,

    /* U+002C "," */
    0x6b, 0x9, 0xf0, 0xd, 0x5, 0xa0, 0x20, 0x0,

    /* U+002D "-" */
    0x38, 0x88, 0x67, 0xff, 0xfd,

    /* U+002E "." */
    0x6b, 0x9, 0xf0,

    /* U+002F "/" */
    0x0, 0xd, 0x50, 0x1, 0xf0, 0x0, 0x6c, 0x0,
    0xa, 0x70, 0x0, 0xe3, 0x0, 0x3e, 0x0, 0x7,
    0xa0, 0x0, 0xc6, 0x0, 0xf, 0x10, 0x5, 0xd0,
    0x0, 0x98, 0x0, 0xd, 0x40, 0x0,

    /* U+0030 "0" */
    0x0, 0x5d, 0xfd, 0x40, 0x0, 0x4f, 0x84, 0x9f,
    0x30, 0xc, 0xa0, 0x0, 0xcb, 0x0, 0xf5, 0x0,
    0x7, 0xf0, 0x3f, 0x30, 0x0, 0x5f, 0x14, 0xf2,
    0x0, 0x4, 0xf2, 0x4f, 0x20, 0x0, 0x4f, 0x23,
    0xf3, 0x0, 0x5, 0xf1, 0x1f, 0x50, 0x0, 0x7f,
    0x0, 0xcb, 0x0, 0xc, 0xa0, 0x5, 0xf8, 0x49,
    0xf3, 0x0, 0x6, 0xdf, 0xd4, 0x0,

    /* U+0031 "1" */
    0x0, 0x3, 0xf0, 0x2, 0xef, 0x6, 0xfe, 0xf3,
    0xf7, 0x6f, 0x11, 0x6, 0xf0, 0x0, 0x6f, 0x0,
    0x6, 0xf0, 0x0, 0x6f, 0x0, 0x6, 0xf0, 0x0,
    0x6f, 0x0, 0x6, 0xf0, 0x0, 0x6f,

    /* U+0032 "2" */
    0x0, 0x7d, 0xfd, 0x60, 0x0, 0x8f, 0x74, 0x8f,
    0x70, 0xf, 0x70, 0x0, 0x9e, 0x1, 0x82, 0x0,
    0x7, 0xf0, 0x0, 0x0, 0x0, 0xbc, 0x0, 0x0,
    0x0, 0x6f, 0x40, 0x0, 0x0, 0x6f, 0x80, 0x0,
    0x0, 0x7f, 0x80, 0x0, 0x0, 0x8f, 0x60, 0x0,
    0x0, 0x7f, 0x50, 0x0, 0x0, 0x1f, 0xc7, 0x77,
    0x77, 0x6, 0xff, 0xff, 0xff, 0xf1,

    /* U+0033 "3" */
    0x0, 0x7d, 0xfc, 0x30, 0x0, 0x7f, 0x74, 0xaf,
    0x20, 0xe, 0x80, 0x0, 0xe8, 0x0, 0x31, 0x0,
    0xd, 0x90, 0x0, 0x0, 0x18, 0xf3, 0x0, 0x0,
    0x6f, 0xf8, 0x0, 0x0, 0x2, 0x37, 0xf9, 0x0,
    0x0, 0x0, 0x8, 0xf1, 0x16, 0x10, 0x0, 0x5f,
    0x31, 0xf7, 0x0, 0x9, 0xf0, 0x9, 0xf6, 0x49,
    0xf7, 0x0, 0x7, 0xdf, 0xd6, 0x0,

    /* U+0034 "4" */
    0x0, 0x0, 0xd, 0x90, 0x0, 0x0, 0x8, 0xf9,
    0x0, 0x0, 0x3, 0xfe, 0x90, 0x0, 0x0, 0xd7,
    0xc9, 0x0, 0x0, 0x8c, 0xc, 0x90, 0x0, 0x2f,
    0x30, 0xc9, 0x0, 0xc, 0x80, 0xc, 0x90, 0x7,
    0xe2, 0x11, 0xda, 0x10, 0xcf, 0xff, 0xff, 0xff,
    0x23, 0x44, 0x44, 0xdb, 0x40, 0x0, 0x0, 0xc,
    0x90, 0x0, 0x0, 0x0, 0xc9, 0x0,

    /* U+0035 "5" */
    0x0, 0xff, 0xff, 0xfb, 0x0, 0x3f, 0x77, 0x77,
    0x50, 0x6, 0xf0, 0x0, 0x0, 0x0, 0x9c, 0x0,
    0x0, 0x0, 0xc, 0xcc, 0xff, 0x80, 0x0, 0xfe,
    0x64, 0x9f, 0x90, 0x4, 0x20, 0x0, 0x9f, 0x10,
    0x0, 0x0, 0x5, 0xf3, 0x16, 0x10, 0x0, 0x5f,
    0x31, 0xf7, 0x0, 0xa, 0xe0, 0xa, 0xf7, 0x49,
    0xf5, 0x0, 0x8, 0xdf, 0xd5, 0x0,

    /* U+0036 "6" */
    0x0, 0x3c, 0xfe, 0x80, 0x0, 0x3f, 0xa4, 0x6f,
    0x80, 0xb, 0xb0, 0x0, 0x7c, 0x0, 0xf4, 0x0,
    0x0, 0x0, 0x3f, 0x3b, 0xff, 0x80, 0x4, 0xfd,
    0x94, 0x8f, 0x80, 0x5f, 0xa0, 0x0, 0x9f, 0x4,
    0xf5, 0x0, 0x4, 0xf2, 0x2f, 0x60, 0x0, 0x4f,
    0x20, 0xdb, 0x0, 0x9, 0xe0, 0x5, 0xf9, 0x48,
    0xf6, 0x0, 0x4, 0xcf, 0xe7, 0x0,

    /* U+0037 "7" */
    0x3f, 0xff, 0xff, 0xff, 0x31, 0x77, 0x77, 0x7e,
    0xd0, 0x0, 0x0, 0x5, 0xf3, 0x0, 0x0, 0x1,
    0xe8, 0x0, 0x0, 0x0, 0x8f, 0x10, 0x0, 0x0,
    0xf, 0x80, 0x0, 0x0, 0x7, 0xf1, 0x0, 0x0,
    0x0, 0xcb, 0x0, 0x0, 0x0, 0x1f, 0x60, 0x0,
    0x0, 0x5, 0xf2, 0x0, 0x0, 0x0, 0x7f, 0x0,
    0x0, 0x0, 0x9, 0xd0, 0x0, 0x0,

    /* U+0038 "8" */
    0x0, 0x6d, 0xfc, 0x40, 0x0, 0x5f, 0x84, 0x9f,
    0x30, 0xb, 0xb0, 0x0, 0xda, 0x0, 0xca, 0x0,
    0xc, 0xb0, 0x7, 0xf4, 0x6, 0xf4, 0x0, 0xa,
    0xff, 0xf8, 0x0, 0x9, 0xf6, 0x48, 0xf9, 0x2,
    0xf5, 0x0, 0x8, 0xf1, 0x4f, 0x20, 0x0, 0x4f,
    0x32, 0xf6, 0x0, 0x8, 0xf1, 0xa, 0xf7, 0x47,
    0xf8, 0x0, 0x7, 0xdf, 0xd7, 0x0,

    /* U+0039 "9" */
    0x0, 0x8e, 0xfc, 0x30, 0x0, 0x9f, 0x74, 0x8f,
    0x30, 0x1f, 0x70, 0x0, 0xab, 0x4, 0xf2, 0x0,
    0x6, 0xf0, 0x2f, 0x40, 0x0, 0x8f, 0x20, 0xce,
    0x41, 0x5e, 0xf3, 0x2, 0xcf, 0xfd, 0x6f, 0x20,
    0x0, 0x22, 0x5, 0xf1, 0x5, 0x10, 0x0, 0x9e,
    0x0, 0xe8, 0x0, 0xe, 0x90, 0x8, 0xf6, 0x4b,
    0xe2, 0x0, 0x8, 0xef, 0xb2, 0x0,

    /* U+003A ":" */
    0x9f, 0x6, 0xb0, 0x0, 0x0, 0x0, 0x0, 0x0,
    0x0, 0x0, 0x6, 0xb0, 0x9f, 0x0,

    /* U+003B ";" */
    0x9f, 0x6, 0xb0, 0x0, 0x0, 0x0, 0x0, 0x0,
    0x0, 0x0, 0x6, 0xb0, 0x9f, 0x0, 0xd0, 0x5a,
    0x2, 0x0,

    /* U+003C "<" */
    0x0, 0x0, 0x0, 0x0, 0x0, 0x0, 0x0, 0x3,
    0xa7, 0x0, 0x0, 0x5c, 0xfc, 0x30, 0x6, 0xdf,
    0xa3, 0x0, 0x1e, 0xe8, 0x10, 0x0, 0x1, 0xef,
    0x81, 0x0, 0x0, 0x0, 0x6d, 0xfa, 0x30, 0x0,
    0x0, 0x5, 0xcf, 0xc3, 0x0, 0x0, 0x0, 0x3b,
    0x70, 0x0, 0x0, 0x0, 0x0,

    /* U+003D "=" */
    0x1f, 0xff, 0xff, 0xff, 0x70, 0x66, 0x66, 0x66,
    0x62, 0x0, 0x0, 0x0, 0x0, 0x0, 0x11, 0x11,
    0x11, 0x10, 0x1f, 0xff, 0xff, 0xff, 0x70, 0x44,
    0x44, 0x44, 0x42,

    /* U+003E ">" */
    0x0, 0x0, 0x0, 0x0, 0x1, 0xd6, 0x0, 0x0,
    0x0, 0xa, 0xfe, 0x71, 0x0, 0x0, 0x1, 0x8e,
    0xf9, 0x10, 0x0, 0x0, 0x6, 0xdf, 0x50, 0x0,
    0x0, 0x5c, 0xf6, 0x0, 0x17, 0xef, 0x92, 0x0,
    0x9f, 0xe8, 0x10, 0x0, 0x1d, 0x60, 0x0, 0x0,
    0x0, 0x0, 0x0, 0x0, 0x0,

    /* U+003F "?" */
    0x0, 0x7d, 0xfd, 0x60, 0x0, 0x8f, 0x74, 0x8f,
    0x90, 0xf, 0x80, 0x0, 0x9f, 0x1, 0x82, 0x0,
    0x6, 0xf1, 0x0, 0x0, 0x0, 0xcc, 0x0, 0x0,
    0x0, 0xbe, 0x20, 0x0, 0x0, 0xae, 0x20, 0x0,
    0x0, 0x2f, 0x50, 0x0, 0x0, 0x4, 0xf1, 0x0,
    0x0, 0x0, 0x1, 0x0, 0x0, 0x0, 0x4, 0xb2,
    0x0, 0x0, 0x0, 0x5f, 0x30, 0x0,

    /* U+0040 "@" */
    0x0, 0x0, 0x6, 0xbe, 0xfe, 0xc7, 0x0, 0x0,
    0x0, 0x2, 0xde, 0x84, 0x34, 0x8e, 0xe2, 0x0,
    0x0, 0x2f, 0x90, 0x0, 0x0, 0x0, 0x9e, 0x10,
    0x0, 0xc9, 0x0, 0x9e, 0xe6, 0x8d, 0xb, 0xa0,
    0x5, 0xe0, 0xb, 0xe5, 0x5e, 0xea, 0x2, 0xf0,
    0xb, 0x70, 0x6f, 0x20, 0x5, 0xf7, 0x0, 0xe3,
    0xe, 0x20, 0xda, 0x0, 0x3, 0xf4, 0x0, 0xe4,
    0xf, 0x10, 0xf6, 0x0, 0x4, 0xf1, 0x0, 0xf2,
    0xf, 0x11, 0xf5, 0x0, 0x9, 0xe0, 0x6, 0xd0,
    0xf, 0x30, 0xe9, 0x0, 0x3f, 0xa0, 0x2f, 0x50,
    0xa, 0x90, 0x8f, 0x87, 0xef, 0xd7, 0xf9, 0x0,
    0x3, 0xf3, 0xa, 0xfd, 0x38, 0xfd, 0x60, 0x21,
    0x0, 0x8e, 0x50, 0x0, 0x0, 0x0, 0x8, 0xf2,
    0x0, 0x7, 0xfc, 0x74, 0x34, 0x59, 0xed, 0x30,
    0x0, 0x0, 0x18, 0xce, 0xff, 0xda, 0x50, 0x0,

    /* U+0041 "A" */
    0x0, 0x0, 0xc, 0xf3, 0x0, 0x0, 0x0, 0x0,
    0x2f, 0xd9, 0x0, 0x0, 0x0, 0x0, 0x8d, 0x7f,
    0x0, 0x0, 0x0, 0x0, 0xe8, 0x1f, 0x60, 0x0,
    0x0, 0x4, 0xf2, 0xb, 0xc0, 0x0, 0x0, 0xa,
    0xc0, 0x5, 0xf2, 0x0, 0x0, 0xf, 0x70, 0x1,
    0xf8, 0x0, 0x0, 0x5f, 0xff, 0xff, 0xfe, 0x0,
    0x0, 0xbc, 0x33, 0x33, 0x6f, 0x50, 0x1, 0xf6,
    0x0, 0x0, 0xe, 0xb0, 0x7, 0xf1, 0x0, 0x0,
    0x8, 0xf1, 0xd, 0xc0, 0x0, 0x0, 0x3, 0xf7,

    /* U+0042 "B" */
    0xdf, 0xff, 0xfe, 0xa1, 0xd, 0xd7, 0x77, 0x9f,
    0xc0, 0xdb, 0x0, 0x0, 0x5f, 0x2d, 0xb0, 0x0,
    0x4, 0xf3, 0xdb, 0x22, 0x23, 0xcd, 0xd, 0xff,
    0xff, 0xff, 0x20, 0xdc, 0x55, 0x56, 0xce, 0x2d,
    0xb0, 0x0, 0x0, 0xea, 0xdb, 0x0, 0x0, 0xc,
    0xcd, 0xb0, 0x0, 0x1, 0xea, 0xdd, 0x77, 0x78,
    0xef, 0x3d, 0xff, 0xff, 0xeb, 0x40,

    /* U+0043 "C" */
    0x0, 0x4, 0xbe, 0xfc, 0x60, 0x0, 0x8, 0xfb,
    0x76, 0xaf, 0xa0, 0x5, 0xf8, 0x0, 0x0, 0x7f,
    0x50, 0xce, 0x0, 0x0, 0x0, 0xa5, 0xf, 0x90,
    0x0, 0x0, 0x0, 0x2, 0xf7, 0x0, 0x0, 0x0,
    0x0, 0x2f, 0x60, 0x0, 0x0, 0x0, 0x0, 0xf8,
    0x0, 0x0, 0x0, 0x20, 0xc, 0xd0, 0x0, 0x0,
    0xd, 0xc0, 0x5f, 0x70, 0x0, 0x7, 0xf5, 0x0,
    0xaf, 0xb6, 0x7b, 0xfa, 0x0, 0x0, 0x6c, 0xff,
    0xc6, 0x0,

    /* U+0044 "D" */
    0xbf, 0xff, 0xfe, 0xb4, 0x0, 0xbe, 0x77, 0x78,
    0xdf, 0x50, 0xbc, 0x0, 0x0, 0xc, 0xe0, 0xbc,
    0x0, 0x0, 0x3, 0xf6, 0xbc, 0x0, 0x0, 0x0,
    0xfa, 0xbc, 0x0, 0x0, 0x0, 0xdb, 0xbc, 0x0,
    0x0, 0x0, 0xdb, 0xbc, 0x0, 0x0, 0x0, 0xf9,
    0xbc, 0x0, 0x0, 0x3, 0xf6, 0xbc, 0x0, 0x0,
    0xc, 0xe0, 0xbe, 0x77, 0x78, 0xdf, 0x50, 0xbf,
    0xff, 0xfe, 0xb3, 0x0,

    /* U+0045 "E" */
    0xbf, 0xff, 0xff, 0xff, 0x9b, 0xe7, 0x77, 0x77,
    0x74, 0xbc, 0x0, 0x0, 0x0, 0xb, 0xc0, 0x0,
    0x0, 0x0, 0xbc, 0x22, 0x22, 0x22, 0xb, 0xff,
    0xff, 0xff, 0xf2, 0xbd, 0x55, 0x55, 0x55, 0xb,
    0xc0, 0x0, 0x0, 0x0, 0xbc, 0x0, 0x0, 0x0,
    0xb, 0xc0, 0x0, 0x0, 0x0, 0xbe, 0x77, 0x77,
    0x77, 0x5b, 0xff, 0xff, 0xff, 0xfd,

    /* U+0046 "F" */
    0xbf, 0xff, 0xff, 0xff, 0xb, 0xe7, 0x77, 0x77,
    0x70, 0xbc, 0x0, 0x0, 0x0, 0xb, 0xc0, 0x0,
    0x0, 0x0, 0xbd, 0x22, 0x22, 0x20, 0xb, 0xff,
    0xff, 0xff, 0x30, 0xbd, 0x55, 0x55, 0x50, 0xb,
    0xc0, 0x0, 0x0, 0x0, 0xbc, 0x0, 0x0, 0x0,
    0xb, 0xc0, 0x0, 0x0, 0x0, 0xbc, 0x0, 0x0,
    0x0, 0xb, 0xc0, 0x0, 0x0, 0x0,

    /* U+0047 "G" */
    0x0, 0x3, 0xae, 0xfe, 0xa3, 0x0, 0x0, 0x6f,
    0xd8, 0x68, 0xdf, 0x40, 0x3, 0xf9, 0x0, 0x0,
    0xc, 0xd0, 0xb, 0xe0, 0x0, 0x0, 0x3, 0xa1,
    0xf, 0x90, 0x0, 0x0, 0x0, 0x0, 0x1f, 0x60,
    0x0, 0x2, 0x22, 0x20, 0x2f, 0x70, 0x0, 0x6f,
    0xff, 0xf6, 0xf, 0x90, 0x0, 0x25, 0x55, 0xf6,
    0xb, 0xe0, 0x0, 0x0, 0x0, 0xf6, 0x3, 0xfb,
    0x0, 0x0, 0x5, 0xf6, 0x0, 0x6f, 0xe9, 0x78,
    0xdf, 0xc1, 0x0, 0x2, 0xae, 0xfe, 0xb5, 0x0,

    /* U+0048 "H" */
    0xbc, 0x0, 0x0, 0x4, 0xf4, 0xbc, 0x0, 0x0,
    0x4, 0xf4, 0xbc, 0x0, 0x0, 0x4, 0xf4, 0xbc,
    0x0, 0x0, 0x4, 0xf4, 0xbd, 0x22, 0x22, 0x25,
    0xf4, 0xbf, 0xff, 0xff, 0xff, 0xf4, 0xbd, 0x55,
    0x55, 0x57, 0xf4, 0xbc, 0x0, 0x0, 0x4, 0xf4,
    0xbc, 0x0, 0x0, 0x4, 0xf4, 0xbc, 0x0, 0x0,
    0x4, 0xf4, 0xbc, 0x0, 0x0, 0x4, 0xf4, 0xbc,
    0x0, 0x0, 0x4, 0xf4,

    /* U+0049 "I" */
    0x8f, 0x8f, 0x8f, 0x8f, 0x8f, 0x8f, 0x8f, 0x8f,
    0x8f, 0x8f, 0x8f, 0x8f,

    /* U+004A "J" */
    0x0, 0x0, 0xc, 0xb0, 0x0, 0x0, 0xcb, 0x0,
    0x0, 0xc, 0xb0, 0x0, 0x0, 0xcb, 0x0, 0x0,
    0xc, 0xb0, 0x0, 0x0, 0xcb, 0x0, 0x0, 0xc,
    0xb0, 0x0, 0x0, 0xcb, 0x59, 0x0, 0xd, 0xb6,
    0xf1, 0x0, 0xf9, 0x2f, 0xc7, 0xbf, 0x30, 0x4d,
    0xfd, 0x50,

    /* U+004B "K" */
    0xdb, 0x0, 0x0, 0x2e, 0xd1, 0xdb, 0x0, 0x2,
    0xed, 0x10, 0xdb, 0x0, 0x1e, 0xd1, 0x0, 0xdb,
    0x1, 0xdd, 0x10, 0x0, 0xdb, 0x1d, 0xe1, 0x0,
    0x0, 0xdc, 0xcf, 0xf2, 0x0, 0x0, 0xdf, 0xe3,
    0xfc, 0x0, 0x0, 0xde, 0x20, 0x6f, 0x70, 0x0,
    0xdb, 0x0, 0xb, 0xf3, 0x0, 0xdb, 0x0, 0x1,
    0xed, 0x0, 0xdb, 0x0, 0x0, 0x5f, 0x90, 0xdb,
    0x0, 0x0, 0xb, 0xf4,

    /* U+004C "L" */
    0xcb, 0x0, 0x0, 0x0, 0xcb, 0x0, 0x0, 0x0,
    0xcb, 0x0, 0x0, 0x0, 0xcb, 0x0, 0x0, 0x0,
    0xcb, 0x0, 0x0, 0x0, 0xcb, 0x0, 0x0, 0x0,
    0xcb, 0x0, 0x0, 0x0, 0xcb, 0x0, 0x0, 0x0,
    0xcb, 0x0, 0x0, 0x0, 0xcb, 0x0, 0x0, 0x0,
    0xcd, 0x77, 0x77, 0x72, 0xcf, 0xff, 0xff, 0xf6,

    /* U+004D "M" */
    0xcf, 0xa0, 0x0, 0x0, 0x1f, 0xf1, 0xcf, 0xf0,
    0x0, 0x0, 0x6f, 0xf1, 0xcb, 0xf4, 0x0, 0x0,
    0xbc, 0xf1, 0xca, 0xc9, 0x0, 0x1, 0xf7, 0xf1,
    0xca, 0x6e, 0x0, 0x6, 0xc5, 0xf1, 0xca, 0x1f,
    0x30, 0xb, 0x75, 0xf1, 0xca, 0xc, 0x90, 0xf,
    0x25, 0xf1, 0xca, 0x7, 0xe0, 0x5d, 0x5, 0xf1,
    0xca, 0x2, 0xf3, 0xb7, 0x5, 0xf1, 0xca, 0x0,
    0xd8, 0xf2, 0x5, 0xf1, 0xca, 0x0, 0x8f, 0xd0,
    0x5, 0xf1, 0xca, 0x0, 0x2f, 0x80, 0x5, 0xf1,

    /* U+004E "N" */
    0xbf, 0x20, 0x0, 0x2, 0xf4, 0xbf, 0xc0, 0x0,
    0x2, 0xf4, 0xbe, 0xf6, 0x0, 0x2, 0xf4, 0xbb,
    0xae, 0x10, 0x2, 0xf4, 0xbb, 0x1f, 0xa0, 0x2,
    0xf4, 0xbb, 0x6, 0xf4, 0x2, 0xf4, 0xbb, 0x0,
    0xce, 0x2, 0xf4, 0xbb, 0x0, 0x2f, 0x92, 0xf4,
    0xbb, 0x0, 0x8, 0xf6, 0xf4, 0xbb, 0x0, 0x0,
    0xde, 0xf4, 0xbb, 0x0, 0x0, 0x3f, 0xf4, 0xbb,
    0x0, 0x0, 0x9, 0xf4,

    /* U+004F "O" */
    0x0, 0x4, 0xbe, 0xfd, 0x81, 0x0, 0x0, 0x8f,
    0xc7, 0x69, 0xfd, 0x10, 0x5, 0xf8, 0x0, 0x0,
    0x2e, 0xc0, 0xc, 0xd0, 0x0, 0x0, 0x6, 0xf4,
    0x1f, 0x80, 0x0, 0x0, 0x0, 0xf8, 0x3f, 0x50,
    0x0, 0x0, 0x0, 0xea, 0x3f, 0x50, 0x0, 0x0,
    0x0, 0xea, 0x1f, 0x70, 0x0, 0x0, 0x0, 0xf9,
    0xd, 0xd0, 0x0, 0x0, 0x6, 0xf4, 0x5, 0xf8,
    0x0, 0x0, 0x2e, 0xc0, 0x0, 0x8f, 0xc7, 0x69,
    0xfd, 0x10, 0x0, 0x4, 0xbe, 0xfd, 0x81, 0x0,

    /* U+0050 "P" */
    0xcf, 0xff, 0xff, 0xd6, 0xc, 0xd7, 0x77, 0x8c,
    0xf6, 0xcc, 0x0, 0x0, 0xd, 0xcc, 0xc0, 0x0,
    0x0, 0xaf, 0xcc, 0x0, 0x0, 0xc, 0xdc, 0xc2,
    0x22, 0x39, 0xf8, 0xcf, 0xff, 0xff, 0xf9, 0xc,
    0xd5, 0x54, 0x41, 0x0, 0xcc, 0x0, 0x0, 0x0,
    0xc, 0xc0, 0x0, 0x0, 0x0, 0xcc, 0x0, 0x0,
    0x0, 0xc, 0xc0, 0x0, 0x0, 0x0,

    /* U+0051 "Q" */
    0x0, 0x4, 0xbe, 0xfd, 0x80, 0x0, 0x0, 0x8f,
    0xc7, 0x69, 0xfd, 0x10, 0x5, 0xf8, 0x0, 0x0,
    0x2e, 0xc0, 0xc, 0xd0, 0x0, 0x0, 0x6, 0xf4,
    0x1f, 0x70, 0x0, 0x0, 0x0, 0xf9, 0x3f, 0x50,
    0x0, 0x0, 0x0, 0xea, 0x3f, 0x50, 0x0, 0x0,
    0x0, 0xea, 0x1f, 0x70, 0x0, 0x0, 0x0, 0xf8,
    0xc, 0xd0, 0x0, 0x21, 0x6, 0xf4, 0x4, 0xf8,
    0x0, 0x7f, 0x8e, 0xb0, 0x0, 0x8f, 0xc7, 0x6b,
    0xff, 0x40, 0x0, 0x4, 0xbf, 0xfd, 0x79, 0xf8,
    0x0, 0x0, 0x0, 0x0, 0x0, 0x46,

    /* U+0052 "R" */
    0xbf, 0xff, 0xff, 0xeb, 0x20, 0xb, 0xd5, 0x55,
    0x58, 0xee, 0x0, 0xbc, 0x0, 0x0, 0x4, 0xf5,
    0xb, 0xc0, 0x0, 0x0, 0x3f, 0x50, 0xbd, 0x22,
    0x22, 0x4c, 0xe1, 0xb, 0xff, 0xff, 0xff, 0xc3,
    0x0, 0xbd, 0x55, 0x7e, 0xb0, 0x0, 0xb, 0xc0,
    0x0, 0x3f, 0xb0, 0x0, 0xbc, 0x0, 0x0, 0x8f,
    0x60, 0xb, 0xc0, 0x0, 0x0, 0xee, 0x0, 0xbc,
    0x0, 0x0, 0x6, 0xf8, 0xb, 0xc0, 0x0, 0x0,
    0xc, 0xf1,

    /* U+0053 "S" */
    0x0, 0x3b, 0xef, 0xd7, 0x0, 0x4, 0xfd, 0x87,
    0xaf, 0xc0, 0xb, 0xd0, 0x0, 0x6, 0xf4, 0xc,
    0xb0, 0x0, 0x0, 0x93, 0x7, 0xf9, 0x30, 0x0,
    0x0, 0x0, 0x8f, 0xfe, 0xb6, 0x0, 0x0, 0x0,
    0x48, 0xcf, 0xd1, 0x0, 0x0, 0x0, 0x3, 0xfa,
    0x3f, 0x40, 0x0, 0x0, 0xac, 0xe, 0xc0, 0x0,
    0x1, 0xea, 0x5, 0xfe, 0x97, 0x9e, 0xf3, 0x0,
    0x4b, 0xef, 0xea, 0x20,

    /* U+0054 "T" */
    0xaf, 0xff, 0xff, 0xff, 0xf6, 0x47, 0x77, 0xfc,
    0x77, 0x73, 0x0, 0x0, 0xea, 0x0, 0x0, 0x0,
    0x0, 0xea, 0x0, 0x0, 0x0, 0x0, 0xea, 0x0,
    0x0, 0x0, 0x0, 0xea, 0x0, 0x0, 0x0, 0x0,
    0xea, 0x0, 0x0, 0x0, 0x0, 0xea, 0x0, 0x0,
    0x0, 0x0, 0xea, 0x0, 0x0, 0x0, 0x0, 0xea,
    0x0, 0x0, 0x0, 0x0, 0xea, 0x0, 0x0, 0x0,
    0x0, 0xea, 0x0, 0x0,

    /* U+0055 "U" */
    0xbc, 0x0, 0x0, 0x4, 0xf4, 0xbc, 0x0, 0x0,
    0x4, 0xf4, 0xbc, 0x0, 0x0, 0x4, 0xf4, 0xbc,
    0x0, 0x0, 0x4, 0xf4, 0xbc, 0x0, 0x0, 0x4,
    0xf4, 0xbc, 0x0, 0x0, 0x4, 0xf4, 0xbc, 0x0,
    0x0, 0x4, 0xf4, 0xbc, 0x0, 0x0, 0x4, 0xf3,
    0x9e, 0x0, 0x0, 0x6, 0xf2, 0x6f, 0x50, 0x0,
    0xc, 0xe0, 0xd, 0xfa, 0x78, 0xdf, 0x50, 0x1,
    0x9d, 0xfe, 0xc4, 0x0,

    /* U+0056 "V" */
    0xbe, 0x0, 0x0, 0x0, 0x2f, 0x55, 0xf3, 0x0,
    0x0, 0x8, 0xf0, 0xf, 0x90, 0x0, 0x0, 0xda,
    0x0, 0x9e, 0x0, 0x0, 0x3f, 0x40, 0x3, 0xf4,
    0x0, 0x9, 0xd0, 0x0, 0xd, 0x90, 0x0, 0xe8,
    0x0, 0x0, 0x8e, 0x0, 0x4f, 0x20, 0x0, 0x2,
    0xf4, 0xa, 0xc0, 0x0, 0x0, 0xc, 0xa0, 0xf6,
    0x0, 0x0, 0x0, 0x6f, 0x5f, 0x0, 0x0, 0x0,
    0x0, 0xfd, 0xa0, 0x0, 0x0, 0x0, 0xa, 0xf4,
    0x0, 0x0,

    /* U+0057 "W" */
    0xad, 0x0, 0x0, 0x7f, 0xa0, 0x0, 0xb, 0xc6,
    0xf1, 0x0, 0xb, 0xee, 0x0, 0x0, 0xe8, 0x2f,
    0x40, 0x0, 0xf7, 0xf2, 0x0, 0x2f, 0x40, 0xe8,
    0x0, 0x4f, 0x1e, 0x70, 0x6, 0xf0, 0xa, 0xb0,
    0x8, 0xc0, 0xab, 0x0, 0xac, 0x0, 0x6f, 0x0,
    0xc8, 0x6, 0xf0, 0xe, 0x70, 0x2, 0xf2, 0x1f,
    0x30, 0x2f, 0x31, 0xf3, 0x0, 0xe, 0x65, 0xf0,
    0x0, 0xd7, 0x5f, 0x0, 0x0, 0xa9, 0x9b, 0x0,
    0x9, 0xb9, 0xb0, 0x0, 0x6, 0xdc, 0x70, 0x0,
    0x5e, 0xc6, 0x0, 0x0, 0x2f, 0xf2, 0x0, 0x1,
    0xff, 0x20, 0x0, 0x0, 0xee, 0x0, 0x0, 0xc,
    0xe0, 0x0,

    /* U+0058 "X" */
    0x1f, 0xb0, 0x0, 0x0, 0xbd, 0x0, 0x6f, 0x60,
    0x0, 0x7f, 0x30, 0x0, 0xbf, 0x20, 0x3f, 0x70,
    0x0, 0x1, 0xeb, 0xd, 0xc0, 0x0, 0x0, 0x5,
    0xfc, 0xf1, 0x0, 0x0, 0x0, 0xb, 0xf7, 0x0,
    0x0, 0x0, 0x1, 0xef, 0xc0, 0x0, 0x0, 0x0,
    0xbe, 0x5f, 0x80, 0x0, 0x0, 0x7f, 0x40, 0xaf,
    0x30, 0x0, 0x2f, 0x90, 0x1, 0xed, 0x0, 0xd,
    0xe0, 0x0, 0x4, 0xf8, 0x9, 0xf4, 0x0, 0x0,
    0xa, 0xf3,

    /* U+0059 "Y" */
    0x9f, 0x30, 0x0, 0x0, 0x8f, 0x41, 0xed, 0x0,
    0x0, 0x2f, 0x90, 0x5, 0xf7, 0x0, 0xc, 0xe0,
    0x0, 0xa, 0xf2, 0x6, 0xf4, 0x0, 0x0, 0x1f,
    0xb1, 0xe9, 0x0, 0x0, 0x0, 0x6f, 0xce, 0x0,
    0x0, 0x0, 0x0, 0xcf, 0x40, 0x0, 0x0, 0x0,
    0x8, 0xf0, 0x0, 0x0, 0x0, 0x0, 0x8f, 0x0,
    0x0, 0x0, 0x0, 0x8, 0xf0, 0x0, 0x0, 0x0,
    0x0, 0x8f, 0x0, 0x0, 0x0, 0x0, 0x8, 0xf0,
    0x0, 0x0,

    /* U+005A "Z" */
    0xf, 0xff, 0xff, 0xff, 0xf2, 0x7, 0x77, 0x77,
    0x7e, 0xf1, 0x0, 0x0, 0x0, 0x8f, 0x50, 0x0,
    0x0, 0x5, 0xf8, 0x0, 0x0, 0x0, 0x2f, 0xc0,
    0x0, 0x0, 0x0, 0xde, 0x10, 0x0, 0x0, 0xa,
    0xf3, 0x0, 0x0, 0x0, 0x6f, 0x60, 0x0, 0x0,
    0x3, 0xfa, 0x0, 0x0, 0x0, 0x1d, 0xd0, 0x0,
    0x0, 0x0, 0x9f, 0x97, 0x77, 0x77, 0x72, 0xbf,
    0xff, 0xff, 0xff, 0xf5,

    /* U+005B "[" */
    0xef, 0xf3, 0xe9, 0x30, 0xe8, 0x0, 0xe8, 0x0,
    0xe8, 0x0, 0xe8, 0x0, 0xe8, 0x0, 0xe8, 0x0,
    0xe8, 0x0, 0xe8, 0x0, 0xe8, 0x0, 0xe8, 0x0,
    0xe8, 0x0, 0xe9, 0x30, 0xef, 0xf3,

    /* U+005C "\\" */
    0xd4, 0x0, 0x9, 0x80, 0x0, 0x5d, 0x0, 0x0,
    0xf1, 0x0, 0xc, 0x60, 0x0, 0x7a, 0x0, 0x3,
    0xe0, 0x0, 0xe, 0x30, 0x0, 0xa7, 0x0, 0x6,
    0xc0, 0x0, 0x1f, 0x0, 0x0, 0xd5,

    /* U+005D "]" */
    0xbf, 0xf5, 0x24, 0xf5, 0x0, 0xf5, 0x0, 0xf5,
    0x0, 0xf5, 0x0, 0xf5, 0x0, 0xf5, 0x0, 0xf5,
    0x0, 0xf5, 0x0, 0xf5, 0x0, 0xf5, 0x0, 0xf5,
    0x0, 0xf5, 0x24, 0xf5, 0xbf, 0xf5,

    /* U+005E "^" */
    0x0, 0x7, 0x30, 0x0, 0x0, 0x3f, 0xc0, 0x0,
    0x0, 0xab, 0xf2, 0x0, 0x1, 0xf3, 0xb9, 0x0,
    0x8, 0xd0, 0x5f, 0x10, 0xe, 0x70, 0xe, 0x70,
    0x5f, 0x10, 0x8, 0xd0,

    /* U+005F "_" */
    0x1d, 0xdd, 0xdd, 0xdd, 0xd1,

    /* U+0060 "`" */
    0x15, 0x30, 0xb, 0xd0, 0x1, 0xe5,

    /* U+0061 "a" */
    0x0, 0x8d, 0xfe, 0xa0, 0x0, 0xae, 0x53, 0x7f,
    0x90, 0xc, 0x50, 0x0, 0xac, 0x0, 0x0, 0x3,
    0x6d, 0xc0, 0x4, 0xcf, 0xfd, 0xdd, 0x2, 0xfb,
    0x41, 0xa, 0xd0, 0x5f, 0x20, 0x0, 0xdd, 0x2,
    0xf8, 0x1, 0x9f, 0xd0, 0x5, 0xdf, 0xd8, 0x6f,
    0x10,

    /* U+0062 "b" */
    0xe7, 0x0, 0x0, 0x0, 0xe7, 0x0, 0x0, 0x0,
    0xe7, 0x0, 0x0, 0x0, 0xe8, 0xaf, 0xe7, 0x0,
    0xef, 0xa4, 0x8f, 0x70, 0xed, 0x0, 0x9, 0xe0,
    0xe7, 0x0, 0x4, 0xf2, 0xe6, 0x0, 0x3, 0xf4,
    0xe7, 0x0, 0x4, 0xf2, 0xec, 0x0, 0x9, 0xe0,
    0xef, 0x94, 0x8f, 0x60, 0xe7, 0xbf, 0xd6, 0x0,

    /* U+0063 "c" */
    0x0, 0x7d, 0xfc, 0x40, 0x8, 0xf7, 0x49, 0xf3,
    0x1f, 0x70, 0x0, 0xc7, 0x4f, 0x20, 0x0, 0x0,
    0x5f, 0x10, 0x0, 0x0, 0x3f, 0x20, 0x0, 0x33,
    0x1f, 0x70, 0x0, 0xca, 0x8, 0xf7, 0x49, 0xf3,
    0x0, 0x8e, 0xfc, 0x40,

    /* U+0064 "d" */
    0x0, 0x0, 0x0, 0xac, 0x0, 0x0, 0x0, 0xac,
    0x0, 0x0, 0x0, 0xac, 0x0, 0x9e, 0xf9, 0xac,
    0x9, 0xf6, 0x4b, 0xfc, 0x1f, 0x70, 0x0, 0xec,
    0x4f, 0x20, 0x0, 0xac, 0x6f, 0x0, 0x0, 0x8c,
    0x5f, 0x10, 0x0, 0x9c, 0x1f, 0x50, 0x0, 0xdc,
    0x8, 0xe3, 0x18, 0xfc, 0x0, 0x8e, 0xfa, 0x9c,

    /* U+0065 "e" */
    0x0, 0x7d, 0xfd, 0x50, 0x0, 0x7f, 0x84, 0x8f,
    0x50, 0xf, 0x90, 0x0, 0x8e, 0x4, 0xf4, 0x0,
    0x4, 0xf2, 0x5f, 0xff, 0xff, 0xff, 0x44, 0xf5,
    0x33, 0x33, 0x30, 0x1f, 0x70, 0x0, 0x5b, 0x10,
    0x8f, 0x74, 0x6f, 0xa0, 0x0, 0x7d, 0xfe, 0x80,
    0x0,

    /* U+0066 "f" */
    0x2, 0xcf, 0xd0, 0x8f, 0x75, 0x9, 0xc0, 0xe,
    0xff, 0xf6, 0x2a, 0xd2, 0x0, 0xac, 0x0, 0xa,
    0xc0, 0x0, 0xac, 0x0, 0xa, 0xc0, 0x0, 0xac,
    0x0, 0xa, 0xc0, 0x0, 0xac, 0x0,

    /* U+0067 "g" */
    0x0, 0x9e, 0xfa, 0x7d, 0x9, 0xf6, 0x4b, 0xfd,
    0x1f, 0x60, 0x0, 0xed, 0x5f, 0x10, 0x0, 0x9d,
    0x6f, 0x0, 0x0, 0x7d, 0x5f, 0x10, 0x0, 0x8d,
    0x1f, 0x60, 0x0, 0xdd, 0x9, 0xf6, 0x4b, 0xfd,
    0x0, 0x8e, 0xf9, 0xac, 0x5, 0x10, 0x0, 0xba,
    0xe, 0xb4, 0x48, 0xf4, 0x3, 0xbe, 0xfc, 0x40,

    /* U+0068 "h" */
    0xe7, 0x0, 0x0, 0xe, 0x70, 0x0, 0x0, 0xe7,
    0x0, 0x0, 0xe, 0x89, 0xfe, 0x90, 0xef, 0xb5,
    0x8f, 0x8e, 0xd0, 0x0, 0xbc, 0xe9, 0x0, 0x9,
    0xde, 0x70, 0x0, 0x9d, 0xe7, 0x0, 0x9, 0xde,
    0x70, 0x0, 0x9d, 0xe7, 0x0, 0x9, 0xde, 0x70,
    0x0, 0x9d,

    /* U+0069 "i" */
    0xe7, 0xa5, 0x0, 0xe7, 0xe7, 0xe7, 0xe7, 0xe7,
    0xe7, 0xe7, 0xe7, 0xe7,

    /* U+006A "j" */
    0x0, 0xe7, 0x0, 0xa5, 0x0, 0x0, 0x0, 0xe7,
    0x0, 0xe7, 0x0, 0xe7, 0x0, 0xe7, 0x0, 0xe7,
    0x0, 0xe7, 0x0, 0xe7, 0x0, 0xe7, 0x0, 0xe7,
    0x0, 0xf7, 0x26, 0xf5, 0x9f, 0xb0,

    /* U+006B "k" */
    0xf7, 0x0, 0x0, 0xf, 0x70, 0x0, 0x0, 0xf7,
    0x0, 0x0, 0xf, 0x70, 0xa, 0xf3, 0xf7, 0x9,
    0xf3, 0xf, 0x77, 0xf4, 0x0, 0xfd, 0xfa, 0x0,
    0xf, 0xfb, 0xf2, 0x0, 0xf8, 0xd, 0xc0, 0xf,
    0x70, 0x4f, 0x60, 0xf7, 0x0, 0xae, 0x1f, 0x70,
    0x1, 0xfa,

    /* U+006C "l" */
    0xe7, 0xe7, 0xe7, 0xe7, 0xe7, 0xe7, 0xe7, 0xe7,
    0xe7, 0xe7, 0xe7, 0xe7,

    /* U+006D "m" */
    0xf6, 0xbf, 0xe7, 0x2b, 0xfd, 0x50, 0xff, 0x72,
    0x8f, 0xe6, 0x2a, 0xf1, 0xfb, 0x0, 0x1f, 0x90,
    0x2, 0xf4, 0xf7, 0x0, 0xf, 0x60, 0x1, 0xf5,
    0xf7, 0x0, 0xf, 0x60, 0x1, 0xf5, 0xf7, 0x0,
    0xf, 0x60, 0x1, 0xf5, 0xf7, 0x0, 0xf, 0x60,
    0x1, 0xf5, 0xf7, 0x0, 0xf, 0x60, 0x1, 0xf5,
    0xf7, 0x0, 0xf, 0x60, 0x1, 0xf5,

    /* U+006E "n" */
    0xe7, 0xaf, 0xe9, 0xe, 0xf7, 0x25, 0xf8, 0xeb,
    0x0, 0xb, 0xce, 0x80, 0x0, 0x9d, 0xe8, 0x0,
    0x9, 0xde, 0x80, 0x0, 0x9d, 0xe8, 0x0, 0x9,
    0xde, 0x80, 0x0, 0x9d, 0xe8, 0x0, 0x9, 0xd0,

    /* U+006F "o" */
    0x0, 0x7d, 0xfd, 0x60, 0x0, 0x9f, 0x74, 0x8f,
    0x80, 0x2f, 0x70, 0x0, 0x9f, 0x15, 0xf1, 0x0,
    0x3, 0xf4, 0x6f, 0x0, 0x0, 0x2f, 0x55, 0xf1,
    0x0, 0x3, 0xf4, 0x2f, 0x70, 0x0, 0x9f, 0x0,
    0x9f, 0x74, 0x8f, 0x80, 0x0, 0x7d, 0xfd, 0x60,
    0x0,

    /* U+0070 "p" */
    0xe7, 0xaf, 0xe8, 0x0, 0xef, 0xa3, 0x7f, 0x70,
    0xed, 0x0, 0x8, 0xe0, 0xe7, 0x0, 0x3, 0xf2,
    0xe6, 0x0, 0x2, 0xf4, 0xe7, 0x0, 0x4, 0xf3,
    0xec, 0x0, 0x9, 0xe0, 0xef, 0x94, 0x8f, 0x60,
    0xe9, 0xbf, 0xd6, 0x0, 0xe8, 0x0, 0x0, 0x0,
    0xe8, 0x0, 0x0, 0x0, 0xe8, 0x0, 0x0, 0x0,

    /* U+0071 "q" */
    0x0, 0x9e, 0xfa, 0x8d, 0x9, 0xf6, 0x3b, 0xfd,
    0x1f, 0x70, 0x0, 0xed, 0x4f, 0x20, 0x0, 0x9d,
    0x5f, 0x10, 0x0, 0x7d, 0x4f, 0x20, 0x0, 0x8d,
    0x1f, 0x70, 0x0, 0xdd, 0x8, 0xf7, 0x4a, 0xfd,
    0x0, 0x7e, 0xfa, 0xad, 0x0, 0x0, 0x0, 0x9d,
    0x0, 0x0, 0x0, 0x9d, 0x0, 0x0, 0x0, 0x9d,

    /* U+0072 "r" */
    0xf7, 0xde, 0x5f, 0xf8, 0x61, 0xfb, 0x0, 0xf,
    0x70, 0x0, 0xf7, 0x0, 0xf, 0x70, 0x0, 0xf7,
    0x0, 0xf, 0x70, 0x0, 0xf7, 0x0, 0x0,

    /* U+0073 "s" */
    0x3, 0xcf, 0xea, 0x10, 0x1f, 0xa4, 0x5d, 0xb0,
    0x3f, 0x20, 0x3, 0x80, 0xe, 0xe9, 0x40, 0x0,
    0x2, 0xaf, 0xff, 0x70, 0x0, 0x0, 0x3a, 0xf3,
    0x5e, 0x0, 0x2, 0xf5, 0x1e, 0xb4, 0x4b, 0xe1,
    0x3, 0xbe, 0xeb, 0x20,

    /* U+0074 "t" */
    0x0, 0x0, 0x0, 0x49, 0x0, 0xb, 0xb0, 0x0,
    0xbb, 0x0, 0xbf, 0xff, 0x11, 0xbb, 0x20, 0xb,
    0xb0, 0x0, 0xbb, 0x0, 0xb, 0xb0, 0x0, 0xbb,
    0x0, 0xb, 0xb0, 0x0, 0xae, 0x61, 0x3, 0xef,
    0x30,

    /* U+0075 "u" */
    0xf7, 0x0, 0x9, 0xcf, 0x70, 0x0, 0x9c, 0xf7,
    0x0, 0x9, 0xcf, 0x70, 0x0, 0x9c, 0xf7, 0x0,
    0x9, 0xce, 0x70, 0x0, 0xac, 0xd8, 0x0, 0xd,
    0xc9, 0xe3, 0x29, 0xfc, 0x1a, 0xfe, 0x97, 0xc0,

    /* U+0076 "v" */
    0x9d, 0x0, 0x0, 0xca, 0x4f, 0x30, 0x2, 0xf4,
    0xe, 0x80, 0x7, 0xe0, 0x9, 0xd0, 0xc, 0x90,
    0x3, 0xf2, 0x2f, 0x30, 0x0, 0xd7, 0x7e, 0x0,
    0x0, 0x8c, 0xc8, 0x0, 0x0, 0x2f, 0xf3, 0x0,
    0x0, 0xd, 0xd0, 0x0,

    /* U+0077 "w" */
    0xca, 0x0, 0xf, 0xa0, 0x0, 0xf5, 0x8e, 0x0,
    0x4f, 0xe0, 0x5, 0xf0, 0x3f, 0x20, 0x8d, 0xf2,
    0x9, 0xb0, 0xe, 0x60, 0xc7, 0xf6, 0xd, 0x70,
    0xa, 0xa0, 0xf3, 0xb9, 0x1f, 0x20, 0x5, 0xe4,
    0xf0, 0x7d, 0x6e, 0x0, 0x1, 0xfb, 0xb0, 0x3f,
    0xc9, 0x0, 0x0, 0xcf, 0x70, 0xf, 0xf4, 0x0,
    0x0, 0x8f, 0x30, 0xb, 0xf0, 0x0,

    /* U+0078 "x" */
    0x5f, 0x60, 0x5, 0xf5, 0xa, 0xe1, 0x1e, 0xa0,
    0x1, 0xe9, 0xae, 0x10, 0x0, 0x5f, 0xf4, 0x0,
    0x0, 0x1f, 0xf1, 0x0, 0x0, 0x9e, 0xea, 0x0,
    0x4, 0xf5, 0x5f, 0x40, 0xd, 0xb0, 0xb, 0xd0,
    0x9f, 0x20, 0x2, 0xf9,

    /* U+0079 "y" */
    0x8e, 0x0, 0x0, 0xbb, 0x2f, 0x40, 0x1, 0xf5,
    0xd, 0xa0, 0x7, 0xe0, 0x7, 0xf0, 0xc, 0x90,
    0x1, 0xf5, 0x2f, 0x30, 0x0, 0xbb, 0x7d, 0x0,
    0x0, 0x5f, 0xc8, 0x0, 0x0, 0xf, 0xf2, 0x0,
    0x0, 0xb, 0xc0, 0x0, 0x0, 0xe, 0x60, 0x0,
    0x7, 0xbe, 0x0, 0x0, 0xe, 0xd3, 0x0, 0x0,

    /* U+007A "z" */
    0x6f, 0xff, 0xff, 0xf6, 0x13, 0x33, 0x3c, 0xe1,
    0x0, 0x0, 0x6f, 0x30, 0x0, 0x3, 0xf7, 0x0,
    0x0, 0x1e, 0xa0, 0x0, 0x0, 0xcd, 0x0, 0x0,
    0xa, 0xf2, 0x0, 0x0, 0x6f, 0x94, 0x44, 0x42,
    0xaf, 0xff, 0xff, 0xfa,

    /* U+007B "{" */
    0x0, 0x4d, 0xf0, 0xc, 0xc4, 0x0, 0xe6, 0x0,
    0xf, 0x50, 0x0, 0xf4, 0x0, 0x7f, 0x10, 0x8f,
    0x30, 0x2, 0xbb, 0x0, 0x1, 0xf2, 0x0, 0xf,
    0x50, 0x0, 0xf5, 0x0, 0xe, 0x60, 0x0, 0xd6,
    0x0, 0xa, 0xc4, 0x0, 0x2d, 0xf0,

    /* U+007C "|" */
    0x8b, 0x8b, 0x8b, 0x8b, 0x8b, 0x8b, 0x8b, 0x8b,
    0x8b, 0x8b, 0x8b, 0x8b, 0x8b, 0x8b, 0x8b,

    /* U+007D "}" */
    0x9e, 0x80, 0x2, 0x8f, 0x20, 0x0, 0xf4, 0x0,
    0xf, 0x40, 0x0, 0xf5, 0x0, 0xa, 0xc2, 0x0,
    0xc, 0xe0, 0x6, 0xe5, 0x0, 0xd7, 0x0, 0xf,
    0x50, 0x0, 0xf4, 0x0, 0xf, 0x40, 0x1, 0xf3,
    0x3, 0x9f, 0x10, 0x9e, 0x70, 0x0,

    /* U+007E "~" */
    0x3, 0x87, 0x30, 0x0, 0x33, 0xff, 0xff, 0xd9,
    0xca, 0x46, 0x2, 0x7d, 0xfc, 0x30, 0x0, 0x0,
    0x0, 0x0,

    /* U+2026 "…" */
    0x1b, 0x50, 0x0, 0x88, 0x0, 0x5, 0xb1, 0x2f,
    0x70, 0x0, 0xcc, 0x0, 0x7, 0xf2,

    /* U+3002 "。" */
    0x8, 0xc9, 0x7, 0xb3, 0xa8, 0xb4, 0x2, 0xc8,
    0x90, 0x8a, 0xa, 0xfb, 0x10,

    /* U+4E0D "不" */
    0x7f, 0xff, 0xff, 0xff, 0xff, 0xff, 0xfe, 0x1,
    0x33, 0x33, 0x34, 0xfa, 0x33, 0x33, 0x30, 0x0,
    0x0, 0x0, 0xae, 0x0, 0x0, 0x0, 0x0, 0x0,
    0x0, 0x5f, 0xb0, 0x0, 0x0, 0x0, 0x0, 0x0,
    0x3f, 0xeb, 0x7d, 0x30, 0x0, 0x0, 0x0, 0x4f,
    0x89, 0xb0, 0x9f, 0x70, 0x0, 0x0, 0x8f, 0x80,
    0x9b, 0x0, 0x4f, 0x90, 0x4, 0xee, 0x40, 0x9,
    0xb0, 0x0, 0x4f, 0x80, 0x39, 0x10, 0x0, 0x9b,
    0x0, 0x0, 0x58, 0x0, 0x0, 0x0, 0x9, 0xb0,
    0x0, 0x0, 0x0, 0x0, 0x0, 0x0, 0x9b, 0x0,
    0x0, 0x0, 0x0, 0x0, 0x0, 0x9, 0xb0, 0x0,
    0x0, 0x0, 0x0, 0x0, 0x0, 0x9b, 0x0, 0x0,
    0x0, 0x0, 0x0, 0x0, 0x9, 0xb0, 0x0, 0x0,
    0x0,

    /* U+4E2D "中" */
    0x0, 0x0, 0xe, 0x50, 0x0, 0x0, 0x0, 0x0,
    0xe, 0x50, 0x0, 0x0, 0x33, 0x33, 0x3f, 0x73,
    0x33, 0x31, 0xef, 0xff, 0xff, 0xff, 0xff, 0xf5,
    0xe5, 0x0, 0xe, 0x50, 0x0, 0xe5, 0xe5, 0x0,
    0xe, 0x50, 0x0, 0xe5, 0xe5, 0x0, 0xe, 0x50,
    0x0, 0xe5, 0xe8, 0x55, 0x5f, 0x85, 0x55, 0xf5,
    0xee, 0xdd, 0xdf, 0xed, 0xdd, 0xf5, 0xc4, 0x0,
    0xe, 0x50, 0x0, 0xb4, 0x0, 0x0, 0xe, 0x50,
    0x0, 0x0, 0x0, 0x0, 0xe, 0x50, 0x0, 0x0,
    0x0, 0x0, 0xe, 0x50, 0x0, 0x0, 0x0, 0x0,
    0xe, 0x50, 0x0, 0x0,

    /* U+4E8C "二" */
    0x0, 0x55, 0x55, 0x55, 0x55, 0x55, 0x40, 0x1,
    0xff, 0xff, 0xff, 0xff, 0xff, 0xc0, 0x0, 0x0,
    0x0, 0x0, 0x0, 0x0, 0x0, 0x0, 0x0, 0x0,
    0x0, 0x0, 0x0, 0x0, 0x0, 0x0, 0x0, 0x0,
    0x0, 0x0, 0x0, 0x0, 0x0, 0x0, 0x0, 0x0,
    0x0, 0x0, 0x0, 0x0, 0x0, 0x0, 0x0, 0x0,
    0x0, 0x0, 0x0, 0x0, 0x0, 0x0, 0x0, 0x0,
    0x2f, 0xff, 0xff, 0xff, 0xff, 0xff, 0xfd, 0x5,
    0x55, 0x55, 0x55, 0x55, 0x55, 0x54,

    /* U+4EAE "亮" */
    0x0, 0x0, 0x0, 0x4e, 0x0, 0x0, 0x0, 0x0,
    0x7b, 0xbb, 0xbc, 0xfb, 0xbb, 0xbb, 0x30, 0x4,
    0x66, 0x66, 0x66, 0x66, 0x66, 0x62, 0x0, 0x0,
    0x5f, 0xff, 0xff, 0xff, 0x0, 0x0, 0x0, 0x5,
    0xe0, 0x0, 0x5, 0xf0, 0x0, 0x0, 0x0, 0x5f,
    0xee, 0xee, 0xff, 0x0, 0x0, 0x13, 0x34, 0x55,
    0x55, 0x55, 0x53, 0x33, 0x5, 0xff, 0xff, 0xff,
    0xff, 0xff, 0xff, 0xe0, 0x5e, 0x0, 0x23, 0x0,
    0x22, 0x0, 0x4e, 0x3, 0x90, 0x7, 0xb0, 0x8,
    0x90, 0x3, 0x90, 0x0, 0x0, 0x8b, 0x0, 0x89,
    0x0, 0x0, 0x0, 0x0, 0x1d, 0x70, 0x8, 0x90,
    0x0, 0xa7, 0x1, 0x6d, 0xc0, 0x0, 0x8a, 0x22,
    0x3e, 0x57, 0xfe, 0x70, 0x0, 0x3, 0xef, 0xff,
    0xc0, 0x2, 0x0, 0x0, 0x0, 0x0, 0x0, 0x0,
    0x0,

    /* U+4F1A "会" */
    0x0, 0x0, 0x0, 0x1, 0x0, 0x0, 0x0, 0x0,
    0x0, 0x0, 0x0, 0xd, 0x80, 0x0, 0x0, 0x0,
    0x0, 0x0, 0x0, 0x7f, 0xd1, 0x0, 0x0, 0x0,
    0x0, 0x0, 0x3, 0xf5, 0xbb, 0x0, 0x0, 0x0,
    0x0, 0x0, 0x1e, 0x80, 0x1d, 0x90, 0x0, 0x0,
    0x0, 0x2, 0xda, 0x11, 0x13, 0xea, 0x0, 0x0,
    0x0, 0x4e, 0xdf, 0xff, 0xff, 0xfc, 0xd2, 0x0,
    0x1a, 0xf7, 0x0, 0x0, 0x0, 0x0, 0xbf, 0x70,
    0xa, 0x52, 0x22, 0x22, 0x22, 0x22, 0x28, 0xb0,
    0x0, 0xdf, 0xff, 0xff, 0xff, 0xff, 0xf8, 0x0,
    0x0, 0x0, 0x4, 0xf1, 0x0, 0x0, 0x0, 0x0,
    0x0, 0x0, 0x1e, 0x70, 0x1, 0xd5, 0x0, 0x0,
    0x0, 0x0, 0xba, 0x0, 0x1, 0x4f, 0x70, 0x0,
    0x0, 0xdf, 0xff, 0xff, 0xfe, 0xdc, 0xf5, 0x0,
    0x0, 0x34, 0x32, 0x10, 0x0, 0x0, 0x57, 0x0,

    /* U+4F4D "位" */
    0x0, 0x0, 0x0, 0x0, 0x0, 0x0, 0x0, 0x0,
    0x0, 0xc, 0x50, 0x0, 0xf4, 0x0, 0x0, 0x0,
    0x2, 0xf2, 0x0, 0xf, 0x40, 0x0, 0x0, 0x0,
    0x9c, 0x0, 0x0, 0xf4, 0x0, 0x0, 0x0, 0x1f,
    0x6b, 0xff, 0xff, 0xff, 0xff, 0x20, 0xa, 0xf4,
    0x23, 0x33, 0x33, 0x58, 0x30, 0x4, 0xff, 0x40,
    0x8b, 0x0, 0x6, 0xe0, 0x1, 0xf9, 0xe4, 0x2,
    0xf2, 0x0, 0x8b, 0x0, 0x4, 0xe, 0x40, 0xc,
    0x80, 0xd, 0x60, 0x0, 0x0, 0xe4, 0x0, 0x7c,
    0x2, 0xf1, 0x0, 0x0, 0xe, 0x40, 0x4, 0xf0,
    0x8b, 0x0, 0x0, 0x0, 0xe4, 0x0, 0x2f, 0x3f,
    0x40, 0x0, 0x0, 0xe, 0x40, 0x0, 0x8, 0xd0,
    0x0, 0x0, 0x0, 0xe5, 0xff, 0xff, 0xff, 0xff,
    0xfe, 0x0, 0xe, 0x42, 0x22, 0x22, 0x22, 0x22,
    0x20,

    /* U+4F7F "使" */
    0x0, 0x0, 0xa5, 0x0, 0xe, 0x50, 0x0, 0x0,
    0x0, 0x1, 0xf8, 0x55, 0x5f, 0x95, 0x55, 0x50,
    0x0, 0x7, 0xfd, 0xdd, 0xdf, 0xed, 0xdd, 0xc0,
    0x0, 0xe, 0x61, 0x33, 0x3f, 0x73, 0x33, 0x0,
    0x0, 0x6f, 0x34, 0xff, 0xff, 0xff, 0xff, 0x40,
    0x1, 0xef, 0x34, 0xe0, 0xe, 0x50, 0xf, 0x40,
    0xb, 0xbf, 0x34, 0xe0, 0xe, 0x50, 0xf, 0x40,
    0x9, 0x1f, 0x34, 0xff, 0xff, 0xff, 0xff, 0x40,
    0x0, 0xf, 0x30, 0x83, 0x3f, 0x52, 0x22, 0x0,
    0x0, 0xf, 0x30, 0xbb, 0x4f, 0x0, 0x0, 0x0,
    0x0, 0xf, 0x30, 0x1d, 0xf9, 0x0, 0x0, 0x0,
    0x0, 0xf, 0x30, 0xa, 0xfe, 0x82, 0x0, 0x0,
    0x0, 0xf, 0x46, 0xed, 0x25, 0xbf, 0xeb, 0x84,
    0x0, 0xf, 0x4b, 0x70, 0x0, 0x1, 0x59, 0xb3,

    /* U+4FDD "保" */
    0x0, 0x0, 0x81, 0x0, 0x0, 0x0, 0x0, 0x0,
    0x0, 0x0, 0xf4, 0xff, 0xff, 0xff, 0xf4, 0x0,
    0x0, 0x4, 0xf1, 0xf4, 0x22, 0x22, 0xe4, 0x0,
    0x0, 0xa, 0xb1, 0xf2, 0x0, 0x0, 0xe4, 0x0,
    0x0, 0x1f, 0x61, 0xf2, 0x0, 0x0, 0xe4, 0x0,
    0x0, 0x9f, 0x41, 0xf6, 0x55, 0x55, 0xf4, 0x0,
    0x4, 0xff, 0x40, 0xdd, 0xdf, 0xed, 0xd4, 0x0,
    0x1e, 0xbf, 0x41, 0x11, 0x1e, 0x51, 0x11, 0x0,
    0x19, 0xf, 0x7f, 0xff, 0xff, 0xff, 0xff, 0x70,
    0x0, 0xf, 0x41, 0x14, 0xff, 0xea, 0x11, 0x0,
    0x0, 0xf, 0x40, 0xc, 0xae, 0x6f, 0x40, 0x0,
    0x0, 0xf, 0x40, 0x9e, 0x1e, 0x46, 0xf4, 0x0,
    0x0, 0xf, 0x6b, 0xe2, 0xe, 0x40, 0x7f, 0x81,
    0x0, 0xf, 0x7a, 0x10, 0xe, 0x40, 0x4, 0xa1,
    0x0, 0xf, 0x40, 0x0, 0xe, 0x40, 0x0, 0x0,

    /* U+5173 "关" */
    0x0, 0x0, 0x10, 0x0, 0x0, 0x20, 0x0, 0x0,
    0x0, 0x2f, 0x40, 0x0, 0x3f, 0x10, 0x0, 0x0,
    0x0, 0x6e, 0x10, 0xa, 0xa0, 0x0, 0x0, 0x0,
    0x0, 0xc9, 0x3, 0xf2, 0x0, 0x0, 0x2, 0xff,
    0xff, 0xff, 0xff, 0xff, 0xf9, 0x0, 0x2, 0x22,
    0x22, 0xf4, 0x22, 0x22, 0x10, 0x0, 0x0, 0x0,
    0xf, 0x20, 0x0, 0x0, 0x0, 0x0, 0x0, 0x1,
    0xf2, 0x0, 0x0, 0x0, 0x1f, 0xff, 0xff, 0xff,
    0xff, 0xff, 0xff, 0x80, 0x22, 0x22, 0x2a, 0xbb,
    0xb2, 0x22, 0x21, 0x0, 0x0, 0x3, 0xf4, 0x4f,
    0x30, 0x0, 0x0, 0x0, 0x2, 0xe9, 0x0, 0xbe,
    0x10, 0x0, 0x0, 0x6, 0xfa, 0x0, 0x1, 0xdd,
    0x30, 0x0, 0x5c, 0xf8, 0x0, 0x0, 0x1, 0xbf,
    0x81, 0x1d, 0xa2, 0x0, 0x0, 0x0, 0x0, 0x5d,
    0x40,

    /* U+5185 "内" */
    0x0, 0x0, 0x5, 0xd0, 0x0, 0x0, 0x0, 0x0,
    0x0, 0x5d, 0x0, 0x0, 0x0, 0x34, 0x44, 0x48,
    0xd4, 0x44, 0x44, 0xe, 0xee, 0xee, 0xff, 0xee,
    0xee, 0xf3, 0xe4, 0x0, 0x7, 0xb0, 0x0, 0xe,
    0x3e, 0x40, 0x0, 0x8b, 0x0, 0x0, 0xe3, 0xe4,
    0x0, 0xc, 0xf7, 0x0, 0xe, 0x3e, 0x40, 0x5,
    0xf7, 0xf8, 0x0, 0xe3, 0xe4, 0x4, 0xf7, 0x5,
    0xf6, 0xe, 0x3e, 0x58, 0xf8, 0x0, 0x7, 0xf2,
    0xe3, 0xe5, 0xc5, 0x0, 0x0, 0x6, 0xe, 0x3e,
    0x40, 0x0, 0x0, 0x0, 0x0, 0xe3, 0xe4, 0x0,
    0x0, 0x0, 0x2, 0x3f, 0x3e, 0x40, 0x0, 0x0,
    0x0, 0xbf, 0xd1, 0x20, 0x0, 0x0, 0x0, 0x0,
    0x0, 0x0,

    /* U+5206 "分" */
    0x0, 0x0, 0x10, 0x0, 0x3, 0x0, 0x0, 0x0,
    0x0, 0xd5, 0x0, 0x5f, 0x0, 0x0, 0x0, 0x7,
    0xe0, 0x0, 0xe, 0x60, 0x0, 0x0, 0x3f, 0x50,
    0x0, 0x5, 0xf2, 0x0, 0x4, 0xf8, 0x0, 0x0,
    0x0, 0xae, 0x30, 0x7f, 0x93, 0x33, 0x33, 0x33,
    0x39, 0xf9, 0x45, 0x1f, 0xff, 0xff, 0xff, 0xf2,
    0x45, 0x0, 0x0, 0x8, 0xb0, 0x2, 0xf1, 0x0,
    0x0, 0x0, 0xc, 0x80, 0x4, 0xf0, 0x0, 0x0,
    0x0, 0x1f, 0x30, 0x5, 0xe0, 0x0, 0x0, 0x0,
    0xac, 0x0, 0x7, 0xd0, 0x0, 0x0, 0x6, 0xf3,
    0x0, 0xa, 0xa0, 0x0, 0x0, 0x8f, 0x60, 0x95,
    0x4f, 0x70, 0x0, 0x5e, 0xe4, 0x0, 0xae, 0xfc,
    0x10, 0x0, 0x16, 0x0, 0x0, 0x0, 0x0, 0x0,
    0x0,

    /* U+5220 "删" */
    0x4, 0xff, 0xf2, 0xcf, 0xfc, 0x0, 0xf, 0x20,
    0x4e, 0x2f, 0x2c, 0x78, 0xc0, 0x0, 0xf2, 0x4,
    0xe0, 0xf2, 0xc6, 0x6c, 0x2f, 0xf, 0x20, 0x4e,
    0xf, 0x2c, 0x66, 0xc2, 0xf1, 0xf2, 0x4, 0xe0,
    0xf2, 0xc6, 0x6c, 0x2f, 0x1f, 0x20, 0x8e, 0x5f,
    0x7d, 0x99, 0xd4, 0xf1, 0xf2, 0xc, 0xfd, 0xfd,
    0xfe, 0xef, 0x7f, 0x1f, 0x20, 0x4e, 0xf, 0x2c,
    0x66, 0xc2, 0xf1, 0xf2, 0x4, 0xe0, 0xf2, 0xc6,
    0x6c, 0x2f, 0x1f, 0x20, 0x5d, 0xf, 0x2d, 0x56,
    0xc2, 0xf1, 0xf2, 0x7, 0xc0, 0xf2, 0xf4, 0x6c,
    0x1c, 0xf, 0x20, 0xb9, 0xf, 0x5f, 0x16, 0xc0,
    0x0, 0xf2, 0x1f, 0x5d, 0xfa, 0xc5, 0xbc, 0x2,
    0x3f, 0x24, 0xb0, 0x32, 0x94, 0x4a, 0x30, 0x7f,
    0xe0, 0x0, 0x0, 0x0, 0x0, 0x0, 0x0, 0x0,
    0x0,

    /* U+5230 "到" */
    0xaf, 0xff, 0xff, 0xff, 0xf1, 0x0, 0xe4, 0x12,
    0x2a, 0xd2, 0x22, 0x21, 0x20, 0xe4, 0x0, 0xe,
    0x61, 0x60, 0x6, 0xc0, 0xe4, 0x0, 0x6e, 0x1,
    0xe7, 0x6, 0xc0, 0xe4, 0x1, 0xe9, 0x34, 0x9f,
    0x26, 0xc0, 0xe4, 0x8f, 0xff, 0xff, 0xee, 0x96,
    0xc0, 0xe4, 0x13, 0x21, 0x81, 0x5, 0x86, 0xc0,
    0xe4, 0x0, 0x0, 0xf3, 0x0, 0x6, 0xc0, 0xe4,
    0x8, 0x88, 0xf9, 0x88, 0x26, 0xc0, 0xe4, 0x1c,
    0xcc, 0xfd, 0xcc, 0x36, 0xc0, 0xe4, 0x0, 0x0,
    0xf3, 0x0, 0x5, 0x90, 0xe4, 0x0, 0x0, 0xf4,
    0x35, 0x60, 0x0, 0xe4, 0x68, 0xbd, 0xff, 0xda,
    0x70, 0x44, 0xf4, 0x79, 0x74, 0x20, 0x0, 0x0,
    0xcf, 0xc1,

    /* U+5236 "制" */
    0x0, 0x30, 0xc7, 0x0, 0x0, 0x0, 0xd4, 0x2,
    0xf1, 0xc7, 0x0, 0x1, 0x40, 0xe4, 0x9, 0xff,
    0xff, 0xff, 0x63, 0xe0, 0xe4, 0x2f, 0x52, 0xd8,
    0x22, 0x13, 0xe0, 0xe4, 0x48, 0x11, 0xc7, 0x11,
    0x14, 0xe0, 0xe4, 0xef, 0xff, 0xff, 0xff, 0xf8,
    0xe0, 0xe4, 0x11, 0x11, 0xc7, 0x11, 0x14, 0xe0,
    0xe4, 0x4, 0x44, 0xd9, 0x44, 0x33, 0xe0, 0xe4,
    0xf, 0xee, 0xfe, 0xee, 0xd3, 0xe0, 0xe4, 0xf,
    0x30, 0xc7, 0x6, 0xd3, 0xe0, 0xe4, 0xf, 0x30,
    0xc7, 0x6, 0xd2, 0xa0, 0xe4, 0xf, 0x30, 0xc7,
    0xdf, 0x90, 0x0, 0xe4, 0x5, 0x10, 0xc7, 0x12,
    0x0, 0x22, 0xf4, 0x0, 0x0, 0xc7, 0x0, 0x0,
    0xcf, 0xd1, 0x0, 0x0, 0x0, 0x0, 0x0, 0x0,
    0x0,

    /* U+524D "前" */
    0x0, 0x5, 0x0, 0x0, 0x4, 0x20, 0x0, 0x0,
    0x4f, 0x80, 0x0, 0xe, 0x70, 0x0, 0x11, 0x16,
    0xf4, 0x11, 0xad, 0x11, 0x10, 0xef, 0xff, 0xff,
    0xff, 0xff, 0xff, 0xfa, 0x1, 0x11, 0x11, 0x11,
    0x11, 0x14, 0x10, 0x5, 0xaa, 0xaa, 0x90, 0x21,
    0xf, 0x40, 0x8, 0xd7, 0x7a, 0xe0, 0xa9, 0xf,
    0x40, 0x8, 0xc3, 0x37, 0xe0, 0xa9, 0xf, 0x40,
    0x8, 0xfd, 0xde, 0xe0, 0xa9, 0xf, 0x40, 0x8,
    0xb0, 0x5, 0xe0, 0xa9, 0xf, 0x40, 0x8, 0xec,
    0xcd, 0xe0, 0xa9, 0xf, 0x40, 0x8, 0xd6, 0x69,
    0xe0, 0xa9, 0xf, 0x40, 0x8, 0xb0, 0x5, 0xe0,
    0x0, 0xf, 0x40, 0x8, 0xb0, 0x27, 0xd0, 0x2,
    0x4f, 0x40, 0x7, 0xa1, 0xff, 0x70, 0xb, 0xfd,
    0x10, 0x0, 0x0, 0x0, 0x0, 0x0, 0x0, 0x0,

    /* U+52A0 "加" */
    0x0, 0x0, 0x22, 0x0, 0x0, 0x0, 0x0, 0x0,
    0x0, 0xa, 0x90, 0x0, 0x0, 0x0, 0x0, 0x0,
    0x0, 0xb9, 0x0, 0x0, 0x0, 0x0, 0x0, 0x0,
    0xc, 0x80, 0x0, 0x4e, 0xee, 0xe5, 0x9, 0xff,
    0xff, 0xff, 0x64, 0xf4, 0x4e, 0x60, 0x23, 0x3d,
    0x83, 0xd6, 0x4e, 0x0, 0xe6, 0x0, 0x0, 0xe5,
    0xd, 0x64, 0xe0, 0xe, 0x60, 0x0, 0xf, 0x40,
    0xe5, 0x4e, 0x0, 0xe6, 0x0, 0x3, 0xf1, 0xf,
    0x54, 0xe0, 0xe, 0x60, 0x0, 0x6e, 0x0, 0xf4,
    0x4e, 0x0, 0xe6, 0x0, 0xb, 0xa0, 0x2f, 0x34,
    0xe0, 0xe, 0x60, 0x2, 0xf4, 0x4, 0xf1, 0x4e,
    0x22, 0xe6, 0x0, 0xcb, 0x30, 0x7e, 0x4, 0xff,
    0xff, 0x60, 0xae, 0x2c, 0xff, 0x70, 0x4e, 0x0,
    0xe6, 0x1b, 0x30, 0x2, 0x20, 0x0, 0x20, 0x2,
    0x10,

    /* U+52A1 "务" */
    0x0, 0x0, 0x1, 0x0, 0x0, 0x0, 0x0, 0x0,
    0x0, 0x0, 0xe, 0x50, 0x0, 0x0, 0x0, 0x0,
    0x0, 0x0, 0x8f, 0xff, 0xff, 0xff, 0x20, 0x0,
    0x0, 0x6, 0xff, 0x53, 0x34, 0xec, 0x0, 0x0,
    0x2, 0xaf, 0x57, 0xe5, 0x2d, 0xc1, 0x0, 0x0,
    0x7, 0xd3, 0x0, 0x5f, 0xfa, 0x0, 0x0, 0x0,
    0x0, 0x0, 0x27, 0xed, 0xbf, 0xa4, 0x0, 0x0,
    0x16, 0x9d, 0xfd, 0x65, 0x3, 0x9e, 0xfb, 0x71,
    0x1d, 0xa7, 0x20, 0xf, 0x30, 0x0, 0x48, 0x90,
    0x0, 0xbf, 0xff, 0xff, 0xff, 0xff, 0xb0, 0x0,
    0x0, 0x23, 0x33, 0x8e, 0x33, 0x3a, 0xb0, 0x0,
    0x0, 0x0, 0x0, 0xd8, 0x0, 0xa, 0x90, 0x0,
    0x0, 0x0, 0x2c, 0xc0, 0x0, 0xd, 0x60, 0x0,
    0x3, 0x6b, 0xfa, 0x0, 0x35, 0x4f, 0x30, 0x0,
    0x9, 0xe9, 0x30, 0x0, 0x3e, 0xfa, 0x0, 0x0,
    0x0, 0x0, 0x0, 0x0, 0x0, 0x0, 0x0, 0x0,

    /* U+52A8 "动" */
    0x0, 0x0, 0x0, 0x0, 0x4, 0xe0, 0x0, 0x0,
    0x6e, 0xee, 0xee, 0x30, 0x4e, 0x0, 0x0, 0x1,
    0x33, 0x33, 0x30, 0x4, 0xe0, 0x0, 0x0, 0x0,
    0x0, 0x0, 0x9, 0xbf, 0x99, 0x92, 0x3, 0x33,
    0x33, 0x33, 0xbc, 0xfb, 0xbf, 0x21, 0xff, 0xff,
    0xff, 0xd0, 0x4e, 0x1, 0xf1, 0x0, 0x6, 0xe0,
    0x0, 0x5, 0xd0, 0x3f, 0x0, 0x0, 0xc7, 0x0,
    0x0, 0x6c, 0x4, 0xf0, 0x0, 0x4e, 0x4, 0x90,
    0xa, 0x90, 0x5d, 0x0, 0xd, 0x70, 0x5f, 0x90,
    0xe5, 0x7, 0xc0, 0x8, 0xfb, 0xfe, 0xaf, 0xae,
    0x0, 0x9a, 0x0, 0x7e, 0x83, 0x0, 0xaf, 0x60,
    0xc, 0x80, 0x0, 0x0, 0x0, 0x6f, 0xa0, 0x44,
    0xf5, 0x0, 0x0, 0x0, 0x4f, 0x80, 0xd, 0xfb,
    0x0, 0x0, 0x0, 0x0, 0x10, 0x0, 0x0, 0x0,
    0x0,

    /* U+533A "区" */
    0xef, 0xff, 0xff, 0xff, 0xff, 0xff, 0x5e, 0x62,
    0x42, 0x22, 0x22, 0x42, 0x20, 0xe4, 0x5f, 0x40,
    0x0, 0x2f, 0x20, 0xe, 0x40, 0x7f, 0x60, 0xb,
    0xa0, 0x0, 0xe4, 0x0, 0x5f, 0x65, 0xf1, 0x0,
    0xe, 0x40, 0x0, 0x5f, 0xf7, 0x0, 0x0, 0xe4,
    0x0, 0x0, 0xbf, 0x40, 0x0, 0xe, 0x40, 0x0,
    0x7f, 0xae, 0x10, 0x0, 0xe4, 0x0, 0x6f, 0x60,
    0xcc, 0x0, 0xe, 0x40, 0x8f, 0x70, 0x1, 0xf7,
    0x0, 0xe4, 0x9f, 0x60, 0x0, 0x6, 0xf0, 0xe,
    0x64, 0x62, 0x22, 0x22, 0x25, 0x22, 0xef, 0xff,
    0xff, 0xff, 0xff, 0xff, 0xee, 0x40, 0x0, 0x0,
    0x0, 0x0, 0x0,

    /* U+5361 "卡" */
    0x0, 0x0, 0x4, 0xf0, 0x0, 0x0, 0x0, 0x0,
    0x0, 0x4, 0xf0, 0x0, 0x0, 0x0, 0x0, 0x0,
    0x4, 0xff, 0xff, 0xff, 0xa0, 0x0, 0x0, 0x4,
    0xf3, 0x33, 0x33, 0x20, 0x0, 0x0, 0x4, 0xf0,
    0x0, 0x0, 0x0, 0x23, 0x33, 0x36, 0xf3, 0x33,
    0x33, 0x33, 0xaf, 0xff, 0xff, 0xff, 0xff, 0xff,
    0xfe, 0x0, 0x0, 0x4, 0xf0, 0x20, 0x0, 0x0,
    0x0, 0x0, 0x4, 0xf4, 0xfb, 0x40, 0x0, 0x0,
    0x0, 0x4, 0xf0, 0x7, 0xf8, 0x0, 0x0, 0x0,
    0x4, 0xf0, 0x0, 0x2b, 0x10, 0x0, 0x0, 0x4,
    0xf0, 0x0, 0x0, 0x0, 0x0, 0x0, 0x4, 0xf0,
    0x0, 0x0, 0x0, 0x0, 0x0, 0x4, 0xf0, 0x0,
    0x0, 0x0,

    /* U+53D6 "取" */
    0x1f, 0xff, 0xff, 0xff, 0xf7, 0x0, 0x0, 0x0,
    0x2, 0x9c, 0x22, 0x4f, 0x68, 0x77, 0x77, 0x30,
    0x0, 0x8b, 0x0, 0x2f, 0x6f, 0xff, 0xff, 0x50,
    0x0, 0x8c, 0x33, 0x5f, 0x1d, 0x60, 0xe, 0x40,
    0x0, 0x8f, 0xff, 0xff, 0x1b, 0x80, 0xf, 0x10,
    0x0, 0x8b, 0x0, 0x2f, 0x18, 0xb0, 0x2e, 0x0,
    0x0, 0x8b, 0x0, 0x2f, 0x15, 0xe0, 0x6b, 0x0,
    0x0, 0x8f, 0xff, 0xff, 0x10, 0xf4, 0xb6, 0x0,
    0x0, 0x8c, 0x22, 0x4f, 0x10, 0xab, 0xf1, 0x0,
    0x0, 0x8b, 0x0, 0x2f, 0x10, 0x3f, 0xa0, 0x0,
    0x0, 0x8c, 0x7a, 0xdf, 0x10, 0x5f, 0xc0, 0x0,
    0xc, 0xfe, 0xb8, 0x6f, 0x13, 0xf7, 0xcc, 0x10,
    0x3, 0x20, 0x0, 0x2f, 0x6f, 0x70, 0x1b, 0xe2,
    0x0, 0x0, 0x0, 0x2f, 0x25, 0x0, 0x0, 0x50,

    /* U+540D "名" */
    0x0, 0x0, 0x0, 0x0, 0x0, 0x0, 0x0, 0x0,
    0x0, 0x0, 0x8, 0xd0, 0x0, 0x0, 0x0, 0x0,
    0x0, 0x7f, 0x83, 0x33, 0x30, 0x0, 0x0, 0x9,
    0xfe, 0xee, 0xef, 0xf4, 0x0, 0x6, 0xee, 0x30,
    0x0, 0x1c, 0xc0, 0x3, 0xef, 0x83, 0xb3, 0x2,
    0xdd, 0x10, 0x0, 0x31, 0x1, 0x9f, 0x9f, 0xb1,
    0x0, 0x0, 0x0, 0x4, 0x9f, 0xd5, 0x0, 0x0,
    0x4, 0x7b, 0xff, 0xd7, 0x33, 0x33, 0x30, 0x7,
    0xc8, 0x8f, 0xff, 0xff, 0xff, 0xf2, 0x0, 0x0,
    0x4f, 0x0, 0x0, 0x0, 0xf2, 0x0, 0x0, 0x4f,
    0x0, 0x0, 0x0, 0xf2, 0x0, 0x0, 0x4f, 0x0,
    0x0, 0x0, 0xf2, 0x0, 0x0, 0x4f, 0xff, 0xff,
    0xff, 0xf2, 0x0, 0x0, 0x4f, 0x33, 0x33, 0x33,
    0xf2,

    /* U+540E "后" */
    0x0, 0x0, 0x0, 0x0, 0x0, 0x3, 0x83, 0x0,
    0x0, 0x0, 0x1, 0x47, 0xae, 0xfc, 0x50, 0x0,
    0x1e, 0xef, 0xff, 0xeb, 0x72, 0x0, 0x0, 0x2,
    0xf6, 0x43, 0x10, 0x0, 0x0, 0x0, 0x0, 0x2f,
    0x10, 0x0, 0x0, 0x0, 0x0, 0x0, 0x2, 0xff,
    0xff, 0xff, 0xff, 0xff, 0xfd, 0x0, 0x2f, 0x32,
    0x22, 0x22, 0x22, 0x22, 0x20, 0x2, 0xf1, 0x0,
    0x0, 0x0, 0x0, 0x0, 0x0, 0x2f, 0x1c, 0xff,
    0xff, 0xff, 0xf4, 0x0, 0x2, 0xf0, 0xd8, 0x33,
    0x33, 0x3f, 0x40, 0x0, 0x4f, 0xd, 0x60, 0x0,
    0x0, 0xe4, 0x0, 0x9, 0xb0, 0xd6, 0x0, 0x0,
    0xe, 0x40, 0x1, 0xf5, 0xd, 0x83, 0x33, 0x33,
    0xf4, 0x0, 0xbc, 0x0, 0xdf, 0xff, 0xff, 0xff,
    0x40, 0x1b, 0x20, 0xd, 0x60, 0x0, 0x0, 0xe4,
    0x0,

    /* U+542F "启" */
    0x0, 0x0, 0x0, 0x4, 0x0, 0x0, 0x0, 0x0,
    0x0, 0x0, 0x4e, 0xc1, 0x0, 0x0, 0x0, 0x5,
    0x55, 0x56, 0xf8, 0x55, 0x52, 0x0, 0xf, 0xed,
    0xdd, 0xdd, 0xdd, 0xf9, 0x0, 0xf, 0x20, 0x0,
    0x0, 0x0, 0xa9, 0x0, 0xf, 0x53, 0x33, 0x33,
    0x33, 0xb9, 0x0, 0xf, 0xff, 0xff, 0xff, 0xff,
    0xf8, 0x0, 0xf, 0x20, 0x0, 0x0, 0x0, 0x0,
    0x0, 0xf, 0x33, 0x33, 0x33, 0x33, 0x30, 0x0,
    0x1f, 0x4f, 0xff, 0xff, 0xff, 0xf4, 0x0, 0x2f,
    0x3f, 0x0, 0x0, 0x0, 0xf4, 0x0, 0x7c, 0x3f,
    0x0, 0x0, 0x0, 0xf4, 0x0, 0xd6, 0x3f, 0x33,
    0x33, 0x33, 0xf4, 0x9, 0xd0, 0x3f, 0xff, 0xff,
    0xff, 0xf4, 0xc, 0x30, 0x3f, 0x0, 0x0, 0x0,
    0xf4, 0x0, 0x0, 0x0, 0x0, 0x0, 0x0, 0x0,

    /* U+548C "和" */
    0x0, 0x0, 0x0, 0x0, 0x0, 0x0, 0x0, 0x0,
    0x0, 0x1, 0x49, 0xe6, 0x0, 0x0, 0x0, 0x2,
    0xce, 0xff, 0xb4, 0x9, 0xee, 0xee, 0x40, 0x5,
    0x31, 0xf3, 0x0, 0xaa, 0x44, 0xf4, 0x0, 0x0,
    0xf, 0x30, 0xa, 0x80, 0xe, 0x40, 0x2f, 0xff,
    0xff, 0xfe, 0xa8, 0x0, 0xe4, 0x0, 0x33, 0x6f,
    0x63, 0x3a, 0x80, 0xe, 0x40, 0x0, 0xa, 0xfd,
    0x30, 0xa8, 0x0, 0xe4, 0x0, 0x4, 0xff, 0x9f,
    0x3a, 0x80, 0xe, 0x40, 0x2, 0xe8, 0xf3, 0x8d,
    0xb8, 0x0, 0xe4, 0x3, 0xea, 0xf, 0x30, 0x7b,
    0x80, 0xe, 0x40, 0xcb, 0x0, 0xf3, 0x0, 0xae,
    0xdd, 0xf4, 0x0, 0x0, 0xf, 0x30, 0xa, 0xb5,
    0x5f, 0x40, 0x0, 0x0, 0xf3, 0x0, 0xa8, 0x0,
    0xe4, 0x0, 0x0, 0xf, 0x30, 0x1, 0x10, 0x1,
    0x0,

    /* U+56DE "回" */
    0x1, 0x11, 0x11, 0x11, 0x11, 0x10, 0xff, 0xff,
    0xff, 0xff, 0xff, 0xff, 0xf5, 0x11, 0x11, 0x11,
    0x11, 0x5f, 0xf4, 0x2, 0x22, 0x22, 0x20, 0x4f,
    0xf4, 0xf, 0xff, 0xff, 0xf0, 0x4f, 0xf4, 0xf,
    0x30, 0x4, 0xf0, 0x4f, 0xf4, 0xf, 0x30, 0x4,
    0xf0, 0x4f, 0xf4, 0xf, 0x30, 0x4, 0xf0, 0x4f,
    0xf4, 0xf, 0xff, 0xff, 0xf0, 0x4f, 0xf4, 0x3,
    0x33, 0x33, 0x30, 0x4f, 0xf4, 0x0, 0x0, 0x0,
    0x0, 0x4f, 0xff, 0xff, 0xff, 0xff, 0xff, 0xff,
    0xf7, 0x33, 0x33, 0x33, 0x33, 0x7f, 0x72, 0x0,
    0x0, 0x0, 0x0, 0x15,

    /* U+56FE "图" */
    0x3f, 0xff, 0xff, 0xff, 0xff, 0xff, 0xe3, 0xf2,
    0x24, 0xe4, 0x22, 0x22, 0x6e, 0x3f, 0x0, 0x8f,
    0x43, 0x33, 0x14, 0xe3, 0xf0, 0x3f, 0xff, 0xff,
    0xf4, 0x4e, 0x3f, 0x5e, 0xdd, 0x20, 0xbb, 0x4,
    0xe3, 0xf6, 0x90, 0x8e, 0xcc, 0x10, 0x4e, 0x3f,
    0x3, 0x7d, 0xff, 0xc6, 0x25, 0xe3, 0xf8, 0xfc,
    0x78, 0x39, 0xff, 0xee, 0x3f, 0x1, 0x2, 0xce,
    0x30, 0x36, 0xe3, 0xf0, 0x6, 0xc3, 0x9a, 0x0,
    0x4e, 0x3f, 0x0, 0x19, 0xf7, 0x0, 0x4, 0xe3,
    0xf2, 0x22, 0x28, 0xf3, 0x22, 0x6e, 0x3f, 0xff,
    0xff, 0xff, 0xff, 0xff, 0xe3, 0xf0, 0x0, 0x0,
    0x0, 0x0, 0x4e,

    /* U+5728 "在" */
    0x0, 0x0, 0x0, 0x30, 0x0, 0x0, 0x0, 0x0,
    0x0, 0x0, 0x3f, 0x10, 0x0, 0x0, 0x0, 0x0,
    0x0, 0x9, 0xc0, 0x0, 0x0, 0x0, 0x0, 0x9f,
    0xff, 0xff, 0xff, 0xff, 0xff, 0xf2, 0x2, 0x33,
    0xae, 0x33, 0x33, 0x33, 0x33, 0x0, 0x0, 0x1f,
    0x60, 0x0, 0xd2, 0x0, 0x0, 0x0, 0xb, 0xe0,
    0x0, 0xf, 0x30, 0x0, 0x0, 0x8, 0xfe, 0x2,
    0x22, 0xf5, 0x22, 0x10, 0x8, 0xf9, 0xe2, 0xff,
    0xff, 0xff, 0xfb, 0x2, 0xf5, 0x5e, 0x0, 0x0,
    0xf3, 0x0, 0x0, 0x1, 0x5, 0xe0, 0x0, 0xf,
    0x30, 0x0, 0x0, 0x0, 0x5e, 0x0, 0x0, 0xf3,
    0x0, 0x0, 0x0, 0x5, 0xe0, 0x11, 0x1f, 0x41,
    0x11, 0x0, 0x0, 0x5e, 0xaf, 0xff, 0xff, 0xff,
    0xf8, 0x0, 0x5, 0xe1, 0x22, 0x22, 0x22, 0x22,
    0x10,

    /* U+5730 "地" */
    0x0, 0x0, 0x0, 0x0, 0x4, 0xe0, 0x0, 0x0,
    0x0, 0xb, 0x30, 0x0, 0x4, 0xe0, 0x0, 0x0,
    0x0, 0xe, 0x40, 0x1, 0x4, 0xe0, 0x0, 0x0,
    0x0, 0xe, 0x40, 0x4e, 0x4, 0xe0, 0x0, 0x0,
    0x2, 0x3f, 0x73, 0x4e, 0x4, 0xe3, 0x7c, 0x30,
    0xa, 0xff, 0xfe, 0x4f, 0x6c, 0xff, 0xcf, 0x20,
    0x0, 0xe, 0x45, 0xdf, 0xdb, 0xe0, 0x1f, 0x10,
    0x0, 0xe, 0x42, 0x8e, 0x4, 0xe0, 0x3f, 0x0,
    0x0, 0xe, 0x40, 0x4e, 0x4, 0xe1, 0x7c, 0x0,
    0x0, 0xe, 0x56, 0x5e, 0x4, 0xec, 0xf8, 0x0,
    0x0, 0x4f, 0xfe, 0x5e, 0x4, 0xe1, 0x31, 0xa0,
    0xc, 0xfb, 0x40, 0x4e, 0x0, 0x0, 0x3, 0xf0,
    0x3, 0x10, 0x0, 0x4f, 0x32, 0x22, 0x28, 0xb0,
    0x0, 0x0, 0x0, 0x1e, 0xff, 0xff, 0xff, 0x40,

    /* U+5740 "址" */
    0x0, 0x0, 0x0, 0x0, 0x0, 0xe4, 0x0, 0x0,
    0x0, 0x9, 0x60, 0x0, 0x0, 0xe4, 0x0, 0x0,
    0x0, 0xc, 0x70, 0x0, 0x0, 0xe4, 0x0, 0x0,
    0x0, 0xc, 0x70, 0x0, 0x0, 0xe4, 0x0, 0x0,
    0x5, 0x5d, 0xa5, 0x1c, 0x40, 0xe4, 0x0, 0x0,
    0x8, 0x9e, 0xc9, 0x1e, 0x40, 0xef, 0xff, 0x30,
    0x0, 0xc, 0x70, 0xe, 0x40, 0xe7, 0x44, 0x0,
    0x0, 0xc, 0x70, 0xe, 0x40, 0xe4, 0x0, 0x0,
    0x0, 0xc, 0x70, 0xe, 0x40, 0xe4, 0x0, 0x0,
    0x0, 0xc, 0x75, 0x7e, 0x40, 0xe4, 0x0, 0x0,
    0x0, 0xd, 0xff, 0x6e, 0x40, 0xe4, 0x0, 0x0,
    0x19, 0xfe, 0x71, 0xe, 0x40, 0xe4, 0x0, 0x0,
    0x1c, 0x60, 0x2, 0x2e, 0x62, 0xe6, 0x22, 0x20,
    0x0, 0x0, 0xe, 0xff, 0xff, 0xff, 0xff, 0xf1,

    /* U+5907 "备" */
    0x0, 0x0, 0x1, 0x0, 0x0, 0x0, 0x0, 0x0,
    0x0, 0x5, 0xe2, 0x22, 0x22, 0x20, 0x0, 0x0,
    0x1, 0xef, 0xff, 0xff, 0xfe, 0x0, 0x0, 0x0,
    0xcf, 0x90, 0x0, 0x1e, 0x70, 0x0, 0x2, 0xdd,
    0x3e, 0x60, 0xc, 0xa0, 0x0, 0x0, 0xdb, 0x10,
    0x3e, 0x9d, 0xa0, 0x0, 0x0, 0x1, 0x0, 0x1,
    0xaf, 0xf5, 0x0, 0x0, 0x0, 0x3, 0x7b, 0xfa,
    0x26, 0xde, 0x94, 0x0, 0x4f, 0xff, 0xfc, 0xbb,
    0xbb, 0xef, 0xdf, 0x70, 0x20, 0xda, 0x77, 0xf8,
    0x78, 0xf0, 0x10, 0x0, 0xd, 0x83, 0x3f, 0x53,
    0x6f, 0x0, 0x0, 0x0, 0xdf, 0xff, 0xff, 0xff,
    0xf0, 0x0, 0x0, 0xd, 0x61, 0x1f, 0x31, 0x4f,
    0x0, 0x0, 0x0, 0xdf, 0xff, 0xff, 0xff, 0xf0,
    0x0, 0x0, 0xd, 0x71, 0x11, 0x11, 0x4f, 0x0,
    0x0,

    /* U+590D "复" */
    0x0, 0x0, 0x12, 0x0, 0x0, 0x0, 0x0, 0x0,
    0x0, 0x0, 0x8b, 0x0, 0x0, 0x0, 0x0, 0x0,
    0x0, 0x1, 0xef, 0xff, 0xff, 0xff, 0xff, 0x0,
    0x0, 0x9, 0xc3, 0x33, 0x33, 0x33, 0x33, 0x0,
    0x0, 0x6f, 0xff, 0xff, 0xff, 0xff, 0x60, 0x0,
    0x8, 0xf6, 0xf6, 0x44, 0x44, 0x4e, 0x60, 0x0,
    0x6, 0x40, 0xff, 0xff, 0xff, 0xff, 0x60, 0x0,
    0x0, 0x0, 0xf7, 0x55, 0x55, 0x5e, 0x60, 0x0,
    0x0, 0x0, 0xff, 0xff, 0xff, 0xff, 0x60, 0x0,
    0x0, 0x0, 0x9, 0xd2, 0x22, 0x22, 0x0, 0x0,
    0x0, 0x0, 0x8f, 0xff, 0xff, 0xff, 0x60, 0x0,
    0x0, 0x2c, 0xed, 0xc1, 0x2, 0xdd, 0x10, 0x0,
    0x0, 0x8, 0x10, 0xaf, 0xaf, 0xa0, 0x0, 0x0,
    0x3, 0x34, 0x68, 0xcf, 0xff, 0xb8, 0x64, 0x30,
    0xb, 0xff, 0xda, 0x72, 0x3, 0x7a, 0xdf, 0xa0,
    0x0, 0x0, 0x0, 0x0, 0x0, 0x0, 0x0, 0x0,

    /* U+5929 "天" */
    0x1f, 0xff, 0xff, 0xff, 0xff, 0xff, 0xfa, 0x0,
    0x33, 0x33, 0x37, 0xf3, 0x33, 0x33, 0x20, 0x0,
    0x0, 0x0, 0x5f, 0x0, 0x0, 0x0, 0x0, 0x0,
    0x0, 0x6, 0xe0, 0x0, 0x0, 0x0, 0x0, 0x0,
    0x0, 0x7e, 0x0, 0x0, 0x0, 0x0, 0x8e, 0xee,
    0xef, 0xfe, 0xee, 0xee, 0x30, 0x2, 0x44, 0x44,
    0xee, 0xe4, 0x44, 0x40, 0x0, 0x0, 0x0, 0x2f,
    0x6f, 0x20, 0x0, 0x0, 0x0, 0x0, 0xa, 0xc0,
    0xd9, 0x0, 0x0, 0x0, 0x0, 0x6, 0xf3, 0x4,
    0xf4, 0x0, 0x0, 0x0, 0x6, 0xf6, 0x0, 0xa,
    0xf4, 0x0, 0x0, 0x1a, 0xf6, 0x0, 0x0, 0xa,
    0xf7, 0x0, 0x7f, 0xd4, 0x0, 0x0, 0x0, 0x7,
    0xfd, 0x11, 0x60, 0x0, 0x0, 0x0, 0x0, 0x1,
    0x50,

    /* U+5B58 "存" */
    0x0, 0x0, 0x1, 0x30, 0x0, 0x0, 0x0, 0x0,
    0x0, 0x0, 0x5, 0xe0, 0x0, 0x0, 0x0, 0x0,
    0x0, 0x33, 0x3a, 0xb3, 0x33, 0x33, 0x33, 0x20,
    0x1, 0xff, 0xff, 0xff, 0xff, 0xff, 0xff, 0xa0,
    0x0, 0x0, 0x9c, 0x0, 0x0, 0x0, 0x0, 0x0,
    0x0, 0x3, 0xf3, 0x3f, 0xff, 0xff, 0xf8, 0x0,
    0x0, 0xd, 0xf1, 0x3, 0x33, 0x3b, 0xf4, 0x0,
    0x0, 0xaf, 0xf1, 0x0, 0x1, 0xbe, 0x40, 0x0,
    0xa, 0xf5, 0xf1, 0x0, 0x5, 0xf1, 0x0, 0x0,
    0x9, 0x41, 0xf6, 0xff, 0xff, 0xff, 0xff, 0xf1,
    0x0, 0x1, 0xf2, 0x33, 0x37, 0xe3, 0x33, 0x30,
    0x0, 0x1, 0xf1, 0x0, 0x5, 0xe0, 0x0, 0x0,
    0x0, 0x1, 0xf1, 0x0, 0x5, 0xe0, 0x0, 0x0,
    0x0, 0x1, 0xf1, 0x2, 0x7b, 0xe0, 0x0, 0x0,
    0x0, 0x1, 0xf1, 0x1, 0xdc, 0x60, 0x0, 0x0,

    /* U+5B9A "定" */
    0x0, 0x0, 0x0, 0x5, 0xe0, 0x0, 0x0, 0x0,
    0x1, 0x55, 0x55, 0x58, 0xe5, 0x55, 0x55, 0x10,
    0x4, 0xfd, 0xdd, 0xdd, 0xdd, 0xdd, 0xdf, 0x50,
    0x4, 0xe0, 0x0, 0x0, 0x0, 0x0, 0xe, 0x50,
    0x3, 0xa2, 0x44, 0x44, 0x44, 0x44, 0x3c, 0x40,
    0x0, 0x8, 0xee, 0xee, 0xfe, 0xee, 0xa0, 0x0,
    0x0, 0x0, 0x0, 0x3, 0xf0, 0x0, 0x0, 0x0,
    0x0, 0x5, 0xe0, 0x3, 0xf0, 0x0, 0x0, 0x0,
    0x0, 0x6, 0xc0, 0x3, 0xff, 0xff, 0xfc, 0x0,
    0x0, 0xa, 0xb0, 0x3, 0xf3, 0x33, 0x32, 0x0,
    0x0, 0xe, 0xf6, 0x3, 0xf0, 0x0, 0x0, 0x0,
    0x0, 0x9e, 0x6f, 0xb8, 0xf1, 0x0, 0x0, 0x0,
    0x8, 0xf4, 0x2, 0xaf, 0xff, 0xff, 0xff, 0xe0,
    0xc, 0x50, 0x0, 0x0, 0x13, 0x34, 0x44, 0x20,
    0x0, 0x0, 0x0, 0x0, 0x0, 0x0, 0x0, 0x0,

    /* U+5BB9 "容" */
    0x0, 0x0, 0x0, 0xd, 0x60, 0x0, 0x0, 0x0,
    0x3, 0xff, 0xff, 0xff, 0xff, 0xff, 0xff, 0x40,
    0x3, 0xf3, 0x35, 0x33, 0x34, 0x53, 0x3f, 0x40,
    0x3, 0xf0, 0x4f, 0x11, 0x8, 0xf7, 0xf, 0x40,
    0x0, 0x25, 0xf7, 0xc, 0x90, 0x6f, 0xb1, 0x0,
    0x0, 0xaf, 0x60, 0x8f, 0xe2, 0x2, 0xeb, 0x0,
    0x0, 0x73, 0x9, 0xf3, 0x9e, 0x50, 0x25, 0x0,
    0x0, 0x2, 0xce, 0x40, 0x7, 0xfa, 0x20, 0x0,
    0x1, 0x8f, 0xe5, 0x44, 0x44, 0x7f, 0xfa, 0x40,
    0xe, 0xd8, 0xfe, 0xee, 0xee, 0xef, 0x6b, 0xe0,
    0x1, 0x2, 0xf0, 0x0, 0x0, 0x2f, 0x10, 0x0,
    0x0, 0x2, 0xf0, 0x0, 0x0, 0x2f, 0x10, 0x0,
    0x0, 0x2, 0xff, 0xff, 0xff, 0xff, 0x10, 0x0,
    0x0, 0x2, 0xf3, 0x33, 0x33, 0x4f, 0x10, 0x0,
    0x0, 0x0, 0x0, 0x0, 0x0, 0x0, 0x0, 0x0,

    /* U+5BC6 "密" */
    0x0, 0x0, 0x0, 0xd6, 0x0, 0x0, 0x0, 0x4,
    0xff, 0xff, 0xff, 0xff, 0xff, 0xff, 0x70, 0x4f,
    0x33, 0x37, 0x53, 0x33, 0x33, 0xc7, 0x4, 0xe0,
    0x0, 0x8f, 0x50, 0x2d, 0x3b, 0x70, 0x15, 0x87,
    0x93, 0x4a, 0x4e, 0xa1, 0x43, 0x0, 0x3f, 0x3e,
    0x41, 0x9f, 0x72, 0xf6, 0x0, 0x4f, 0x70, 0xea,
    0xed, 0x36, 0x75, 0xf3, 0x1, 0x60, 0x6f, 0xf6,
    0x0, 0xb6, 0x9, 0xd0, 0x5a, 0xfd, 0xaf, 0xff,
    0xfd, 0x0, 0x14, 0x6, 0x95, 0x0, 0x1b, 0x72,
    0x0, 0x10, 0x0, 0x3, 0xf0, 0x0, 0xd6, 0x0,
    0xe, 0x40, 0x0, 0x3f, 0x0, 0xd, 0x60, 0x0,
    0xe4, 0x0, 0x3, 0xff, 0xff, 0xff, 0xff, 0xff,
    0x40, 0x0, 0x3f, 0x22, 0x22, 0x22, 0x22, 0xe4,
    0x0, 0x0, 0x0, 0x0, 0x0, 0x0, 0x0, 0x0,
    0x0,

    /* U+5C06 "将" */
    0x0, 0x0, 0x0, 0x0, 0x0, 0x0, 0x2, 0x0,
    0x0, 0xe, 0x41, 0x23, 0x57, 0xae, 0xf3, 0x0,
    0x0, 0xe7, 0xfe, 0xdb, 0x96, 0x32, 0x0, 0x71,
    0xe, 0x35, 0x2, 0xd1, 0x1, 0xf3, 0xa, 0xb0,
    0xe3, 0xd8, 0xb, 0x80, 0x8d, 0x0, 0x2f, 0x2e,
    0x34, 0xf1, 0x5d, 0x2f, 0x50, 0x0, 0xb4, 0xe3,
    0x9, 0x20, 0x1, 0xa0, 0x0, 0x0, 0xe, 0x30,
    0x0, 0x0, 0x4f, 0x0, 0x0, 0x8, 0xfa, 0xff,
    0xff, 0xff, 0xff, 0xe0, 0x4d, 0xef, 0x44, 0xb3,
    0x11, 0x5f, 0x11, 0x3f, 0x90, 0xe3, 0x1b, 0xe2,
    0x4, 0xf0, 0x0, 0x20, 0xe, 0x30, 0xa, 0xa0,
    0x4f, 0x0, 0x0, 0x0, 0xe3, 0x0, 0x0, 0x4,
    0xf0, 0x0, 0x0, 0xe, 0x30, 0x0, 0x13, 0x7f,
    0x0, 0x0, 0x0, 0xe3, 0x0, 0x1, 0xff, 0x80,
    0x0,

    /* U+5C0F "小" */
    0x0, 0x0, 0x0, 0x5e, 0x0, 0x0, 0x0, 0x0,
    0x0, 0x0, 0x5, 0xe0, 0x0, 0x0, 0x0, 0x0,
    0x0, 0x0, 0x5e, 0x0, 0x0, 0x0, 0x0, 0x0,
    0x42, 0x5, 0xe0, 0x26, 0x0, 0x0, 0x0, 0xd,
    0x70, 0x5e, 0x4, 0xf8, 0x0, 0x0, 0x4, 0xf1,
    0x5, 0xe0, 0x5, 0xf4, 0x0, 0x0, 0xd9, 0x0,
    0x5e, 0x0, 0x9, 0xe0, 0x0, 0x8e, 0x10, 0x5,
    0xe0, 0x0, 0x1e, 0x70, 0x5f, 0x50, 0x0, 0x5e,
    0x0, 0x0, 0x8d, 0x1, 0x50, 0x0, 0x5, 0xe0,
    0x0, 0x1, 0x40, 0x0, 0x0, 0x0, 0x5e, 0x0,
    0x0, 0x0, 0x0, 0x0, 0x0, 0x5, 0xe0, 0x0,
    0x0, 0x0, 0x0, 0x0, 0x43, 0x9d, 0x0, 0x0,
    0x0, 0x0, 0x0, 0xc, 0xfe, 0x60, 0x0, 0x0,
    0x0, 0x0, 0x0, 0x0, 0x0, 0x0, 0x0, 0x0,
    0x0,

    /* U+5C4F "屏" */
    0x5, 0xff, 0xff, 0xff, 0xff, 0xff, 0xf3, 0x0,
    0x5e, 0x22, 0x22, 0x22, 0x22, 0x2f, 0x30, 0x5,
    0xd0, 0x0, 0x0, 0x0, 0x0, 0xf3, 0x0, 0x5f,
    0xff, 0xff, 0xff, 0xff, 0xff, 0x30, 0x5, 0xe3,
    0x4e, 0x83, 0x33, 0x4e, 0x50, 0x0, 0x5d, 0x0,
    0x4f, 0x50, 0xc, 0xa0, 0x0, 0x5, 0xd1, 0xdd,
    0xfe, 0xde, 0xfe, 0xd6, 0x0, 0x5d, 0x5, 0x5e,
    0x95, 0x6f, 0x55, 0x20, 0x5, 0xd0, 0x0, 0xd5,
    0x2, 0xf0, 0x0, 0x0, 0x6d, 0x9e, 0xef, 0xee,
    0xef, 0xdd, 0xd1, 0x9, 0xb3, 0x45, 0xf6, 0x46,
    0xf5, 0x44, 0x0, 0xe7, 0x0, 0x8e, 0x0, 0x2f,
    0x10, 0x0, 0x7f, 0x24, 0xaf, 0x50, 0x2, 0xf1,
    0x0, 0x8, 0x72, 0xfb, 0x30, 0x0, 0x2f, 0x10,
    0x0, 0x0, 0x0, 0x0, 0x0, 0x0, 0x0, 0x0,
    0x0,

    /* U+5DF2 "已" */
    0xaf, 0xff, 0xff, 0xff, 0xff, 0xe0, 0x0, 0x12,
    0x22, 0x22, 0x22, 0x27, 0xe0, 0x0, 0x0, 0x0,
    0x0, 0x0, 0x5, 0xe0, 0x0, 0x0, 0x0, 0x0,
    0x0, 0x5, 0xe0, 0x0, 0x2f, 0x10, 0x0, 0x0,
    0x5, 0xe0, 0x0, 0x2f, 0x43, 0x33, 0x33, 0x37,
    0xe0, 0x0, 0x2f, 0xff, 0xff, 0xff, 0xff, 0xe0,
    0x0, 0x2f, 0x10, 0x0, 0x0, 0x0, 0x0, 0x0,
    0x2f, 0x10, 0x0, 0x0, 0x0, 0x0, 0x0, 0x2f,
    0x10, 0x0, 0x0, 0x0, 0x4, 0xa0, 0x2f, 0x10,
    0x0, 0x0, 0x0, 0x7, 0xd0, 0x2f, 0x20, 0x0,
    0x0, 0x0, 0xc, 0x90, 0xe, 0xff, 0xff, 0xff,
    0xff, 0xfe, 0x20, 0x1, 0x44, 0x44, 0x44, 0x44,
    0x40, 0x0,

    /* U+5E55 "幕" */
    0x1, 0x22, 0x7d, 0x22, 0x22, 0x9b, 0x22, 0x20,
    0xa, 0xff, 0xff, 0xff, 0xff, 0xff, 0xff, 0xe0,
    0x0, 0x2, 0xae, 0x66, 0x66, 0xbc, 0x40, 0x0,
    0x0, 0x5, 0xea, 0xaa, 0xaa, 0xad, 0xa0, 0x0,
    0x0, 0x5, 0xff, 0xff, 0xff, 0xff, 0xa0, 0x0,
    0x0, 0x5, 0xe8, 0x88, 0x88, 0x8c, 0xa0, 0x0,
    0x0, 0x2, 0x88, 0xfb, 0x88, 0x88, 0x50, 0x0,
    0x6, 0xff, 0xff, 0xff, 0xff, 0xff, 0xff, 0xb0,
    0x1, 0x36, 0xee, 0x47, 0xb3, 0x9f, 0x83, 0x20,
    0x2, 0x9f, 0xf8, 0x59, 0xe5, 0x6e, 0xfb, 0x40,
    0xa, 0xd7, 0xee, 0xde, 0xfd, 0xdf, 0x9c, 0xe1,
    0x0, 0x0, 0xd5, 0x6, 0xd0, 0xf, 0x40, 0x0,
    0x0, 0x0, 0xd5, 0x6, 0xd3, 0xfe, 0x10, 0x0,
    0x0, 0x0, 0x41, 0x6, 0xd0, 0x20, 0x0, 0x0,

    /* U+5E74 "年" */
    0x0, 0x5, 0x20, 0x0, 0x0, 0x0, 0x0, 0x0,
    0xd, 0x50, 0x0, 0x0, 0x0, 0x0, 0x0, 0x2f,
    0xff, 0xff, 0xff, 0xff, 0xf2, 0x0, 0x9a, 0x33,
    0x3f, 0x63, 0x33, 0x30, 0x3, 0xf2, 0x0, 0xf,
    0x30, 0x0, 0x0, 0x1d, 0xa4, 0x44, 0x4f, 0x64,
    0x44, 0x0, 0x1a, 0x3f, 0xee, 0xef, 0xfe, 0xee,
    0x30, 0x0, 0x2f, 0x0, 0xf, 0x30, 0x0, 0x0,
    0x0, 0x2f, 0x0, 0xf, 0x30, 0x0, 0x0, 0x1e,
    0xef, 0xee, 0xef, 0xee, 0xee, 0xec, 0x4, 0x44,
    0x44, 0x4f, 0x64, 0x44, 0x43, 0x0, 0x0, 0x0,
    0xf, 0x30, 0x0, 0x0, 0x0, 0x0, 0x0, 0xf,
    0x30, 0x0, 0x0, 0x0, 0x0, 0x0, 0xf, 0x30,
    0x0, 0x0, 0x0, 0x0, 0x0, 0xf, 0x30, 0x0,
    0x0,

    /* U+5E76 "并" */
    0x0, 0x1, 0x0, 0x0, 0x0, 0x10, 0x0, 0x0,
    0x2f, 0x90, 0x0, 0x0, 0xc8, 0x0, 0x0, 0x3,
    0xf7, 0x0, 0x8, 0xf1, 0x0, 0x1, 0x44, 0xad,
    0x44, 0x5f, 0x94, 0x30, 0x4, 0xee, 0xff, 0xee,
    0xef, 0xee, 0xb0, 0x0, 0x0, 0x7c, 0x0, 0x1f,
    0x30, 0x0, 0x0, 0x0, 0x7c, 0x0, 0x1f, 0x30,
    0x0, 0x0, 0x0, 0x7c, 0x0, 0x1f, 0x30, 0x0,
    0xf, 0xff, 0xff, 0xff, 0xff, 0xff, 0xfd, 0x3,
    0x33, 0xbb, 0x33, 0x5f, 0x63, 0x33, 0x0, 0x0,
    0xd6, 0x0, 0x2f, 0x30, 0x0, 0x0, 0x8, 0xe1,
    0x0, 0x2f, 0x30, 0x0, 0x0, 0x8f, 0x50, 0x0,
    0x2f, 0x30, 0x0, 0x4d, 0xf5, 0x0, 0x0, 0x2f,
    0x30, 0x0, 0x5a, 0x10, 0x0, 0x0, 0x2f, 0x30,
    0x0,

    /* U+5E94 "应" */
    0x0, 0x0, 0x0, 0x0, 0x10, 0x0, 0x0, 0x0,
    0x0, 0x0, 0x0, 0x8e, 0x30, 0x0, 0x0, 0x0,
    0x0, 0x0, 0x0, 0xad, 0x0, 0x0, 0x0, 0x1,
    0xff, 0xff, 0xff, 0xff, 0xff, 0xfc, 0x0, 0x1f,
    0x32, 0x22, 0x22, 0x22, 0x22, 0x10, 0x1, 0xf1,
    0x0, 0x76, 0x0, 0x2, 0x30, 0x0, 0x1f, 0x35,
    0x5, 0xf1, 0x0, 0x7b, 0x0, 0x1, 0xf5, 0xf2,
    0xd, 0x80, 0xa, 0x90, 0x0, 0x2f, 0xa, 0xc0,
    0x7e, 0x0, 0xe6, 0x0, 0x3, 0xf0, 0x2f, 0x32,
    0xf2, 0x2f, 0x20, 0x0, 0x6d, 0x0, 0xc9, 0xb,
    0x28, 0xd0, 0x0, 0xa, 0xa0, 0x7, 0xc0, 0x0,
    0xe7, 0x0, 0x1, 0xf4, 0x0, 0x10, 0x0, 0x6e,
    0x0, 0x0, 0xcb, 0x6f, 0xff, 0xff, 0xff, 0xff,
    0xfd, 0x9, 0x11, 0x33, 0x33, 0x33, 0x33, 0x33,
    0x30,

    /* U+5EA6 "度" */
    0x0, 0x0, 0x0, 0x2, 0xf2, 0x0, 0x0, 0x0,
    0x0, 0xef, 0xff, 0xff, 0xff, 0xff, 0xff, 0xa0,
    0x0, 0xe7, 0x35, 0x93, 0x33, 0x59, 0x33, 0x20,
    0x0, 0xe5, 0x25, 0xf2, 0x22, 0x6e, 0x22, 0x0,
    0x0, 0xeb, 0xff, 0xff, 0xff, 0xff, 0xff, 0x50,
    0x0, 0xe4, 0x4, 0xf0, 0x0, 0x4e, 0x0, 0x0,
    0x0, 0xe4, 0x4, 0xfe, 0xee, 0xee, 0x0, 0x0,
    0x0, 0xf4, 0x0, 0x33, 0x33, 0x33, 0x0, 0x0,
    0x0, 0xf4, 0xff, 0xff, 0xff, 0xff, 0xd0, 0x0,
    0x0, 0xf3, 0x29, 0xe4, 0x22, 0x4e, 0x90, 0x0,
    0x3, 0xf1, 0x0, 0xbd, 0x27, 0xf9, 0x0, 0x0,
    0x7, 0xd0, 0x0, 0x1d, 0xff, 0x90, 0x0, 0x0,
    0xd, 0x84, 0x7b, 0xfc, 0x7a, 0xfe, 0x97, 0x40,
    0x2d, 0x2d, 0xb7, 0x30, 0x0, 0x5, 0x9c, 0xa0,
    0x0, 0x0, 0x0, 0x0, 0x0, 0x0, 0x0, 0x0,

    /* U+5F00 "开" */
    0x7, 0xff, 0xff, 0xff, 0xff, 0xff, 0xfe, 0x0,
    0x12, 0x25, 0xf3, 0x22, 0x7e, 0x22, 0x20, 0x0,
    0x0, 0x3f, 0x0, 0x5, 0xd0, 0x0, 0x0, 0x0,
    0x3, 0xf0, 0x0, 0x5d, 0x0, 0x0, 0x0, 0x0,
    0x3f, 0x0, 0x5, 0xd0, 0x0, 0x0, 0x55, 0x57,
    0xf5, 0x55, 0x8e, 0x55, 0x52, 0x1d, 0xdd, 0xef,
    0xdd, 0xde, 0xfd, 0xdd, 0x70, 0x0, 0x3, 0xf0,
    0x0, 0x5d, 0x0, 0x0, 0x0, 0x0, 0x5e, 0x0,
    0x5, 0xd0, 0x0, 0x0, 0x0, 0x9, 0xb0, 0x0,
    0x5d, 0x0, 0x0, 0x0, 0x1, 0xf5, 0x0, 0x5,
    0xd0, 0x0, 0x0, 0x1, 0xcc, 0x0, 0x0, 0x5d,
    0x0, 0x0, 0x5, 0xdd, 0x10, 0x0, 0x5, 0xd0,
    0x0, 0x1, 0xc8, 0x0, 0x0, 0x0, 0x5d, 0x0,
    0x0,

    /* U+5F53 "当" */
    0x0, 0x0, 0x0, 0x4f, 0x0, 0x0, 0x0, 0xac,
    0x10, 0x4, 0xf0, 0x0, 0xb8, 0x0, 0xae, 0x30,
    0x4f, 0x0, 0x9e, 0x10, 0x0, 0x9e, 0x34, 0xf0,
    0xae, 0x20, 0x0, 0x0, 0x71, 0x4f, 0x5, 0x20,
    0x2, 0xff, 0xff, 0xff, 0xff, 0xff, 0xf5, 0x2,
    0x22, 0x22, 0x22, 0x22, 0x2d, 0x50, 0x0, 0x0,
    0x0, 0x0, 0x0, 0xd5, 0x1, 0x44, 0x44, 0x44,
    0x44, 0x4d, 0x50, 0x4d, 0xdd, 0xdd, 0xdd, 0xdd,
    0xf5, 0x0, 0x0, 0x0, 0x0, 0x0, 0xd, 0x50,
    0x11, 0x11, 0x11, 0x11, 0x11, 0xd5, 0x4f, 0xff,
    0xff, 0xff, 0xff, 0xff, 0x50, 0x0, 0x0, 0x0,
    0x0, 0x0, 0xd5,

    /* U+5F85 "待" */
    0x0, 0x0, 0x0, 0x0, 0x0, 0x0, 0x0, 0x0,
    0x0, 0xa, 0x70, 0x0, 0x6d, 0x0, 0x0, 0x0,
    0x6, 0xf2, 0x11, 0x17, 0xd1, 0x11, 0x0, 0x6,
    0xf5, 0x9, 0xff, 0xff, 0xff, 0xf0, 0xa, 0xf5,
    0x24, 0x1, 0x17, 0xd1, 0x10, 0x0, 0x42, 0xb,
    0xa0, 0x0, 0x6d, 0x0, 0x0, 0x0, 0x9, 0xe5,
    0xff, 0xff, 0xff, 0xff, 0xb0, 0x9, 0xf6, 0x3,
    0x33, 0x33, 0xa9, 0x32, 0x2c, 0xef, 0x51, 0x33,
    0x33, 0x3b, 0xa3, 0x21, 0x81, 0xe5, 0x8f, 0xff,
    0xff, 0xff, 0xfe, 0x0, 0xe, 0x50, 0x33, 0x0,
    0xa, 0x90, 0x0, 0x0, 0xe5, 0x8, 0xfb, 0x10,
    0xa9, 0x0, 0x0, 0xe, 0x50, 0x1, 0xc9, 0xa,
    0x90, 0x0, 0x0, 0xe5, 0x0, 0x0, 0x55, 0xd8,
    0x0, 0x0, 0xe, 0x50, 0x0, 0x7, 0xec, 0x10,
    0x0,

    /* U+6062 "恢" */
    0x0, 0xe, 0x40, 0xcf, 0xff, 0xff, 0xff, 0xb0,
    0x0, 0xe, 0x40, 0xc7, 0x33, 0x55, 0x33, 0x20,
    0x5, 0x3e, 0x90, 0xc5, 0x0, 0x7c, 0x0, 0x0,
    0xa, 0x7e, 0xf6, 0xc5, 0x10, 0x7c, 0x1, 0x0,
    0xd, 0x5e, 0xbe, 0xd5, 0x98, 0x8b, 0xa, 0x70,
    0x1f, 0x1e, 0x5d, 0xf4, 0xd5, 0x9a, 0xe, 0x40,
    0x4c, 0xe, 0x40, 0xe7, 0xf1, 0xa9, 0x6e, 0x0,
    0x0, 0xe, 0x40, 0xf5, 0x60, 0xc8, 0x56, 0x0,
    0x0, 0xe, 0x41, 0xf1, 0x0, 0xfb, 0x0, 0x0,
    0x0, 0xe, 0x44, 0xe0, 0x6, 0xef, 0x40, 0x0,
    0x0, 0xe, 0x48, 0xb0, 0x2e, 0x68, 0xd0, 0x0,
    0x0, 0xe, 0x4d, 0x72, 0xec, 0x0, 0xdb, 0x0,
    0x0, 0xe, 0xaf, 0x5e, 0xc1, 0x0, 0x2f, 0xc0,
    0x0, 0xe, 0x66, 0x39, 0x0, 0x0, 0x3, 0xa0,

    /* U+606F "息" */
    0x0, 0x0, 0x0, 0x3, 0x30, 0x0, 0x0, 0x0,
    0x0, 0x0, 0x0, 0xd9, 0x0, 0x0, 0x0, 0x0,
    0xd, 0xff, 0xff, 0xff, 0xff, 0x20, 0x0, 0x0,
    0xe7, 0x33, 0x33, 0x33, 0xf3, 0x0, 0x0, 0xe,
    0xff, 0xff, 0xff, 0xff, 0x30, 0x0, 0x0, 0xe7,
    0x22, 0x22, 0x22, 0xf3, 0x0, 0x0, 0xe, 0xff,
    0xff, 0xff, 0xff, 0x30, 0x0, 0x0, 0xe7, 0x22,
    0x22, 0x23, 0xf3, 0x0, 0x0, 0xe, 0x95, 0x55,
    0x55, 0x6f, 0x30, 0x0, 0x0, 0xbd, 0xdd, 0xdd,
    0xdd, 0xd2, 0x0, 0x0, 0x5, 0x49, 0x8c, 0x40,
    0x4, 0x50, 0x0, 0x9, 0xd7, 0xd0, 0x3e, 0x44,
    0x7e, 0xb0, 0x2c, 0xe2, 0x6d, 0x0, 0x10, 0xe4,
    0x1d, 0xa1, 0x91, 0x4, 0xff, 0xff, 0xfd, 0x0,
    0x24, 0x0, 0x0, 0x2, 0x33, 0x33, 0x10, 0x0,
    0x0,

    /* U+624B "手" */
    0x0, 0x0, 0x0, 0x0, 0x0, 0x2, 0x0, 0x0,
    0x0, 0x1, 0x25, 0x7a, 0xee, 0x50, 0x2e, 0xff,
    0xff, 0xfe, 0xa7, 0x40, 0x0, 0x2, 0x32, 0x20,
    0xb8, 0x0, 0x0, 0x0, 0x0, 0x0, 0x0, 0xb8,
    0x0, 0x0, 0x0, 0x8, 0xff, 0xff, 0xff, 0xff,
    0xff, 0x10, 0x1, 0x33, 0x33, 0xc9, 0x33, 0x33,
    0x0, 0x0, 0x0, 0x0, 0xb8, 0x0, 0x0, 0x0,
    0x23, 0x33, 0x33, 0xc9, 0x33, 0x33, 0x31, 0xdf,
    0xff, 0xff, 0xff, 0xff, 0xff, 0xf6, 0x0, 0x0,
    0x0, 0xb8, 0x0, 0x0, 0x0, 0x0, 0x0, 0x0,
    0xb8, 0x0, 0x0, 0x0, 0x0, 0x0, 0x0, 0xb8,
    0x0, 0x0, 0x0, 0x0, 0x1, 0x33, 0xd7, 0x0,
    0x0, 0x0, 0x0, 0x0, 0xff, 0xf4, 0x0, 0x0,
    0x0,

    /* U+6253 "打" */
    0x0, 0x5, 0xe0, 0x0, 0x0, 0x0, 0x0, 0x0,
    0x0, 0x5e, 0x7, 0xcc, 0xcc, 0xcc, 0xcc, 0x0,
    0x5, 0xe0, 0x24, 0x44, 0x9e, 0x44, 0x40, 0xcf,
    0xff, 0xff, 0x20, 0x6, 0xd0, 0x0, 0x1, 0x26,
    0xe2, 0x20, 0x0, 0x6d, 0x0, 0x0, 0x0, 0x5e,
    0x0, 0x0, 0x6, 0xd0, 0x0, 0x0, 0x5, 0xe0,
    0x32, 0x0, 0x6d, 0x0, 0x0, 0x0, 0x6f, 0xef,
    0x40, 0x6, 0xd0, 0x0, 0x19, 0xef, 0xf5, 0x0,
    0x0, 0x6d, 0x0, 0x0, 0x86, 0x6e, 0x0, 0x0,
    0x6, 0xd0, 0x0, 0x0, 0x5, 0xe0, 0x0, 0x0,
    0x6d, 0x0, 0x0, 0x0, 0x5e, 0x0, 0x0, 0x6,
    0xd0, 0x0, 0x1, 0x38, 0xe0, 0x0, 0x33, 0x9c,
    0x0, 0x0, 0x6f, 0xf7, 0x0, 0xd, 0xfe, 0x50,
    0x0, 0x0, 0x0, 0x0, 0x0, 0x0, 0x0, 0x0,
    0x0,

    /* U+626B "扫" */
    0x0, 0x8, 0xa0, 0x0, 0x0, 0x0, 0x0, 0x0,
    0x0, 0x8a, 0x0, 0xaa, 0xaa, 0xaa, 0xa0, 0x2,
    0x3a, 0xb3, 0x36, 0x66, 0x66, 0x7f, 0x10, 0xef,
    0xff, 0xfc, 0x0, 0x0, 0x2, 0xf1, 0x0, 0x8,
    0xa0, 0x0, 0x0, 0x0, 0x2f, 0x10, 0x0, 0x8a,
    0x0, 0x0, 0x0, 0x2, 0xf1, 0x0, 0x8, 0xa5,
    0x8b, 0xff, 0xff, 0xff, 0x10, 0x0, 0xbf, 0xd4,
    0x12, 0x22, 0x24, 0xf1, 0x19, 0xff, 0xb0, 0x0,
    0x0, 0x0, 0x2f, 0x10, 0xa5, 0x8a, 0x0, 0x0,
    0x0, 0x2, 0xf1, 0x0, 0x8, 0xa0, 0x0, 0x0,
    0x0, 0x2f, 0x10, 0x0, 0x8a, 0xa, 0xff, 0xff,
    0xff, 0xf1, 0x0, 0x4a, 0xa0, 0x23, 0x33, 0x33,
    0x5f, 0x10, 0xd, 0xf7, 0x0, 0x0, 0x0, 0x2,
    0xf1,

    /* U+627E "找" */
    0x0, 0x0, 0x0, 0x0, 0x0, 0x0, 0x0, 0x0,
    0x0, 0x3, 0xe0, 0x0, 0xc7, 0x42, 0x0, 0x0,
    0x0, 0x4, 0xf0, 0x0, 0xb8, 0x8f, 0x70, 0x0,
    0x0, 0x4, 0xf0, 0x0, 0xaa, 0x3, 0xe3, 0x0,
    0xc, 0xff, 0xff, 0xf1, 0x8b, 0x0, 0x23, 0x10,
    0x1, 0x15, 0xf1, 0x34, 0xaf, 0xce, 0xff, 0x50,
    0x0, 0x4, 0xf0, 0x9f, 0xdf, 0x85, 0x31, 0x0,
    0x0, 0x4, 0xf0, 0x51, 0x1f, 0x30, 0x8b, 0x0,
    0x0, 0x7, 0xff, 0xf2, 0xd, 0x71, 0xf4, 0x0,
    0x9, 0xff, 0xf4, 0x0, 0x9, 0xcc, 0xa0, 0x0,
    0x3, 0x44, 0xf0, 0x0, 0x4, 0xfd, 0x0, 0x0,
    0x0, 0x4, 0xf0, 0x0, 0x2c, 0xf9, 0x0, 0x40,
    0x0, 0x4, 0xf0, 0x19, 0xf9, 0x4f, 0x42, 0xf1,
    0x0, 0x16, 0xf0, 0x79, 0x20, 0x7, 0xf9, 0xd0,
    0x4, 0xff, 0xa0, 0x0, 0x0, 0x0, 0x7e, 0x50,

    /* U+63A5 "接" */
    0x0, 0xf, 0x40, 0x0, 0x8, 0xa0, 0x0, 0x0,
    0x0, 0xf, 0x40, 0x88, 0x8c, 0xd8, 0x88, 0x30,
    0x1, 0x1f, 0x41, 0x9d, 0xa9, 0x99, 0xe9, 0x40,
    0xe, 0xff, 0xfe, 0x9, 0xc0, 0x4, 0xf2, 0x0,
    0x0, 0x1f, 0x40, 0x0, 0xd6, 0xd, 0x70, 0x0,
    0x0, 0xf, 0x48, 0xee, 0xfe, 0xef, 0xee, 0xe1,
    0x0, 0xf, 0x59, 0x44, 0x4d, 0x64, 0x44, 0x40,
    0x0, 0x4f, 0xfe, 0x0, 0x3f, 0x30, 0x0, 0x0,
    0x1f, 0xff, 0x62, 0xff, 0xff, 0xff, 0xff, 0xc0,
    0x4, 0x1f, 0x40, 0x28, 0xf3, 0x28, 0xd2, 0x10,
    0x0, 0xf, 0x40, 0x3f, 0xe7, 0x5f, 0x30, 0x0,
    0x0, 0xf, 0x40, 0x14, 0x7e, 0xff, 0x71, 0x0,
    0x1, 0x3f, 0x42, 0x59, 0xee, 0x56, 0xde, 0x60,
    0x6, 0xfc, 0x1e, 0xea, 0x50, 0x0, 0x7, 0x90,
    0x0, 0x0, 0x0, 0x0, 0x0, 0x0, 0x0, 0x0,

    /* U+63A7 "控" */
    0x0, 0xe, 0x40, 0x0, 0x6, 0xb0, 0x0, 0x0,
    0x0, 0xe, 0x40, 0x44, 0x49, 0xd4, 0x44, 0x10,
    0x3, 0x3f, 0x72, 0xfd, 0xcc, 0xcc, 0xcf, 0x60,
    0xe, 0xff, 0xfa, 0xf3, 0x63, 0x19, 0xc, 0x60,
    0x0, 0xe, 0x40, 0xf4, 0xe4, 0x2f, 0x1c, 0x60,
    0x0, 0xe, 0x40, 0xa, 0xd0, 0x2f, 0x69, 0x90,
    0x0, 0xe, 0x9b, 0xae, 0x20, 0xb, 0xed, 0x60,
    0x0, 0x6f, 0xd6, 0x45, 0x33, 0x33, 0x33, 0x0,
    0x3e, 0xef, 0x40, 0xcf, 0xff, 0xff, 0xff, 0x10,
    0x6, 0xe, 0x40, 0x0, 0x7, 0xc0, 0x0, 0x0,
    0x0, 0xe, 0x40, 0x0, 0x7, 0xc0, 0x0, 0x0,
    0x0, 0xe, 0x40, 0x0, 0x7, 0xc0, 0x0, 0x0,
    0x3, 0x4f, 0x4b, 0xff, 0xff, 0xff, 0xff, 0xf0,
    0x8, 0xfd, 0x2, 0x33, 0x33, 0x33, 0x33, 0x30,

    /* U+63CF "描" */
    0x0, 0xe, 0x40, 0x9, 0xa0, 0xa, 0x90, 0x0,
    0x0, 0xe, 0x42, 0x3a, 0xb3, 0x3b, 0xa3, 0x30,
    0x0, 0xe, 0x4c, 0xff, 0xff, 0xff, 0xff, 0xf1,
    0xb, 0xcf, 0xd8, 0x9, 0xa0, 0xa, 0x90, 0x0,
    0x6, 0x7f, 0x94, 0x9, 0x90, 0x9, 0x90, 0x0,
    0x0, 0xe, 0x40, 0xbf, 0xff, 0xff, 0xfe, 0x0,
    0x0, 0xe, 0x54, 0xc9, 0x3a, 0xb3, 0x7e, 0x0,
    0x0, 0x4f, 0xfa, 0xc7, 0x9, 0xa0, 0x5e, 0x0,
    0x1e, 0xef, 0x60, 0xcf, 0xef, 0xfe, 0xfe, 0x0,
    0x3, 0xe, 0x40, 0xc9, 0x3a, 0xb3, 0x7e, 0x0,
    0x0, 0xe, 0x40, 0xc7, 0x9, 0xa0, 0x5e, 0x0,
    0x0, 0xe, 0x40, 0xc9, 0x3a, 0xb3, 0x7e, 0x0,
    0x3, 0x3f, 0x40, 0xcf, 0xff, 0xff, 0xfe, 0x0,
    0x9, 0xfd, 0x10, 0xc7, 0x0, 0x0, 0x5e, 0x0,
    0x0, 0x0, 0x0, 0x0, 0x0, 0x0, 0x0, 0x0,

    /* U+64AD "播" */
    0x0, 0x0, 0x0, 0x0, 0x0, 0x0, 0x0, 0x0,
    0x0, 0x2f, 0x12, 0xff, 0xff, 0xea, 0x85, 0x10,
    0x0, 0x2f, 0x10, 0x7d, 0x7, 0xc0, 0x89, 0x0,
    0xe, 0xef, 0xe9, 0x2f, 0x67, 0xc3, 0xf5, 0x0,
    0xb, 0xcf, 0xb9, 0x3a, 0xa9, 0xc5, 0xa3, 0x30,
    0x0, 0x2f, 0x16, 0xff, 0xff, 0xff, 0xff, 0xe0,
    0x0, 0x2f, 0x55, 0x2, 0xeb, 0xc9, 0xd0, 0x0,
    0x0, 0x8f, 0xf5, 0x3e, 0x94, 0x70, 0xdc, 0x10,
    0x1b, 0xff, 0x79, 0xfb, 0x33, 0x33, 0x4e, 0xf5,
    0x3d, 0x8f, 0x18, 0xbf, 0xff, 0xff, 0xfe, 0x71,
    0x0, 0x2f, 0x10, 0x8c, 0x28, 0xd2, 0x6e, 0x0,
    0x0, 0x2f, 0x10, 0x8f, 0xff, 0xff, 0xfe, 0x0,
    0x0, 0x2f, 0x10, 0x8c, 0x27, 0xd2, 0x5e, 0x0,
    0x2, 0x4f, 0x10, 0x8f, 0xff, 0xff, 0xfe, 0x0,
    0x9, 0xfb, 0x0, 0x8b, 0x0, 0x0, 0x4e, 0x0,
    0x0, 0x0, 0x0, 0x0, 0x0, 0x0, 0x0, 0x0,

    /* U+653E "放" */
    0x0, 0x0, 0x0, 0x0, 0x2, 0x30, 0x0, 0x0,
    0x0, 0x0, 0xa9, 0x0, 0x7, 0xc0, 0x0, 0x0,
    0x0, 0x0, 0xa9, 0x0, 0x8, 0xa0, 0x0, 0x0,
    0x5, 0x66, 0xcc, 0x66, 0x1a, 0xa3, 0x33, 0x10,
    0x8, 0xbf, 0xcb, 0xbb, 0x2e, 0xff, 0xff, 0x90,
    0x0, 0xf, 0x30, 0x0, 0x2f, 0x30, 0xc6, 0x0,
    0x0, 0xf, 0x30, 0x0, 0x8f, 0x40, 0xe5, 0x0,
    0x0, 0xf, 0xff, 0xf9, 0xfe, 0x71, 0xf2, 0x0,
    0x0, 0x2f, 0x43, 0xda, 0xa7, 0xb5, 0xe0, 0x0,
    0x0, 0x4f, 0x0, 0xc6, 0x2, 0xfb, 0x90, 0x0,
    0x0, 0x7c, 0x0, 0xd4, 0x0, 0xcf, 0x30, 0x0,
    0x0, 0xc7, 0x0, 0xf3, 0x0, 0xbf, 0x0, 0x0,
    0x3, 0xf2, 0x1, 0xf1, 0x8, 0xfd, 0xa0, 0x0,
    0xb, 0xb5, 0x57, 0xe0, 0x9f, 0x42, 0xea, 0x0,
    0x4f, 0x25, 0xdf, 0x69, 0xe3, 0x0, 0x2d, 0xc0,
    0x2, 0x0, 0x0, 0x0, 0x10, 0x0, 0x0, 0x10,

    /* U+6587 "文" */
    0x0, 0x0, 0x0, 0x6d, 0x0, 0x0, 0x0, 0x0,
    0x0, 0x0, 0x6, 0xd0, 0x0, 0x0, 0x0, 0x4,
    0x44, 0x44, 0x8e, 0x44, 0x44, 0x42, 0x2, 0xee,
    0xff, 0xee, 0xee, 0xef, 0xee, 0x80, 0x0, 0x5,
    0xe0, 0x0, 0x5, 0xe0, 0x0, 0x0, 0x0, 0x1f,
    0x20, 0x0, 0x9a, 0x0, 0x0, 0x0, 0x0, 0xc7,
    0x0, 0xe, 0x50, 0x0, 0x0, 0x0, 0x5, 0xe0,
    0x6, 0xe0, 0x0, 0x0, 0x0, 0x0, 0xc, 0xa1,
    0xe6, 0x0, 0x0, 0x0, 0x0, 0x0, 0x2f, 0xeb,
    0x0, 0x0, 0x0, 0x0, 0x0, 0x2, 0xdf, 0xa0,
    0x0, 0x0, 0x0, 0x0, 0x18, 0xfb, 0x3d, 0xe6,
    0x0, 0x0, 0x3, 0x9f, 0xe5, 0x0, 0x7, 0xfe,
    0x72, 0x7, 0xfc, 0x60, 0x0, 0x0, 0x1, 0x7e,
    0xf1, 0x2, 0x0, 0x0, 0x0, 0x0, 0x0, 0x1,
    0x0,

    /* U+65B0 "新" */
    0x0, 0x0, 0x0, 0x0, 0x0, 0x0, 0x0, 0x0,
    0x0, 0x0, 0xe5, 0x0, 0x1, 0x36, 0xbe, 0x30,
    0xc, 0xdd, 0xfe, 0xdd, 0x4f, 0xea, 0x61, 0x0,
    0x4, 0xa7, 0x55, 0xa6, 0x3f, 0x10, 0x0, 0x0,
    0x0, 0x9b, 0x1, 0xf2, 0x2f, 0x10, 0x0, 0x0,
    0x0, 0x2f, 0x26, 0xc0, 0x2f, 0x99, 0x99, 0x90,
    0x1f, 0xff, 0xff, 0xff, 0x7f, 0xab, 0xfa, 0xa1,
    0x3, 0x33, 0xf7, 0x33, 0x3f, 0x13, 0xf0, 0x0,
    0x2, 0x33, 0xf7, 0x32, 0x3f, 0x3, 0xf0, 0x0,
    0x9, 0xff, 0xff, 0xfd, 0x4f, 0x3, 0xf0, 0x0,
    0x0, 0x2f, 0xfc, 0x70, 0x6e, 0x3, 0xf0, 0x0,
    0x1, 0xda, 0xe7, 0xe7, 0xaa, 0x3, 0xf0, 0x0,
    0x1e, 0xc0, 0xe4, 0x3b, 0xf5, 0x3, 0xf0, 0x0,
    0x5, 0x0, 0xe4, 0x8, 0xe0, 0x3, 0xf0, 0x0,
    0x0, 0x0, 0xe4, 0x7, 0x50, 0x3, 0xf0, 0x0,

    /* U+65E0 "无" */
    0x3f, 0xff, 0xff, 0xff, 0xff, 0xff, 0x90, 0x0,
    0x33, 0x33, 0x3f, 0x73, 0x33, 0x32, 0x0, 0x0,
    0x0, 0x0, 0xf4, 0x0, 0x0, 0x0, 0x0, 0x0,
    0x0, 0xf, 0x40, 0x0, 0x0, 0x0, 0x0, 0x0,
    0x1, 0xf3, 0x0, 0x0, 0x0, 0xd, 0xee, 0xee,
    0xef, 0xee, 0xee, 0xee, 0xd0, 0x44, 0x44, 0x4a,
    0xd4, 0x44, 0x44, 0x43, 0x0, 0x0, 0x0, 0xd8,
    0x5d, 0x0, 0x0, 0x0, 0x0, 0x0, 0x4f, 0x25,
    0xd0, 0x0, 0x0, 0x0, 0x0, 0xd, 0xb0, 0x5d,
    0x0, 0x0, 0x30, 0x0, 0x9, 0xf2, 0x5, 0xd0,
    0x0, 0x4f, 0x0, 0x9, 0xf4, 0x0, 0x5e, 0x0,
    0x9, 0xc0, 0x4d, 0xe4, 0x0, 0x2, 0xff, 0xff,
    0xf4, 0x4, 0xa1, 0x0, 0x0, 0x1, 0x33, 0x32,
    0x0,

    /* U+65E5 "日" */
    0x3f, 0xff, 0xff, 0xff, 0xf5, 0x3f, 0x43, 0x33,
    0x33, 0xe6, 0x3f, 0x10, 0x0, 0x0, 0xe6, 0x3f,
    0x10, 0x0, 0x0, 0xe6, 0x3f, 0x43, 0x33, 0x33,
    0xe6, 0x3f, 0xff, 0xff, 0xff, 0xf6, 0x3f, 0x10,
    0x0, 0x0, 0xe6, 0x3f, 0x10, 0x0, 0x0, 0xe6,
    0x3f, 0x10, 0x0, 0x0, 0xe6, 0x3f, 0x43, 0x33,
    0x33, 0xe6, 0x3f, 0xff, 0xff, 0xff, 0xf6, 0x3f,
    0x10, 0x0, 0x0, 0xe6, 0x18, 0x0, 0x0, 0x0,
    0x62,

    /* U+65F6 "时" */
    0x0, 0x0, 0x0, 0x0, 0x0, 0xf, 0x30, 0x0,
    0x0, 0x0, 0x0, 0x0, 0xf, 0x30, 0x3c, 0xcc,
    0xc2, 0x0, 0x0, 0xf, 0x30, 0x4f, 0x44, 0xf3,
    0xff, 0xff, 0xff, 0xfd, 0x4e, 0x0, 0xf3, 0x33,
    0x33, 0x3f, 0x63, 0x4e, 0x0, 0xf3, 0x25, 0x0,
    0xf, 0x30, 0x4f, 0xee, 0xf3, 0x4f, 0x50, 0xf,
    0x30, 0x4f, 0x44, 0xf3, 0x5, 0xf2, 0xf, 0x30,
    0x4e, 0x0, 0xf3, 0x0, 0xc9, 0xf, 0x30, 0x4e,
    0x0, 0xf3, 0x0, 0x21, 0xf, 0x30, 0x4f, 0xdd,
    0xf3, 0x0, 0x0, 0xf, 0x30, 0x4f, 0x55, 0xf3,
    0x0, 0x0, 0xf, 0x30, 0x3b, 0x0, 0xc2, 0x0,
    0x3, 0x4f, 0x30, 0x0, 0x0, 0x0, 0x0, 0x6,
    0xfd, 0x0,

    /* U+663E "显" */
    0x0, 0x6, 0xff, 0xff, 0xff, 0xff, 0x30, 0x0,
    0x0, 0x6d, 0x22, 0x22, 0x22, 0xf3, 0x0, 0x0,
    0x6, 0xd3, 0x33, 0x33, 0x3f, 0x30, 0x0, 0x0,
    0x6f, 0xff, 0xff, 0xff, 0xf3, 0x0, 0x0, 0x6,
    0xd0, 0x0, 0x0, 0xf, 0x30, 0x0, 0x0, 0x6f,
    0xff, 0xff, 0xff, 0xf3, 0x0, 0x0, 0x1, 0x33,
    0x43, 0x34, 0x33, 0x0, 0x0, 0x18, 0x0, 0x3f,
    0x3, 0xf0, 0x4, 0x50, 0x1, 0xd9, 0x3, 0xf0,
    0x3f, 0x0, 0xd8, 0x0, 0x2, 0xf5, 0x3f, 0x3,
    0xf0, 0x6f, 0x10, 0x0, 0x9, 0xd3, 0xf0, 0x3f,
    0x3f, 0x60, 0x0, 0x0, 0x27, 0x4f, 0x3, 0xf2,
    0x70, 0x0, 0x1f, 0xff, 0xff, 0xff, 0xff, 0xff,
    0xff, 0xc0, 0x33, 0x33, 0x33, 0x33, 0x33, 0x33,
    0x32,

    /* U+66F4 "更" */
    0xb, 0xff, 0xff, 0xff, 0xff, 0xff, 0xff, 0xe0,
    0x2, 0x22, 0x22, 0x29, 0xc2, 0x22, 0x22, 0x20,
    0x0, 0x2, 0x22, 0x28, 0xc2, 0x22, 0x20, 0x0,
    0x0, 0x1f, 0xff, 0xff, 0xff, 0xff, 0xf2, 0x0,
    0x0, 0x1f, 0x20, 0x8, 0xb0, 0x0, 0xf2, 0x0,
    0x0, 0x1f, 0xff, 0xff, 0xff, 0xff, 0xf2, 0x0,
    0x0, 0x1f, 0x53, 0x39, 0xc3, 0x33, 0xf2, 0x0,
    0x0, 0x1f, 0x53, 0x3a, 0xb3, 0x33, 0xf2, 0x0,
    0x0, 0xf, 0xff, 0xff, 0xff, 0xff, 0xf2, 0x0,
    0x0, 0x6, 0x70, 0xe, 0x50, 0x0, 0x0, 0x0,
    0x0, 0x3, 0xeb, 0x6f, 0x10, 0x0, 0x0, 0x0,
    0x0, 0x0, 0x2e, 0xfb, 0x10, 0x0, 0x0, 0x0,
    0x0, 0x27, 0xdf, 0x9c, 0xfc, 0x86, 0x43, 0x20,
    0xd, 0xfe, 0x92, 0x0, 0x26, 0xad, 0xff, 0xf1,
    0x2, 0x20, 0x0, 0x0, 0x0, 0x0, 0x0, 0x10,

    /* U+6708 "月" */
    0x0, 0x5, 0xff, 0xff, 0xff, 0xf6, 0x0, 0x5,
    0xf2, 0x22, 0x22, 0xe6, 0x0, 0x5, 0xf0, 0x0,
    0x0, 0xe6, 0x0, 0x5, 0xf0, 0x0, 0x0, 0xe6,
    0x0, 0x5, 0xff, 0xff, 0xff, 0xf6, 0x0, 0x5,
    0xf3, 0x33, 0x33, 0xf6, 0x0, 0x5, 0xf0, 0x0,
    0x0, 0xe6, 0x0, 0x5, 0xf2, 0x22, 0x22, 0xe6,
    0x0, 0x6, 0xff, 0xff, 0xff, 0xf6, 0x0, 0xa,
    0xc0, 0x0, 0x0, 0xe6, 0x0, 0x1f, 0x60, 0x0,
    0x0, 0xe6, 0x0, 0xbe, 0x0, 0x0, 0x0, 0xe6,
    0x8, 0xf4, 0x0, 0x1, 0x43, 0xf6, 0x5f, 0x60,
    0x0, 0x0, 0xff, 0xe2, 0x4, 0x0, 0x0, 0x0,
    0x0, 0x0,

    /* U+670D "服" */
    0x0, 0xef, 0xff, 0xd1, 0xff, 0xff, 0xff, 0x40,
    0x0, 0xe6, 0x27, 0xd1, 0xf4, 0x22, 0x4f, 0x20,
    0x0, 0xe4, 0x5, 0xd1, 0xf1, 0x0, 0x3f, 0x0,
    0x0, 0xe4, 0x5, 0xd1, 0xf1, 0x46, 0x9d, 0x0,
    0x0, 0xef, 0xff, 0xd1, 0xf1, 0x4d, 0xd4, 0x0,
    0x0, 0xe7, 0x37, 0xd1, 0xf5, 0x44, 0x44, 0x10,
    0x0, 0xe4, 0x5, 0xd1, 0xff, 0xff, 0xff, 0x30,
    0x0, 0xe6, 0x37, 0xd1, 0xf4, 0xf0, 0x2f, 0x10,
    0x0, 0xff, 0xff, 0xd1, 0xf1, 0xe4, 0x6d, 0x0,
    0x0, 0xf3, 0x5, 0xd1, 0xf1, 0x9b, 0xc7, 0x0,
    0x1, 0xf1, 0x5, 0xd1, 0xf1, 0x2f, 0xf1, 0x0,
    0x5, 0xe0, 0x5, 0xd1, 0xf1, 0xd, 0xe2, 0x0,
    0xb, 0x81, 0x39, 0xd1, 0xf1, 0xad, 0xbe, 0x50,
    0x1d, 0x14, 0xff, 0x71, 0xf9, 0xb1, 0x6, 0xc0,
    0x0, 0x0, 0x0, 0x0, 0x0, 0x0, 0x0, 0x0,

    /* U+671F "期" */
    0x0, 0x0, 0x0, 0x0, 0x0, 0x0, 0x0, 0x0,
    0x8, 0xb0, 0x5, 0xe0, 0x8f, 0xff, 0xf3, 0x4,
    0xac, 0x44, 0x8e, 0x49, 0xb2, 0x2f, 0x30, 0xcf,
    0xfe, 0xee, 0xfe, 0xaa, 0x0, 0xf3, 0x0, 0x8c,
    0x33, 0x7e, 0x8, 0xb3, 0x3f, 0x30, 0x8, 0xff,
    0xff, 0xe0, 0x8f, 0xff, 0xf3, 0x0, 0x8b, 0x0,
    0x5e, 0x8, 0xa0, 0xf, 0x30, 0x8, 0xff, 0xff,
    0xe0, 0x8a, 0x0, 0xf3, 0x0, 0x8c, 0x33, 0x7e,
    0x8, 0xd9, 0x9f, 0x30, 0x39, 0xc3, 0x37, 0xe3,
    0x9e, 0xcc, 0xf3, 0xe, 0xff, 0xff, 0xff, 0xfc,
    0x90, 0xf, 0x30, 0x0, 0x74, 0x28, 0x0, 0xc7,
    0x0, 0xf3, 0x0, 0x3f, 0x32, 0xdc, 0x2f, 0x30,
    0xf, 0x30, 0x3e, 0x80, 0x1, 0xdb, 0xe0, 0x23,
    0xf2, 0xe, 0x80, 0x0, 0x0, 0xc8, 0x9, 0xfb,
    0x0, 0x10, 0x0, 0x0, 0x0, 0x0, 0x0, 0x0,

    /* U+672A "未" */
    0x0, 0x0, 0x0, 0x7c, 0x0, 0x0, 0x0, 0x0,
    0x0, 0x0, 0x7, 0xc0, 0x0, 0x0, 0x0, 0x0,
    0xff, 0xff, 0xff, 0xff, 0xff, 0x40, 0x0, 0x2,
    0x22, 0x29, 0xd2, 0x22, 0x20, 0x0, 0x0, 0x0,
    0x0, 0x7c, 0x0, 0x0, 0x0, 0x0, 0x33, 0x33,
    0x39, 0xd3, 0x33, 0x33, 0x10, 0xf, 0xff, 0xff,
    0xff, 0xff, 0xff, 0xf5, 0x0, 0x0, 0x3, 0xfc,
    0xde, 0x50, 0x0, 0x0, 0x0, 0x1, 0xd9, 0x6c,
    0x6e, 0x10, 0x0, 0x0, 0x2, 0xdb, 0x6, 0xc0,
    0xad, 0x10, 0x0, 0x4, 0xea, 0x0, 0x6c, 0x0,
    0xbe, 0x40, 0x9, 0xf7, 0x0, 0x6, 0xc0, 0x0,
    0x7f, 0xb0, 0x32, 0x0, 0x0, 0x6c, 0x0, 0x0,
    0x15, 0x0, 0x0, 0x0, 0x6, 0xc0, 0x0, 0x0,
    0x0, 0x0, 0x0, 0x0, 0x0, 0x0, 0x0, 0x0,
    0x0,

    /* U+672C "本" */
    0x0, 0x0, 0x0, 0x6, 0xd0, 0x0, 0x0, 0x0,
    0x0, 0x0, 0x0, 0x6, 0xd0, 0x0, 0x0, 0x0,
    0x5, 0xff, 0xff, 0xff, 0xff, 0xff, 0xff, 0x40,
    0x1, 0x33, 0x33, 0xed, 0xdf, 0x83, 0x33, 0x10,
    0x0, 0x0, 0x4, 0xf7, 0xd9, 0xb0, 0x0, 0x0,
    0x0, 0x0, 0xc, 0x96, 0xd3, 0xf2, 0x0, 0x0,
    0x0, 0x0, 0x7e, 0x16, 0xd0, 0xbb, 0x0, 0x0,
    0x0, 0x4, 0xf5, 0x6, 0xd0, 0x2f, 0x70, 0x0,
    0x0, 0x4f, 0x70, 0x6, 0xd0, 0x4, 0xf6, 0x0,
    0x7, 0xf8, 0x7f, 0xff, 0xff, 0xfe, 0x5f, 0x90,
    0x1d, 0x60, 0x2, 0x27, 0xd2, 0x21, 0x4, 0xc0,
    0x0, 0x0, 0x0, 0x6, 0xd0, 0x0, 0x0, 0x0,
    0x0, 0x0, 0x0, 0x6, 0xd0, 0x0, 0x0, 0x0,
    0x0, 0x0, 0x0, 0x6, 0xd0, 0x0, 0x0, 0x0,

    /* U+6821 "校" */
    0x0, 0x1, 0xf1, 0x0, 0x0, 0xe4, 0x0, 0x0,
    0x0, 0x1, 0xf2, 0x0, 0x0, 0xe5, 0x0, 0x0,
    0x0, 0x2, 0xf2, 0x1f, 0xff, 0xff, 0xff, 0xc0,
    0x6, 0xff, 0xff, 0xd1, 0x2a, 0x23, 0xa2, 0x0,
    0x0, 0x15, 0xf3, 0x10, 0xbc, 0x2, 0xcd, 0x10,
    0x0, 0x9, 0xf6, 0x1c, 0xd2, 0x0, 0x2b, 0xd0,
    0x0, 0x1f, 0xff, 0x99, 0x99, 0x2, 0xf2, 0xa1,
    0x0, 0x8d, 0xf6, 0xf2, 0x4e, 0x6, 0xd0, 0x0,
    0x3, 0xf5, 0xf2, 0x82, 0xe, 0x6d, 0x80, 0x0,
    0xe, 0x81, 0xf2, 0x0, 0x5, 0xff, 0x10, 0x0,
    0x2, 0x1, 0xf2, 0x0, 0x2, 0xfc, 0x0, 0x0,
    0x0, 0x1, 0xf2, 0x0, 0x3e, 0x9e, 0xb1, 0x0,
    0x0, 0x1, 0xf2, 0x19, 0xf7, 0x1, 0xce, 0x71,
    0x0, 0x1, 0xf2, 0x7c, 0x30, 0x0, 0x6, 0xd3,
    0x0, 0x0, 0x0, 0x0, 0x0, 0x0, 0x0, 0x0,

    /* U+6B21 "次" */
    0x0, 0x0, 0x0, 0x1, 0x0, 0x0, 0x0, 0x0,
    0x2, 0x20, 0x0, 0x9, 0xa0, 0x0, 0x0, 0x0,
    0x9, 0xf6, 0x0, 0xd, 0x60, 0x0, 0x0, 0x0,
    0x0, 0x6f, 0x40, 0x2f, 0xff, 0xff, 0xff, 0x40,
    0x0, 0xa, 0x80, 0x8c, 0x33, 0x33, 0x6f, 0x20,
    0x0, 0x0, 0x1, 0xf5, 0x1, 0x0, 0x7e, 0x0,
    0x0, 0x0, 0xb, 0xc0, 0x1f, 0x10, 0xc7, 0x0,
    0x0, 0x3, 0x38, 0x20, 0x2f, 0x0, 0x0, 0x0,
    0x0, 0x9, 0x90, 0x0, 0x5f, 0x0, 0x0, 0x0,
    0x0, 0xe, 0x50, 0x0, 0x9f, 0x60, 0x0, 0x0,
    0x0, 0x3f, 0x0, 0x1, 0xfa, 0xe0, 0x0, 0x0,
    0x0, 0xba, 0x0, 0xc, 0xd0, 0xc9, 0x0, 0x0,
    0x4, 0xf2, 0x1, 0xbe, 0x20, 0x2e, 0x90, 0x0,
    0xe, 0x90, 0x5e, 0xc1, 0x0, 0x3, 0xed, 0x60,
    0x4, 0x1, 0xd7, 0x0, 0x0, 0x0, 0x18, 0xb0,
    0x0, 0x0, 0x0, 0x0, 0x0, 0x0, 0x0, 0x0,

    /* U+6B63 "正" */
    0x1, 0x11, 0x11, 0x11, 0x11, 0x11, 0x10, 0xc,
    0xff, 0xff, 0xff, 0xff, 0xff, 0xf4, 0x0, 0x11,
    0x11, 0x3f, 0x11, 0x11, 0x10, 0x0, 0x0, 0x0,
    0x2f, 0x10, 0x0, 0x0, 0x0, 0x14, 0x0, 0x2f,
    0x10, 0x0, 0x0, 0x0, 0x4f, 0x0, 0x2f, 0x10,
    0x0, 0x0, 0x0, 0x4f, 0x0, 0x2f, 0xff, 0xff,
    0x50, 0x0, 0x4f, 0x0, 0x2f, 0x43, 0x33, 0x10,
    0x0, 0x4f, 0x0, 0x2f, 0x10, 0x0, 0x0, 0x0,
    0x4f, 0x0, 0x2f, 0x10, 0x0, 0x0, 0x0, 0x4f,
    0x0, 0x2f, 0x10, 0x0, 0x0, 0x1, 0x5f, 0x11,
    0x3f, 0x21, 0x11, 0x11, 0x3f, 0xff, 0xff, 0xff,
    0xff, 0xff, 0xfe, 0x1, 0x11, 0x11, 0x11, 0x11,
    0x11, 0x11,

    /* U+6B64 "此" */
    0x0, 0x0, 0x1f, 0x30, 0xf, 0x50, 0x0, 0x0,
    0x0, 0x0, 0x2f, 0x30, 0xf, 0x50, 0x0, 0x0,
    0x0, 0x0, 0x2f, 0x30, 0xf, 0x50, 0x0, 0x0,
    0x0, 0x93, 0x2f, 0x30, 0xf, 0x50, 0x3, 0x0,
    0x0, 0xe5, 0x2f, 0x63, 0x1f, 0x50, 0xaf, 0x20,
    0x0, 0xe5, 0x2f, 0xff, 0x8f, 0x8d, 0xe3, 0x0,
    0x0, 0xe5, 0x2f, 0x30, 0xf, 0xf9, 0x10, 0x0,
    0x0, 0xe5, 0x2f, 0x30, 0xf, 0x60, 0x0, 0x0,
    0x0, 0xe5, 0x2f, 0x30, 0xf, 0x50, 0x0, 0x0,
    0x0, 0xe5, 0x2f, 0x30, 0xf, 0x50, 0x0, 0x0,
    0x0, 0xe5, 0x2f, 0x34, 0x4f, 0x50, 0x1, 0x50,
    0x0, 0xe5, 0x4f, 0xff, 0x6f, 0x50, 0x4, 0xe0,
    0x2, 0xfe, 0xfc, 0x71, 0xe, 0x83, 0x3b, 0xa0,
    0x3f, 0xe8, 0x20, 0x0, 0x8, 0xff, 0xfe, 0x30,
    0x2, 0x0, 0x0, 0x0, 0x0, 0x0, 0x0, 0x0,

    /* U+6BCF "每" */
    0x0, 0x3, 0x20, 0x0, 0x0, 0x0, 0x0, 0x0,
    0x0, 0xd9, 0x11, 0x11, 0x11, 0x11, 0x0, 0x0,
    0x6f, 0xff, 0xff, 0xff, 0xff, 0xf9, 0x0, 0x2e,
    0x71, 0x11, 0x11, 0x11, 0x11, 0x0, 0x1d, 0xbe,
    0xee, 0xee, 0xee, 0xee, 0x60, 0x9, 0xb2, 0xf5,
    0x9c, 0x74, 0x44, 0xe6, 0x0, 0x0, 0x3f, 0x6,
    0xcf, 0xb1, 0xe, 0x50, 0x0, 0x5, 0xe0, 0x0,
    0x4b, 0x10, 0xf4, 0x0, 0xff, 0xff, 0xff, 0xff,
    0xff, 0xff, 0xff, 0x2, 0x2b, 0xa3, 0xeb, 0x52,
    0x25, 0xf2, 0x20, 0x0, 0xc7, 0x3, 0x9f, 0xa0,
    0x5e, 0x0, 0x0, 0xf, 0x73, 0x33, 0x5b, 0x39,
    0xd3, 0x0, 0x2, 0xff, 0xff, 0xff, 0xff, 0xff,
    0xf3, 0x0, 0x29, 0x0, 0x0, 0x42, 0x2e, 0x70,
    0x0, 0x0, 0x0, 0x0, 0xb, 0xff, 0xc1, 0x0,
    0x0,

    /* U+6C14 "气" */
    0x0, 0x4, 0x40, 0x0, 0x0, 0x0, 0x0, 0x0,
    0x0, 0x9, 0xa0, 0x0, 0x0, 0x0, 0x0, 0x0,
    0x0, 0xc, 0xff, 0xff, 0xff, 0xff, 0xff, 0x80,
    0x0, 0x1f, 0x53, 0x33, 0x33, 0x33, 0x33, 0x10,
    0x0, 0x8d, 0x44, 0x44, 0x44, 0x44, 0x41, 0x0,
    0x1, 0xf6, 0xce, 0xee, 0xee, 0xee, 0xe3, 0x0,
    0xa, 0xd2, 0x33, 0x33, 0x33, 0x33, 0x0, 0x0,
    0x2f, 0x36, 0xff, 0xff, 0xff, 0xff, 0x30, 0x0,
    0x1, 0x0, 0x0, 0x0, 0x0, 0xf, 0x30, 0x0,
    0x0, 0x0, 0x0, 0x0, 0x0, 0xf, 0x40, 0x0,
    0x0, 0x0, 0x0, 0x0, 0x0, 0xd, 0x60, 0x0,
    0x0, 0x0, 0x0, 0x0, 0x0, 0x9, 0xa0, 0x51,
    0x0, 0x0, 0x0, 0x0, 0x0, 0x4, 0xf1, 0xd4,
    0x0, 0x0, 0x0, 0x0, 0x0, 0x0, 0xdb, 0xf1,
    0x0, 0x0, 0x0, 0x0, 0x0, 0x0, 0x2e, 0x80,

    /* U+6CD5 "法" */
    0x2, 0x10, 0x0, 0x0, 0xb7, 0x0, 0x0, 0x0,
    0x8f, 0x60, 0x0, 0xb, 0x70, 0x0, 0x0, 0x0,
    0x4f, 0x64, 0x44, 0xda, 0x44, 0x30, 0x0, 0x0,
    0x42, 0xee, 0xef, 0xee, 0xeb, 0x0, 0x89, 0x20,
    0x0, 0x0, 0xb7, 0x0, 0x0, 0x0, 0x8f, 0x40,
    0x0, 0xb, 0x70, 0x0, 0x0, 0x0, 0x52, 0xcd,
    0xdd, 0xfe, 0xdd, 0xd9, 0x0, 0x0, 0x4, 0x55,
    0xad, 0x55, 0x55, 0x30, 0x0, 0xc, 0x30, 0xd,
    0x70, 0x0, 0x0, 0x0, 0x3, 0xf0, 0x3, 0xf1,
    0xa, 0x60, 0x0, 0x0, 0xc9, 0x0, 0xaa, 0x0,
    0x3f, 0x60, 0x0, 0x6f, 0x25, 0x7f, 0xba, 0xbc,
    0xef, 0x30, 0x4f, 0x60, 0x7c, 0xb9, 0x86, 0x53,
    0xac, 0x2, 0x70, 0x0, 0x0, 0x0, 0x0, 0x2,
    0x60,

    /* U+6D88 "消" */
    0x3, 0x10, 0x2, 0x0, 0xd6, 0x0, 0x30, 0x8,
    0xf6, 0x7e, 0x40, 0xd6, 0x7, 0xd0, 0x0, 0x4f,
    0x35, 0xf2, 0xd6, 0x6f, 0x30, 0x10, 0x2, 0x0,
    0x62, 0xd6, 0x73, 0x0, 0x9e, 0x50, 0xf, 0xff,
    0xff, 0xff, 0x80, 0x5, 0xf5, 0xf, 0x63, 0x33,
    0x3b, 0x80, 0x0, 0x52, 0xf, 0x63, 0x33, 0x3b,
    0x80, 0x0, 0x3, 0xf, 0xff, 0xff, 0xff, 0x80,
    0x0, 0x3e, 0xf, 0x30, 0x0, 0xa, 0x80, 0x0,
    0x8a, 0xf, 0x53, 0x33, 0x3b, 0x80, 0x0, 0xe5,
    0xf, 0xff, 0xff, 0xff, 0x80, 0x7, 0xd0, 0xf,
    0x30, 0x0, 0xa, 0x80, 0x3f, 0x50, 0xf, 0x30,
    0x2, 0x2b, 0x80, 0x79, 0x0, 0xf, 0x30, 0x8,
    0xfe, 0x30,

    /* U+6DFB "添" */
    0x0, 0x41, 0x0, 0x1, 0x23, 0x57, 0xa7, 0x0,
    0x0, 0xad, 0x18, 0xff, 0xff, 0xec, 0x83, 0x0,
    0x0, 0xb, 0xb0, 0x10, 0x6d, 0x0, 0x0, 0x0,
    0x0, 0x2, 0xd2, 0x11, 0xab, 0x11, 0x11, 0x0,
    0xc, 0x60, 0x1f, 0xff, 0xff, 0xff, 0xff, 0x90,
    0x4, 0xf6, 0x0, 0x7, 0xe1, 0x9b, 0x0, 0x0,
    0x0, 0x6f, 0x0, 0x3f, 0x50, 0x1f, 0x60, 0x0,
    0x0, 0x3, 0x4, 0xf8, 0x8a, 0x4, 0xf7, 0x0,
    0x0, 0x8, 0x8f, 0x80, 0x8a, 0x0, 0x4f, 0xd2,
    0x0, 0xf, 0x43, 0x77, 0x8b, 0xa2, 0xb6, 0x70,
    0x0, 0x4f, 0x0, 0xe7, 0x8a, 0xaa, 0x5e, 0x10,
    0x0, 0x9c, 0x8, 0xe0, 0x8a, 0x3f, 0xc, 0x60,
    0x1, 0xf6, 0x3f, 0x50, 0x8a, 0xf, 0x37, 0xb0,
    0xa, 0xe0, 0x4, 0x3, 0xba, 0x2, 0x0, 0x0,
    0x6, 0x40, 0x0, 0xe, 0xe4, 0x0, 0x0, 0x0,
    0x0, 0x0, 0x0, 0x0, 0x0, 0x0, 0x0, 0x0,

    /* U+6E05 "清" */
    0x1, 0xa5, 0xc, 0xff, 0xff, 0xff, 0xff, 0x20,
    0x0, 0xb, 0x81, 0x22, 0x2f, 0x52, 0x22, 0x0,
    0x0, 0x1, 0x40, 0xce, 0xef, 0xee, 0xe1, 0x0,
    0x6, 0x0, 0x0, 0xab, 0xbf, 0xcb, 0xb1, 0x0,
    0x2f, 0xd2, 0x24, 0x44, 0x4f, 0x74, 0x44, 0x40,
    0x1, 0xbd, 0x8d, 0xdd, 0xdd, 0xdd, 0xdd, 0xd1,
    0x0, 0x4, 0x1, 0x55, 0x55, 0x55, 0x53, 0x0,
    0x0, 0x4, 0x13, 0xfd, 0xdd, 0xdd, 0xe9, 0x0,
    0x0, 0xc, 0x63, 0xf8, 0x88, 0x88, 0xd9, 0x0,
    0x0, 0x1f, 0x13, 0xf7, 0x77, 0x77, 0xc9, 0x0,
    0x0, 0x8b, 0x3, 0xfd, 0xdd, 0xdd, 0xf9, 0x0,
    0x2, 0xf4, 0x3, 0xf5, 0x55, 0x55, 0xc9, 0x0,
    0xc, 0xb0, 0x3, 0xf0, 0x0, 0x12, 0xc8, 0x0,
    0x9, 0x10, 0x3, 0xf0, 0x0, 0x4f, 0xf3, 0x0,

    /* U+7247 "片" */
    0x0, 0x4, 0xe0, 0x0, 0x3f, 0x0, 0x0, 0x0,
    0x0, 0x4e, 0x0, 0x3, 0xf0, 0x0, 0x0, 0x0,
    0x4, 0xe0, 0x0, 0x3f, 0x0, 0x0, 0x0, 0x0,
    0x4e, 0x22, 0x24, 0xf2, 0x22, 0x21, 0x0, 0x4,
    0xff, 0xff, 0xff, 0xff, 0xff, 0x80, 0x0, 0x4e,
    0x0, 0x0, 0x0, 0x0, 0x0, 0x0, 0x4, 0xe0,
    0x0, 0x0, 0x0, 0x0, 0x0, 0x0, 0x4f, 0x33,
    0x33, 0x33, 0x20, 0x0, 0x0, 0x5, 0xff, 0xff,
    0xff, 0xfc, 0x0, 0x0, 0x0, 0x7d, 0x0, 0x0,
    0x7, 0xc0, 0x0, 0x0, 0xc, 0xa0, 0x0, 0x0,
    0x7c, 0x0, 0x0, 0x4, 0xf4, 0x0, 0x0, 0x7,
    0xc0, 0x0, 0x4, 0xea, 0x0, 0x0, 0x0, 0x7c,
    0x0, 0x0, 0xaa, 0x0, 0x0, 0x0, 0x7, 0xc0,
    0x0, 0x0, 0x0, 0x0, 0x0, 0x0, 0x0, 0x0,
    0x0,

    /* U+7528 "用" */
    0x0, 0xf, 0xff, 0xff, 0xff, 0xff, 0xfa, 0x0,
    0xf, 0x62, 0x26, 0xf2, 0x22, 0xaa, 0x0, 0xf,
    0x40, 0x4, 0xf0, 0x0, 0x9a, 0x0, 0xf, 0x51,
    0x15, 0xf1, 0x11, 0xaa, 0x0, 0xf, 0xff, 0xff,
    0xff, 0xff, 0xfa, 0x0, 0xf, 0x41, 0x15, 0xf1,
    0x11, 0x9a, 0x0, 0xf, 0x40, 0x4, 0xf0, 0x0,
    0x9a, 0x0, 0xf, 0x74, 0x47, 0xf4, 0x44, 0xba,
    0x0, 0x1f, 0xee, 0xee, 0xfe, 0xee, 0xfa, 0x0,
    0x4f, 0x10, 0x4, 0xf0, 0x0, 0x9a, 0x0, 0x8e,
    0x0, 0x4, 0xf0, 0x0, 0x9a, 0x1, 0xf9, 0x0,
    0x4, 0xf0, 0x0, 0x9a, 0xa, 0xf1, 0x0, 0x2,
    0x80, 0x13, 0xba, 0xc, 0x70, 0x0, 0x0, 0x0,
    0x4f, 0xf5, 0x0, 0x0, 0x0, 0x0, 0x0, 0x0,
    0x0,

    /* U+754C "界" */
    0x0, 0xe, 0xff, 0xff, 0xff, 0xff, 0xe0, 0x0,
    0x0, 0xe, 0x62, 0x2c, 0x72, 0x26, 0xe0, 0x0,
    0x0, 0xe, 0x40, 0xb, 0x60, 0x4, 0xe0, 0x0,
    0x0, 0xe, 0xff, 0xff, 0xff, 0xff, 0xe0, 0x0,
    0x0, 0xe, 0x63, 0x3c, 0x83, 0x36, 0xe0, 0x0,
    0x0, 0xe, 0x73, 0x3c, 0x83, 0x37, 0xe0, 0x0,
    0x0, 0xe, 0xff, 0xff, 0xff, 0xff, 0xe0, 0x0,
    0x0, 0x0, 0x3e, 0x60, 0xb, 0xb0, 0x0, 0x0,
    0x0, 0x39, 0xfa, 0x80, 0x8, 0xee, 0x60, 0x0,
    0x1e, 0xfb, 0x34, 0xf0, 0xe, 0x46, 0xdf, 0xc1,
    0x3, 0x10, 0x7, 0xd0, 0xe, 0x40, 0x3, 0x50,
    0x0, 0x0, 0x1e, 0x70, 0xe, 0x40, 0x0, 0x0,
    0x0, 0x38, 0xeb, 0x0, 0xe, 0x40, 0x0, 0x0,
    0x0, 0xdc, 0x60, 0x0, 0xe, 0x40, 0x0, 0x0,
    0x0, 0x0, 0x0, 0x0, 0x0, 0x0, 0x0, 0x0,

    /* U+7684 "的" */
    0x0, 0x0, 0x0, 0x0, 0x10, 0x0, 0x0, 0x0,
    0xe, 0x20, 0x0, 0xd6, 0x0, 0x0, 0x0, 0x5f,
    0x0, 0x1, 0xf2, 0x0, 0x0, 0x14, 0xcb, 0x43,
    0x6, 0xf7, 0x77, 0x71, 0x5f, 0xee, 0xfe, 0xc,
    0xc9, 0x9a, 0xf1, 0x5e, 0x0, 0x5e, 0x4f, 0x20,
    0x1, 0xf1, 0x5e, 0x0, 0x5f, 0xd9, 0x10, 0x1,
    0xf1, 0x5f, 0x33, 0x7f, 0x82, 0xf4, 0x2, 0xf0,
    0x5f, 0xff, 0xfe, 0x0, 0x8e, 0x13, 0xf0, 0x5e,
    0x0, 0x5e, 0x0, 0xd, 0x84, 0xe0, 0x5e, 0x0,
    0x5e, 0x0, 0x6, 0xa6, 0xd0, 0x5e, 0x0, 0x5e,
    0x0, 0x0, 0x8, 0xa0, 0x5f, 0xff, 0xfe, 0x0,
    0x0, 0xc, 0x80, 0x5f, 0x33, 0x7e, 0x0, 0xd6,
    0x5f, 0x30, 0x5e, 0x0, 0x38, 0x0, 0x7c, 0xf9,
    0x0,

    /* U+7801 "码" */
    0x0, 0x0, 0x0, 0xf, 0xff, 0xff, 0xf3, 0x0,
    0xef, 0xff, 0xf7, 0x22, 0x22, 0x2f, 0x20, 0x3,
    0x3e, 0x73, 0x12, 0xb0, 0x1, 0xf1, 0x0, 0x0,
    0xf2, 0x0, 0x4e, 0x0, 0x2f, 0x0, 0x0, 0x4f,
    0x0, 0x7, 0xc0, 0x4, 0xf0, 0x0, 0xa, 0xe7,
    0x71, 0xa9, 0x0, 0x6d, 0x0, 0x2, 0xfd, 0xcf,
    0x3d, 0xa5, 0x5a, 0xd5, 0x21, 0xdf, 0x70, 0xf3,
    0xcd, 0xdd, 0xdd, 0xf7, 0x1b, 0xd7, 0xf, 0x30,
    0x0, 0x0, 0xc, 0x60, 0xc, 0x70, 0xf4, 0x55,
    0x55, 0x52, 0xd5, 0x0, 0xc9, 0x4f, 0x6d, 0xdd,
    0xdd, 0x5f, 0x30, 0xc, 0xee, 0xf3, 0x0, 0x0,
    0x1, 0xf1, 0x0, 0x95, 0xc, 0x20, 0x0, 0x32,
    0x7e, 0x0, 0x0, 0x0, 0x0, 0x0, 0x6, 0xff,
    0x60,

    /* U+786E "确" */
    0x0, 0x0, 0x0, 0x0, 0x11, 0x0, 0x0, 0x0,
    0x0, 0x0, 0x0, 0xa, 0x90, 0x0, 0x0, 0xf,
    0xff, 0xff, 0x82, 0xfe, 0xdd, 0xc0, 0x0, 0x25,
    0xf2, 0x21, 0xc9, 0x55, 0xfb, 0x0, 0x0, 0x5d,
    0x0, 0x9e, 0x0, 0x8f, 0x20, 0x0, 0x8, 0xa0,
    0x8f, 0xfe, 0xef, 0xfe, 0xe4, 0x0, 0xcd, 0x9a,
    0xdb, 0x46, 0xf4, 0x4e, 0x40, 0x2f, 0xce, 0x6a,
    0x90, 0x3f, 0x0, 0xe4, 0xa, 0xf5, 0xc6, 0xaf,
    0xff, 0xff, 0xff, 0x40, 0xef, 0x5c, 0x6b, 0xa2,
    0x5f, 0x22, 0xe4, 0x0, 0xd5, 0xc6, 0xb7, 0x3,
    0xf0, 0xe, 0x40, 0xd, 0x7c, 0x6d, 0xed, 0xdf,
    0xdd, 0xf4, 0x0, 0xdf, 0xf8, 0xf6, 0x55, 0x55,
    0x5e, 0x40, 0x4, 0x15, 0xdb, 0x0, 0x0, 0x0,
    0xe4, 0x0, 0x0, 0x5f, 0x30, 0x0, 0x3, 0x3f,
    0x40, 0x0, 0xb, 0x70, 0x0, 0x0, 0x6f, 0xd1,
    0x0, 0x0, 0x0, 0x0, 0x0, 0x0, 0x0, 0x0,

    /* U+793A "示" */
    0x0, 0x11, 0x11, 0x11, 0x11, 0x11, 0x0, 0x0,
    0xdf, 0xff, 0xff, 0xff, 0xff, 0x20, 0x0, 0x0,
    0x0, 0x0, 0x0, 0x0, 0x0, 0x0, 0x0, 0x0,
    0x0, 0x0, 0x0, 0x0, 0xc, 0xdd, 0xdd, 0xdd,
    0xdd, 0xdd, 0xd2, 0x4, 0x55, 0x55, 0x9d, 0x55,
    0x55, 0x50, 0x0, 0x2, 0x50, 0x7d, 0x3, 0x40,
    0x0, 0x0, 0xa, 0xa0, 0x7d, 0x8, 0xf5, 0x0,
    0x0, 0x4f, 0x20, 0x7d, 0x0, 0x8f, 0x30, 0x1,
    0xe7, 0x0, 0x7d, 0x0, 0xa, 0xd0, 0x1d, 0xb0,
    0x0, 0x7d, 0x0, 0x1, 0xe8, 0x3b, 0x0, 0x0,
    0x7d, 0x0, 0x0, 0x68, 0x0, 0x0, 0x44, 0xac,
    0x0, 0x0, 0x0, 0x0, 0x0, 0x8f, 0xf7, 0x0,
    0x0, 0x0, 0x0, 0x0, 0x0, 0x0, 0x0, 0x0,
    0x0,

    /* U+79D2 "秒" */
    0x2, 0x34, 0x6a, 0xa0, 0x0, 0xe4, 0x0, 0x0,
    0x7, 0xfe, 0xf7, 0x10, 0x0, 0xe4, 0x0, 0x0,
    0x0, 0x2, 0xf1, 0x0, 0xb4, 0xe6, 0xe5, 0x0,
    0x1, 0x23, 0xf3, 0x10, 0xf3, 0xe4, 0x6f, 0x20,
    0x9, 0xff, 0xff, 0xe7, 0xd0, 0xe4, 0xa, 0xb0,
    0x0, 0x5, 0xf1, 0x2e, 0x60, 0xe4, 0x2, 0xf2,
    0x0, 0xa, 0xfd, 0x69, 0x0, 0xe4, 0x6, 0x50,
    0x0, 0x3f, 0xf8, 0xe1, 0x11, 0xf4, 0x4f, 0x0,
    0x0, 0xdb, 0xf1, 0xc7, 0xaf, 0xf1, 0xc8, 0x0,
    0xb, 0xc2, 0xf1, 0x20, 0x12, 0x17, 0xe1, 0x0,
    0x6, 0x12, 0xf1, 0x0, 0x0, 0x6f, 0x40, 0x0,
    0x0, 0x2, 0xf1, 0x0, 0x1a, 0xf5, 0x0, 0x0,
    0x0, 0x2, 0xf1, 0x5a, 0xfd, 0x30, 0x0, 0x0,
    0x0, 0x2, 0xf2, 0xdb, 0x50, 0x0, 0x0, 0x0,

    /* U+79F0 "称" */
    0x0, 0x0, 0x0, 0x0, 0x0, 0x0, 0x0, 0x0,
    0x0, 0x1, 0x6d, 0xa0, 0x4b, 0x0, 0x0, 0x0,
    0xb, 0xef, 0xf6, 0x0, 0x8a, 0x0, 0x0, 0x0,
    0x5, 0x46, 0xd0, 0x0, 0xd9, 0x55, 0x55, 0x30,
    0x1, 0x26, 0xd2, 0x23, 0xfc, 0xcc, 0xcc, 0x80,
    0xc, 0xff, 0xff, 0xfa, 0x90, 0x73, 0x0, 0x0,
    0x0, 0xa, 0xd2, 0x4f, 0x20, 0xc5, 0x0, 0x0,
    0x0, 0x1f, 0xfe, 0x35, 0x0, 0xc5, 0x0, 0x0,
    0x0, 0x8e, 0xd9, 0xb0, 0xb5, 0xc5, 0xd4, 0x0,
    0x2, 0xf8, 0xd1, 0xb4, 0xf1, 0xc5, 0x6e, 0x0,
    0xc, 0xb5, 0xd0, 0xd, 0x80, 0xc5, 0xd, 0x60,
    0x1b, 0x15, 0xd0, 0xad, 0x0, 0xc5, 0x6, 0xd0,
    0x0, 0x5, 0xd1, 0xc3, 0x0, 0xc5, 0x1, 0xc0,
    0x0, 0x5, 0xd0, 0x0, 0x22, 0xd5, 0x0, 0x0,
    0x0, 0x5, 0xd0, 0x0, 0x7f, 0xf2, 0x0, 0x0,

    /* U+7B49 "等" */
    0x0, 0x2, 0x10, 0x0, 0x2, 0x10, 0x0, 0x0,
    0x0, 0xb8, 0x0, 0x0, 0xb9, 0x0, 0x0, 0x0,
    0x3f, 0xee, 0xee, 0x5f, 0xff, 0xff, 0xb0, 0x1d,
    0xa6, 0xf7, 0x4e, 0xb3, 0xcc, 0x32, 0xb, 0xc0,
    0x9, 0x87, 0xb1, 0x2, 0xc1, 0x0, 0x21, 0x55,
    0x55, 0xcb, 0x55, 0x55, 0x0, 0x0, 0xc, 0xdd,
    0xdf, 0xed, 0xdd, 0xd0, 0x0, 0x33, 0x33, 0x33,
    0xbb, 0x33, 0x33, 0x33, 0xe, 0xff, 0xff, 0xff,
    0xff, 0xff, 0xff, 0xd0, 0x0, 0x0, 0x0, 0x0,
    0x9, 0xa0, 0x0, 0x6, 0xff, 0xff, 0xff, 0xff,
    0xff, 0xff, 0x80, 0x13, 0x9b, 0x63, 0x33, 0x3b,
    0xb3, 0x31, 0x0, 0x5, 0xaf, 0xc2, 0x0, 0x9a,
    0x0, 0x0, 0x0, 0x0, 0x1a, 0x23, 0x3b, 0xa0,
    0x0, 0x0, 0x0, 0x0, 0x0, 0x8f, 0xe4, 0x0,
    0x0,

    /* U+7CFB "系" */
    0x0, 0x0, 0x0, 0x0, 0x0, 0x1, 0x20, 0x0,
    0x0, 0x0, 0x12, 0x47, 0x9d, 0xfc, 0x0, 0xd,
    0xef, 0xff, 0xfe, 0xb9, 0x62, 0x0, 0x0, 0x34,
    0x32, 0x5f, 0x70, 0x7, 0x0, 0x0, 0x0, 0x22,
    0x6f, 0x70, 0xc, 0xe2, 0x0, 0x0, 0x9, 0xff,
    0x60, 0x2d, 0xd2, 0x0, 0x0, 0x0, 0x3, 0xaf,
    0xbe, 0xb0, 0x10, 0x0, 0x0, 0x0, 0x0, 0xaf,
    0x70, 0x4f, 0x50, 0x0, 0x2, 0x55, 0xdf, 0x75,
    0x55, 0x9f, 0x70, 0x0, 0x5d, 0xdd, 0xde, 0xfd,
    0xdd, 0xdf, 0x40, 0x0, 0x0, 0x60, 0x5e, 0x1,
    0x30, 0x74, 0x0, 0x0, 0xbd, 0x15, 0xe0, 0x5e,
    0xb2, 0x0, 0x4, 0xdc, 0x10, 0x5e, 0x0, 0x8,
    0xf5, 0x7, 0xe7, 0x0, 0x5, 0xe0, 0x0, 0x5,
    0xe1, 0x0, 0x0, 0x0, 0x5e, 0x0, 0x0, 0x0,
    0x0,

    /* U+7EBF "线" */
    0x0, 0x0, 0x0, 0x0, 0x0, 0x0, 0x0, 0x0,
    0x0, 0x9, 0x60, 0x0, 0x4d, 0x36, 0x0, 0x0,
    0x0, 0xe, 0x50, 0x0, 0x5e, 0x3d, 0xb0, 0x0,
    0x0, 0x5e, 0x2, 0x0, 0x5e, 0x1, 0x84, 0x0,
    0x0, 0xd7, 0x1f, 0x65, 0xaf, 0xdf, 0xfb, 0x0,
    0x7, 0xe3, 0xad, 0x5d, 0xdf, 0x52, 0x0, 0x10,
    0xb, 0xff, 0xf4, 0x0, 0x5e, 0x79, 0xcf, 0xc0,
    0x2, 0x2d, 0x90, 0x8e, 0xff, 0xb9, 0x63, 0x0,
    0x0, 0xac, 0x1, 0x54, 0x4f, 0x0, 0x98, 0x0,
    0xa, 0xfd, 0xef, 0x40, 0xf, 0x47, 0xe2, 0x0,
    0x6, 0x96, 0x20, 0x20, 0xb, 0xdf, 0x30, 0x0,
    0x0, 0x4, 0x9e, 0xa0, 0xa, 0xf6, 0x0, 0x0,
    0x9, 0xef, 0xa5, 0x2, 0xcf, 0xbe, 0x20, 0x80,
    0x6, 0x60, 0x2, 0xaf, 0xb2, 0xa, 0xf9, 0xf1,
    0x0, 0x0, 0x2, 0xb4, 0x0, 0x0, 0x6d, 0xa0,

    /* U+7EDC "络" */
    0x0, 0x0, 0x0, 0x3, 0x30, 0x0, 0x0, 0x0,
    0x8, 0x90, 0x0, 0x99, 0x0, 0x0, 0x0, 0x0,
    0xe5, 0x0, 0x1f, 0xff, 0xff, 0x60, 0x0, 0x6e,
    0x1, 0x9, 0xfb, 0x35, 0xf3, 0x0, 0xe, 0x65,
    0xe7, 0xf8, 0xf3, 0xbb, 0x0, 0x7, 0xf7, 0xd7,
    0x75, 0xa, 0xfd, 0x10, 0x0, 0x6b, 0xdd, 0x0,
    0x1, 0xbf, 0xc1, 0x0, 0x0, 0x1e, 0x50, 0x28,
    0xfb, 0x3c, 0xe7, 0x20, 0xb, 0xa0, 0x2c, 0xd7,
    0x22, 0x28, 0xde, 0x7, 0xfc, 0xef, 0x13, 0xff,
    0xff, 0xf4, 0x0, 0x4b, 0x74, 0x0, 0x3f, 0x0,
    0xe, 0x40, 0x0, 0x0, 0x5a, 0x43, 0xf0, 0x0,
    0xe4, 0x0, 0x4a, 0xfd, 0x81, 0x3f, 0x33, 0x3f,
    0x40, 0x5, 0x83, 0x0, 0x3, 0xff, 0xff, 0xf4,
    0x0, 0x0, 0x0, 0x0, 0x3f, 0x0, 0xe, 0x40,
    0x0,

    /* U+7EDF "统" */
    0x0, 0x0, 0x0, 0x0, 0x10, 0x0, 0x0, 0x0,
    0x0, 0x5, 0x40, 0x0, 0xcc, 0x20, 0x0, 0x0,
    0x0, 0xe, 0x50, 0x33, 0x4c, 0xd3, 0x33, 0x10,
    0x0, 0x5e, 0x1, 0xff, 0xff, 0xff, 0xff, 0x50,
    0x0, 0xc7, 0x7, 0x0, 0x7e, 0x10, 0x0, 0x0,
    0x4, 0xe0, 0x7d, 0x6, 0xf4, 0xa, 0xc1, 0x0,
    0xd, 0xc9, 0xf5, 0x9f, 0x54, 0x57, 0xfd, 0x0,
    0xa, 0xbf, 0x91, 0xef, 0xee, 0xdc, 0xbe, 0x80,
    0x0, 0x9b, 0x3, 0x21, 0xa1, 0x48, 0x1, 0x0,
    0x9, 0xfc, 0xfe, 0x41, 0xf1, 0x6d, 0x0, 0x0,
    0x9, 0xa6, 0x20, 0x3, 0xf0, 0x6d, 0x0, 0x0,
    0x0, 0x0, 0x5a, 0xa6, 0xd0, 0x6d, 0x1, 0xb0,
    0x5, 0xaf, 0xe9, 0x5e, 0x70, 0x6d, 0x6, 0xd0,
    0x8, 0xa4, 0x18, 0xfa, 0x0, 0x3f, 0xff, 0x60,
    0x0, 0x0, 0xb, 0x60, 0x0, 0x1, 0x32, 0x0,

    /* U+7EF4 "维" */
    0x0, 0x0, 0x0, 0x0, 0x0, 0x0, 0x0, 0x0,
    0x87, 0x0, 0x3b, 0x1e, 0x40, 0x0, 0x0, 0xe5,
    0x0, 0x7b, 0x7, 0xe1, 0x0, 0x5, 0xd0, 0x0,
    0xd9, 0x33, 0x93, 0x30, 0xd, 0x61, 0xb6, 0xff,
    0xff, 0xff, 0xf4, 0x5e, 0x9, 0xdd, 0xf0, 0xe,
    0x40, 0x0, 0xde, 0xef, 0xcf, 0xf4, 0x4f, 0x74,
    0x40, 0x78, 0xea, 0x88, 0xfe, 0xef, 0xee, 0xe1,
    0x9, 0xd0, 0x25, 0xf0, 0xe, 0x40, 0x0, 0x8f,
    0xbe, 0xf8, 0xf3, 0x3f, 0x73, 0x30, 0x9c, 0x73,
    0x3, 0xff, 0xff, 0xff, 0xf1, 0x0, 0x4, 0x99,
    0xf0, 0xe, 0x40, 0x0, 0x5a, 0xfd, 0x84, 0xf1,
    0x1e, 0x51, 0x10, 0x68, 0x30, 0x3, 0xff, 0xff,
    0xff, 0xfb, 0x0, 0x0, 0x3, 0xf2, 0x11, 0x11,
    0x11,

    /* U+7F51 "网" */
    0x2f, 0xff, 0xff, 0xff, 0xff, 0xff, 0xf2, 0x2f,
    0x42, 0x24, 0x32, 0x24, 0x53, 0xf2, 0x2f, 0x22,
    0xa, 0x80, 0x6, 0xb1, 0xf2, 0x2f, 0x7f, 0x3e,
    0x9d, 0x1b, 0x71, 0xf2, 0x2f, 0x18, 0xef, 0x1b,
    0xbf, 0x31, 0xf2, 0x2f, 0x10, 0xce, 0x1, 0xee,
    0x1, 0xf2, 0x2f, 0x10, 0xdf, 0x50, 0xbf, 0x11,
    0xf2, 0x2f, 0x14, 0xf8, 0xd2, 0xfc, 0x91, 0xf2,
    0x2f, 0x2d, 0x90, 0xac, 0xa3, 0xf3, 0xf2, 0x2f,
    0x9e, 0x10, 0x7f, 0x10, 0xc8, 0xf2, 0x2f, 0x23,
    0x0, 0x96, 0x0, 0x31, 0xf2, 0x2f, 0x10, 0x0,
    0x0, 0x0, 0x1, 0xf2, 0x2f, 0x10, 0x0, 0x0,
    0x0, 0x33, 0xf1, 0x2f, 0x10, 0x0, 0x0, 0x0,
    0xbf, 0xd0, 0x0, 0x0, 0x0, 0x0, 0x0, 0x0,
    0x0,

    /* U+7F6E "置" */
    0x7, 0xff, 0xff, 0xff, 0xff, 0xff, 0xf0, 0x0,
    0x7d, 0x23, 0xf5, 0x2a, 0xb2, 0x5f, 0x0, 0x7,
    0xff, 0xff, 0xff, 0xff, 0xff, 0xf0, 0x0, 0x24,
    0x44, 0x44, 0xca, 0x44, 0x44, 0x0, 0x2f, 0xff,
    0xff, 0xff, 0xff, 0xff, 0xfd, 0x0, 0x33, 0x35,
    0x55, 0xf9, 0x55, 0x53, 0x20, 0xf, 0x22, 0xff,
    0xff, 0xff, 0xff, 0x30, 0x0, 0xf2, 0x2f, 0x87,
    0x77, 0x77, 0xf3, 0x0, 0xf, 0x22, 0xf8, 0x77,
    0x77, 0x7f, 0x30, 0x0, 0xf2, 0x2f, 0xff, 0xff,
    0xff, 0xf3, 0x0, 0xf, 0x22, 0xf8, 0x77, 0x77,
    0x7f, 0x30, 0x0, 0xf2, 0x18, 0x88, 0x88, 0x88,
    0x81, 0x0, 0xf, 0xee, 0xee, 0xee, 0xee, 0xee,
    0xee, 0x10, 0xf6, 0x44, 0x44, 0x44, 0x44, 0x44,
    0x40,

    /* U+81EA "自" */
    0x0, 0x0, 0x6, 0x10, 0x0, 0x0, 0x0, 0x3f,
    0x40, 0x0, 0x0, 0x1, 0xdb, 0x0, 0x0, 0xef,
    0xff, 0xff, 0xff, 0xff, 0xe6, 0x22, 0x22, 0x22,
    0x6f, 0xe5, 0x0, 0x0, 0x0, 0x5f, 0xef, 0xff,
    0xff, 0xff, 0xff, 0xe7, 0x33, 0x33, 0x33, 0x7f,
    0xe5, 0x0, 0x0, 0x0, 0x5f, 0xef, 0xff, 0xff,
    0xff, 0xff, 0xe7, 0x33, 0x33, 0x33, 0x7f, 0xe5,
    0x0, 0x0, 0x0, 0x5f, 0xe8, 0x44, 0x44, 0x44,
    0x7f, 0xef, 0xff, 0xff, 0xff, 0xff, 0xe5, 0x0,
    0x0, 0x0, 0x5f, 0x0, 0x0, 0x0, 0x0, 0x0,

    /* U+88AB "被" */
    0x0, 0xd, 0x40, 0x0, 0x0, 0xf4, 0x0, 0x0,
    0x0, 0xe, 0x40, 0x0, 0x0, 0xf4, 0x0, 0x0,
    0x4, 0x4e, 0x73, 0x1d, 0xdd, 0xfd, 0xdd, 0xa0,
    0xd, 0xee, 0xf9, 0x1f, 0x65, 0xf8, 0x5c, 0x90,
    0x0, 0x2, 0xf3, 0x1f, 0x10, 0xf4, 0xe, 0x50,
    0x0, 0xa, 0xb3, 0x4f, 0x43, 0xf6, 0x34, 0x0,
    0x0, 0x4f, 0x4d, 0x9f, 0xff, 0xff, 0xfa, 0x0,
    0x1, 0xef, 0xed, 0x2f, 0x5e, 0x0, 0xb7, 0x0,
    0xc, 0xce, 0xbf, 0x7f, 0xf, 0x30, 0xf3, 0x0,
    0x3d, 0x1e, 0x46, 0x8d, 0x9, 0xb8, 0xc0, 0x0,
    0x0, 0xe, 0x40, 0x99, 0x1, 0xff, 0x30, 0x0,
    0x0, 0xe, 0x41, 0xf4, 0x7, 0xff, 0x60, 0x0,
    0x0, 0xe, 0x4b, 0xc6, 0xde, 0x44, 0xeb, 0x40,
    0x0, 0xe, 0x5c, 0x3e, 0x81, 0x0, 0x19, 0xe1,
    0x0, 0x0, 0x0, 0x0, 0x0, 0x0, 0x0, 0x0,

    /* U+89E3 "解" */
    0x0, 0x7, 0x10, 0x0, 0x0, 0x0, 0x0, 0x0,
    0x0, 0xf, 0x10, 0x0, 0xaf, 0xff, 0xff, 0x40,
    0x0, 0x5f, 0xee, 0xd0, 0x13, 0xf3, 0x3f, 0x20,
    0x0, 0xb9, 0x3e, 0xa0, 0x4, 0xd0, 0x3f, 0x0,
    0x4, 0xf5, 0x4f, 0x62, 0xd, 0x65, 0x8c, 0x0,
    0x1e, 0xff, 0xff, 0xff, 0xc8, 0xc, 0xe5, 0x0,
    0x2, 0xe4, 0xe5, 0x4e, 0x1c, 0x3e, 0x50, 0x0,
    0x0, 0xee, 0xfe, 0xee, 0xf, 0xcf, 0xcb, 0x20,
    0x0, 0xe7, 0xe8, 0x7e, 0x6e, 0x7e, 0xa7, 0x10,
    0x0, 0xe4, 0xe5, 0x4e, 0x87, 0xe, 0x50, 0x0,
    0x0, 0xef, 0xff, 0xfe, 0x8b, 0xbf, 0xdb, 0xb0,
    0x0, 0xf5, 0x33, 0x7e, 0x56, 0x6e, 0x96, 0x60,
    0x3, 0xf0, 0x0, 0x4e, 0x0, 0xe, 0x50, 0x0,
    0xb, 0xa0, 0x1, 0x7e, 0x0, 0xe, 0x50, 0x0,
    0x1d, 0x10, 0x8, 0xf8, 0x0, 0xe, 0x50, 0x0,
    0x0, 0x0, 0x0, 0x0, 0x0, 0x0, 0x0, 0x0,

    /* U+8A00 "言" */
    0x4, 0xff, 0xff, 0xff, 0xff, 0xfb, 0x0, 0x0,
    0x22, 0x22, 0x22, 0x22, 0x22, 0x0, 0xdf, 0xff,
    0xff, 0xff, 0xff, 0xff, 0xf6, 0x11, 0x11, 0x11,
    0x11, 0x11, 0x11, 0x10, 0x4, 0xff, 0xff, 0xff,
    0xff, 0xfb, 0x0, 0x0, 0x33, 0x33, 0x33, 0x33,
    0x32, 0x0, 0x1, 0x55, 0x55, 0x55, 0x55, 0x53,
    0x0, 0x3, 0xdd, 0xdd, 0xdd, 0xdd, 0xda, 0x0,
    0x0, 0x11, 0x11, 0x11, 0x11, 0x10, 0x0, 0x0,
    0xdf, 0xff, 0xff, 0xff, 0xf6, 0x0, 0x0, 0xd6,
    0x0, 0x0, 0x0, 0xe6, 0x0, 0x0, 0xd8, 0x22,
    0x22, 0x22, 0xe6, 0x0, 0x0, 0xdf, 0xff, 0xff,
    0xff, 0xf6, 0x0, 0x0, 0xd6, 0x0, 0x0, 0x0,
    0xe6, 0x0,

    /* U+8BA4 "认" */
    0x0, 0x7b, 0x10, 0x0, 0xc, 0x60, 0x0, 0x0,
    0x0, 0xbd, 0x0, 0x0, 0xc6, 0x0, 0x0, 0x0,
    0x0, 0xa2, 0x0, 0xc, 0x50, 0x0, 0x0, 0x0,
    0x0, 0x0, 0x0, 0xd5, 0x0, 0x0, 0xf, 0xff,
    0x30, 0x0, 0xe, 0x40, 0x0, 0x0, 0x33, 0xf3,
    0x0, 0x0, 0xf4, 0x0, 0x0, 0x0, 0xe, 0x30,
    0x0, 0x1f, 0xa0, 0x0, 0x0, 0x0, 0xe3, 0x0,
    0x4, 0xff, 0x0, 0x0, 0x0, 0xe, 0x30, 0x0,
    0x99, 0xc7, 0x0, 0x0, 0x0, 0xe3, 0x4, 0x1e,
    0x45, 0xe0, 0x0, 0x0, 0xe, 0x8c, 0xe9, 0xc0,
    0xc, 0x80, 0x0, 0x0, 0xff, 0x86, 0xf3, 0x0,
    0x3f, 0x40, 0x0, 0x7, 0x27, 0xf6, 0x0, 0x0,
    0x7f, 0x40, 0x0, 0x0, 0xa6, 0x0, 0x0, 0x0,
    0x97,

    /* U+8BBE "设" */
    0x0, 0x0, 0x0, 0x0, 0x0, 0x0, 0x0, 0x0,
    0x6, 0xd2, 0x0, 0x4f, 0xff, 0xf5, 0x0, 0x0,
    0xa, 0xd0, 0x4, 0xe2, 0x2e, 0x50, 0x0, 0x0,
    0xc, 0x10, 0x5e, 0x0, 0xe5, 0x0, 0x0, 0x0,
    0x0, 0x9, 0xb0, 0xd, 0x72, 0x1, 0xaa, 0xa3,
    0x19, 0xf3, 0x0, 0x9f, 0xf5, 0x18, 0x8f, 0x42,
    0xc4, 0x0, 0x0, 0x0, 0x0, 0x0, 0xe4, 0x6,
    0xee, 0xee, 0xee, 0x10, 0x0, 0xe, 0x40, 0x19,
    0xe4, 0x4a, 0xd0, 0x0, 0x0, 0xe4, 0x0, 0x1f,
    0x41, 0xf6, 0x0, 0x0, 0xe, 0x40, 0x30, 0x7d,
    0xbb, 0x0, 0x0, 0x0, 0xea, 0xe8, 0x0, 0xef,
    0x20, 0x0, 0x0, 0xf, 0xe5, 0x6, 0xeb, 0xae,
    0x60, 0x0, 0x0, 0x30, 0x8e, 0xd5, 0x0, 0x5e,
    0xf7, 0x0, 0x0, 0x5, 0x40, 0x0, 0x0, 0x6,
    0x20,

    /* U+8BED "语" */
    0x0, 0x0, 0x0, 0x0, 0x0, 0x0, 0x0, 0x0,
    0xd, 0x40, 0x5f, 0xff, 0xff, 0xff, 0xf0, 0x0,
    0x6f, 0x20, 0x22, 0x7e, 0x22, 0x22, 0x0, 0x0,
    0xb9, 0x1, 0x28, 0xc2, 0x22, 0x0, 0x0, 0x1,
    0x0, 0xbf, 0xff, 0xff, 0xf2, 0x0, 0x66, 0x60,
    0x0, 0xd, 0x60, 0x3f, 0x0, 0x1b, 0xbf, 0x10,
    0x1, 0xf2, 0x4, 0xf0, 0x0, 0x2, 0xf1, 0xce,
    0xef, 0xee, 0xef, 0xed, 0x0, 0x2f, 0x14, 0x44,
    0x44, 0x44, 0x44, 0x40, 0x2, 0xf1, 0x0, 0x55,
    0x55, 0x55, 0x10, 0x0, 0x2f, 0x10, 0x2f, 0xdd,
    0xdd, 0xf4, 0x0, 0x2, 0xf1, 0x3, 0xf0, 0x0,
    0xe, 0x40, 0x0, 0x2f, 0x7d, 0x6f, 0x11, 0x11,
    0xe4, 0x0, 0x1, 0xfd, 0x52, 0xff, 0xff, 0xff,
    0x40, 0x0, 0x2, 0x0, 0x2f, 0x21, 0x11, 0xe4,
    0x0,

    /* U+8BF7 "请" */
    0x0, 0x20, 0x0, 0x0, 0xb, 0x70, 0x0, 0x0,
    0x2e, 0x80, 0x2d, 0xdd, 0xfe, 0xdd, 0xc0, 0x0,
    0x2f, 0x60, 0x56, 0x6d, 0xb6, 0x64, 0x0, 0x0,
    0x31, 0x9, 0xff, 0xff, 0xff, 0x50, 0x0, 0x0,
    0x1, 0x11, 0x1c, 0x81, 0x11, 0x12, 0xff, 0xf4,
    0xff, 0xff, 0xff, 0xff, 0xfb, 0x3, 0x3f, 0x42,
    0x47, 0x77, 0x77, 0x73, 0x10, 0x0, 0xe4, 0x8,
    0xfd, 0xdd, 0xdf, 0x40, 0x0, 0xe, 0x40, 0x8d,
    0x88, 0x88, 0xf4, 0x0, 0x0, 0xe4, 0x8, 0xd6,
    0x66, 0x6f, 0x40, 0x0, 0xe, 0x40, 0x8f, 0xee,
    0xee, 0xf4, 0x0, 0x0, 0xe9, 0xe9, 0xc2, 0x22,
    0x2e, 0x40, 0x0, 0xf, 0xfc, 0x8b, 0x0, 0x22,
    0xf4, 0x0, 0x0, 0x75, 0x8, 0xb0, 0xa, 0xfd,
    0x10, 0x0, 0x0, 0x0, 0x12, 0x0, 0x0, 0x0,
    0x0,

    /* U+8D85 "超" */
    0x0, 0x1, 0xf1, 0x1, 0xff, 0xff, 0xff, 0x50,
    0x1, 0x45, 0xf5, 0x42, 0x26, 0xf2, 0x2e, 0x40,
    0x4, 0xee, 0xfe, 0xe6, 0x5, 0xd0, 0xf, 0x30,
    0x0, 0x1, 0xf1, 0x0, 0x9, 0x90, 0x2f, 0x0,
    0x3, 0x34, 0xf5, 0x33, 0x3f, 0x5a, 0xbc, 0x0,
    0xc, 0xdd, 0xef, 0xdf, 0xf7, 0x6, 0x72, 0x0,
    0x0, 0x10, 0x8b, 0x6, 0xdf, 0xff, 0xfd, 0x0,
    0x0, 0xc6, 0x8d, 0x64, 0xaa, 0x33, 0x7e, 0x0,
    0x0, 0xd5, 0x8f, 0xeb, 0xa9, 0x0, 0x4e, 0x0,
    0x0, 0xe4, 0x8b, 0x0, 0xaa, 0x33, 0x7e, 0x0,
    0x0, 0xfa, 0x8b, 0x0, 0xaf, 0xff, 0xfe, 0x0,
    0x5, 0xea, 0xfc, 0x10, 0x55, 0x0, 0x27, 0x0,
    0xd, 0x80, 0x5d, 0xfe, 0xee, 0xff, 0xff, 0xf3,
    0x3c, 0x0, 0x0, 0x24, 0x44, 0x44, 0x44, 0x40,
    0x0, 0x0, 0x0, 0x0, 0x0, 0x0, 0x0, 0x0,

    /* U+8FC7 "过" */
    0x1, 0x80, 0x0, 0x0, 0x0, 0x4, 0xe0, 0x0,
    0x0, 0xcc, 0x0, 0x0, 0x0, 0x4, 0xe0, 0x0,
    0x0, 0xd, 0xa1, 0x22, 0x22, 0x26, 0xe2, 0x20,
    0x0, 0x3, 0x76, 0xff, 0xff, 0xff, 0xff, 0xd0,
    0x1, 0x11, 0x10, 0x0, 0x0, 0x4, 0xe0, 0x0,
    0xe, 0xff, 0xe0, 0x19, 0x10, 0x4, 0xe0, 0x0,
    0x0, 0x14, 0xe0, 0xa, 0xe3, 0x4, 0xe0, 0x0,
    0x0, 0x3, 0xe0, 0x0, 0x9e, 0x14, 0xe0, 0x0,
    0x0, 0x3, 0xe0, 0x0, 0xa, 0x44, 0xe0, 0x0,
    0x0, 0x3, 0xe0, 0x0, 0x0, 0x4, 0xe0, 0x0,
    0x0, 0x5, 0xf2, 0x0, 0x0, 0x68, 0xe0, 0x0,
    0x0, 0x8f, 0xae, 0x60, 0x0, 0xab, 0x50, 0x0,
    0xc, 0xd2, 0x5, 0xdf, 0xfe, 0xee, 0xef, 0xe0,
    0x6, 0x10, 0x0, 0x1, 0x22, 0x22, 0x33, 0x20,

    /* U+8FD4 "返" */
    0x1, 0x30, 0x0, 0x0, 0x0, 0x0, 0x0, 0x0,
    0x8, 0xe2, 0x0, 0xef, 0xff, 0xff, 0xff, 0x40,
    0x0, 0xcc, 0x0, 0xe7, 0x33, 0x33, 0x33, 0x0,
    0x0, 0x2f, 0x20, 0xe4, 0x0, 0x0, 0x0, 0x0,
    0x0, 0x1, 0x0, 0xeb, 0x99, 0x99, 0x94, 0x0,
    0x2, 0x22, 0x0, 0xec, 0xbb, 0xbb, 0xf4, 0x0,
    0x1f, 0xff, 0x40, 0xf4, 0x20, 0x1, 0xf1, 0x0,
    0x1, 0x1e, 0x40, 0xf7, 0xfa, 0x18, 0xb0, 0x0,
    0x0, 0xe, 0x43, 0xf1, 0x1b, 0xff, 0x30, 0x0,
    0x0, 0xe, 0x47, 0xd0, 0x3, 0xff, 0x80, 0x0,
    0x0, 0xe, 0x4c, 0x80, 0x6f, 0x94, 0xf8, 0x0,
    0x0, 0xf, 0x7e, 0x6e, 0xe5, 0x0, 0x4f, 0x40,
    0x2, 0xde, 0xf7, 0x26, 0x0, 0x0, 0x3, 0x0,
    0x2f, 0xb0, 0x6e, 0xfe, 0xdd, 0xee, 0xef, 0xe0,
    0x5, 0x0, 0x0, 0x24, 0x44, 0x44, 0x44, 0x30,

    /* U+8FDE "连" */
    0x0, 0x30, 0x0, 0x4, 0x90, 0x0, 0x0, 0x0,
    0x6, 0xf4, 0x1, 0x19, 0xb1, 0x11, 0x11, 0x0,
    0x0, 0x8e, 0x2f, 0xff, 0xff, 0xff, 0xff, 0x0,
    0x0, 0xa, 0x21, 0x4f, 0x15, 0x31, 0x11, 0x0,
    0x0, 0x0, 0x0, 0x99, 0xd, 0x50, 0x0, 0x0,
    0x1d, 0xdc, 0x0, 0xfa, 0x8e, 0xb8, 0x82, 0x0,
    0x5, 0x8f, 0x1, 0xaa, 0xaf, 0xca, 0xa3, 0x0,
    0x0, 0x4f, 0x0, 0x0, 0xd, 0x50, 0x0, 0x0,
    0x0, 0x4f, 0x2c, 0xcc, 0xcf, 0xdc, 0xcc, 0x70,
    0x0, 0x4f, 0x16, 0x66, 0x6e, 0x96, 0x66, 0x30,
    0x0, 0x4f, 0x0, 0x0, 0xd, 0x50, 0x0, 0x0,
    0x1, 0xdf, 0x80, 0x0, 0xd, 0x50, 0x0, 0x0,
    0x1d, 0xb2, 0xdc, 0x63, 0x24, 0x32, 0x22, 0x30,
    0x19, 0x0, 0x7, 0xcf, 0xff, 0xff, 0xff, 0xb0,

    /* U+914D "配" */
    0xff, 0xff, 0xff, 0xff, 0xaf, 0xff, 0xf0, 0x2,
    0x25, 0xf7, 0xd2, 0x21, 0x22, 0x5f, 0x0, 0x0,
    0x3f, 0x6d, 0x0, 0x0, 0x3, 0xf0, 0x6, 0xff,
    0xff, 0xff, 0xd0, 0x0, 0x3f, 0x0, 0x6d, 0x7f,
    0x8d, 0x8e, 0x0, 0x3, 0xf0, 0x6, 0xc6, 0xe6,
    0xc5, 0xe2, 0xee, 0xef, 0x0, 0x6c, 0x9b, 0x5c,
    0x5e, 0x2f, 0x44, 0xa0, 0x6, 0xdf, 0x62, 0xff,
    0xe2, 0xf2, 0x0, 0x0, 0x6f, 0xe0, 0x1, 0x7e,
    0x2f, 0x20, 0x0, 0x6, 0xd6, 0x55, 0x59, 0xe2,
    0xf2, 0x0, 0x0, 0x6f, 0xdd, 0xdd, 0xee, 0x2f,
    0x20, 0x15, 0x6, 0xd3, 0x33, 0x37, 0xe2, 0xf2,
    0x4, 0xf0, 0x6f, 0xff, 0xff, 0xfe, 0x2f, 0x42,
    0x9c, 0x6, 0xc0, 0x0, 0x5, 0xe0, 0xbf, 0xff,
    0x30, 0x12, 0x0, 0x0, 0x12, 0x0, 0x0, 0x0,
    0x0,

    /* U+91CD "重" */
    0x0, 0x0, 0x0, 0x12, 0x46, 0x9c, 0x60, 0x0,
    0xaf, 0xff, 0xff, 0xfc, 0xa8, 0x52, 0x0, 0x0,
    0x11, 0x0, 0x8c, 0x0, 0x0, 0x0, 0x5, 0xff,
    0xff, 0xff, 0xff, 0xff, 0xff, 0x90, 0x13, 0x33,
    0x33, 0x9c, 0x33, 0x33, 0x32, 0x0, 0xd, 0xff,
    0xff, 0xff, 0xff, 0xf2, 0x0, 0x0, 0xd7, 0x22,
    0x8c, 0x22, 0x3f, 0x20, 0x0, 0xd, 0xee, 0xef,
    0xfe, 0xee, 0xf2, 0x0, 0x0, 0xd7, 0x33, 0x9c,
    0x33, 0x4f, 0x20, 0x0, 0xd, 0xdc, 0xce, 0xfc,
    0xcc, 0xf2, 0x0, 0x0, 0x45, 0x55, 0xad, 0x55,
    0x55, 0x0, 0x0, 0x3e, 0xee, 0xef, 0xfe, 0xee,
    0xe5, 0x0, 0x1, 0x44, 0x44, 0x9d, 0x44, 0x44,
    0x10, 0x2, 0x22, 0x22, 0x28, 0xc2, 0x22, 0x22,
    0x20, 0xef, 0xff, 0xff, 0xff, 0xff, 0xff, 0xff,
    0x20,

    /* U+91CF "量" */
    0x0, 0xb, 0xff, 0xff, 0xff, 0xff, 0xa0, 0x0,
    0x0, 0xb, 0xa5, 0x55, 0x55, 0x5b, 0xa0, 0x0,
    0x0, 0xb, 0xff, 0xff, 0xff, 0xff, 0xa0, 0x0,
    0x0, 0xb, 0xa4, 0x44, 0x44, 0x4a, 0xa0, 0x0,
    0x0, 0x8, 0xcc, 0xcc, 0xcc, 0xcc, 0x80, 0x0,
    0x6, 0xcc, 0xcc, 0xcc, 0xcc, 0xcc, 0xcc, 0x60,
    0x0, 0x2e, 0xee, 0xee, 0xee, 0xee, 0xe2, 0x0,
    0x0, 0x2f, 0x88, 0x8c, 0xc8, 0x88, 0xf3, 0x0,
    0x0, 0x2f, 0x88, 0x8d, 0xd8, 0x88, 0xf3, 0x0,
    0x0, 0x2f, 0xee, 0xef, 0xfe, 0xee, 0xf3, 0x0,
    0x0, 0x59, 0x99, 0x9d, 0xd9, 0x99, 0x95, 0x0,
    0x0, 0x7a, 0xaa, 0xad, 0xda, 0xaa, 0xa7, 0x0,
    0x2e, 0xee, 0xee, 0xef, 0xfe, 0xee, 0xee, 0xe2,
    0x4, 0x44, 0x44, 0x44, 0x44, 0x44, 0x44, 0x40,

    /* U+949F "钟" */
    0x0, 0x0, 0x0, 0x0, 0x0, 0x0, 0x0, 0x0,
    0x0, 0xe3, 0x0, 0x0, 0xe, 0x40, 0x0, 0x0,
    0x2f, 0x43, 0x20, 0x0, 0xe4, 0x0, 0x0, 0x8,
    0xff, 0xfc, 0x0, 0xe, 0x40, 0x0, 0x1, 0xe5,
    0x0, 0xd, 0xee, 0xfe, 0xee, 0x40, 0x9f, 0xff,
    0xf9, 0xe4, 0xe, 0x40, 0xe4, 0x4f, 0x5a, 0xb3,
    0x2e, 0x40, 0xe4, 0xe, 0x40, 0x50, 0x9a, 0x0,
    0xe4, 0xe, 0x40, 0xe4, 0xb, 0xce, 0xec, 0xae,
    0x73, 0xf7, 0x3f, 0x40, 0x77, 0xcd, 0x76, 0xef,
    0xef, 0xfe, 0xf4, 0x0, 0x9, 0xa0, 0x5, 0x10,
    0xe4, 0x5, 0x10, 0x0, 0x9a, 0x2, 0x0, 0xe,
    0x40, 0x0, 0x0, 0x9, 0xcc, 0xc0, 0x0, 0xe4,
    0x0, 0x0, 0x0, 0xaf, 0x81, 0x0, 0xe, 0x40,
    0x0, 0x0, 0x1, 0x10, 0x0, 0x0, 0xe4, 0x0,
    0x0,

    /* U+95ED "闭" */
    0x0, 0x0, 0x0, 0x0, 0x0, 0x0, 0x0, 0x7,
    0xb1, 0x0, 0x0, 0x0, 0x0, 0x1, 0xb, 0xc3,
    0xff, 0xff, 0xff, 0xe3, 0xe0, 0xb, 0x31, 0xc5,
    0x11, 0x5e, 0x3e, 0x0, 0x0, 0xe, 0x40, 0x4,
    0xe3, 0xe1, 0x33, 0x33, 0xf7, 0x33, 0x5e, 0x3e,
    0x7f, 0xff, 0xff, 0xff, 0xf8, 0xe3, 0xe0, 0x0,
    0x1d, 0xf4, 0x0, 0x4e, 0x3e, 0x0, 0xa, 0x8e,
    0x40, 0x4, 0xe3, 0xe0, 0x9, 0xc0, 0xe4, 0x0,
    0x4e, 0x3e, 0x2b, 0xc1, 0xe, 0x40, 0x4, 0xe3,
    0xe7, 0x90, 0x0, 0xe4, 0x0, 0x4e, 0x3e, 0x0,
    0x5, 0xff, 0x20, 0x4, 0xe3, 0xe0, 0x0, 0x1,
    0x10, 0x2, 0x7e, 0x3e, 0x0, 0x0, 0x0, 0x0,
    0xee, 0x70, 0x0, 0x0, 0x0, 0x0, 0x0, 0x0,

    /* U+95F4 "间" */
    0x0, 0x93, 0x0, 0x0, 0x0, 0x0, 0x0, 0x7,
    0xf2, 0xb, 0xff, 0xff, 0xfe, 0x0, 0xa, 0xd0,
    0x12, 0x22, 0x26, 0xe2, 0x60, 0x1b, 0x0, 0x0,
    0x0, 0x4e, 0x4e, 0x0, 0x22, 0x22, 0x22, 0x4,
    0xe4, 0xe0, 0x2f, 0xff, 0xff, 0xe0, 0x4e, 0x4e,
    0x2, 0xf0, 0x0, 0x4e, 0x4, 0xe4, 0xe0, 0x2f,
    0x43, 0x37, 0xe0, 0x4e, 0x4e, 0x2, 0xff, 0xff,
    0xfe, 0x4, 0xe4, 0xe0, 0x2f, 0x0, 0x4, 0xe0,
    0x4e, 0x4e, 0x2, 0xf3, 0x33, 0x6e, 0x4, 0xe4,
    0xe0, 0x2f, 0xff, 0xff, 0xe0, 0x4e, 0x4e, 0x2,
    0xc0, 0x0, 0x3b, 0x4, 0xe4, 0xe0, 0x0, 0x0,
    0x0, 0x1, 0x5e, 0x4e, 0x0, 0x0, 0x0, 0x0,
    0xbf, 0x90, 0x0, 0x0, 0x0, 0x0, 0x0, 0x0,

    /* U+9664 "除" */
    0x0, 0x0, 0x0, 0x0, 0x0, 0x0, 0x0, 0x0,
    0x0, 0x0, 0x0, 0x7, 0xc0, 0x0, 0x0, 0x3f,
    0xff, 0xf3, 0x1, 0xef, 0x50, 0x0, 0x3, 0xf2,
    0x6f, 0x10, 0xbb, 0x5e, 0x10, 0x0, 0x3f, 0x9,
    0xb0, 0xae, 0x10, 0xac, 0x10, 0x3, 0xf1, 0xf5,
    0xae, 0x20, 0x0, 0xbe, 0x40, 0x3f, 0x7e, 0xce,
    0xde, 0xee, 0xee, 0xbf, 0x43, 0xf5, 0xf5, 0x13,
    0x49, 0xe4, 0x40, 0x30, 0x3f, 0x9, 0xc0, 0x0,
    0x6d, 0x0, 0x0, 0x3, 0xf0, 0x2f, 0xae, 0xef,
    0xfe, 0xee, 0x70, 0x3f, 0x34, 0xf4, 0x75, 0x9e,
    0x58, 0x52, 0x3, 0xfb, 0xf8, 0xd, 0x76, 0xd3,
    0xf6, 0x0, 0x3f, 0x0, 0x1c, 0xd0, 0x6d, 0x3,
    0xf5, 0x3, 0xf0, 0x1e, 0xc1, 0x6, 0xd0, 0x5,
    0xf2, 0x3f, 0x0, 0x50, 0x23, 0x9d, 0x0, 0x5,
    0x3, 0xf0, 0x0, 0x6, 0xfe, 0x60, 0x0, 0x0,
    0x0, 0x0, 0x0, 0x0, 0x0, 0x0, 0x0, 0x0,

    /* U+9762 "面" */
    0xef, 0xff, 0xff, 0xff, 0xff, 0xff, 0xfc, 0x22,
    0x22, 0x22, 0x9d, 0x22, 0x22, 0x22, 0x0, 0x0,
    0x0, 0xb9, 0x0, 0x0, 0x0, 0xe, 0xff, 0xff,
    0xff, 0xff, 0xff, 0xe0, 0xf, 0x63, 0x9c, 0x33,
    0xba, 0x37, 0xe0, 0xf, 0x40, 0x8b, 0x11, 0xa9,
    0x4, 0xe0, 0xf, 0x40, 0x8f, 0xff, 0xf9, 0x4,
    0xe0, 0xf, 0x40, 0x8b, 0x11, 0xa9, 0x4, 0xe0,
    0xf, 0x40, 0x8c, 0x33, 0xb9, 0x4, 0xe0, 0xf,
    0x40, 0x8f, 0xff, 0xf9, 0x4, 0xe0, 0xf, 0x40,
    0x8b, 0x0, 0xa9, 0x4, 0xe0, 0xf, 0x52, 0x9b,
    0x22, 0xaa, 0x26, 0xe0, 0xf, 0xff, 0xff, 0xff,
    0xff, 0xff, 0xe0, 0xf, 0x40, 0x0, 0x0, 0x0,
    0x5, 0xe0, 0x1, 0x0, 0x0, 0x0, 0x0, 0x0,
    0x0,

    /* U+9875 "页" */
    0xdf, 0xff, 0xff, 0xff, 0xff, 0xff, 0xf5, 0x22,
    0x22, 0x22, 0xf6, 0x22, 0x22, 0x20, 0x0, 0x0,
    0x2, 0xf1, 0x0, 0x0, 0x0, 0x0, 0x14, 0x4a,
    0xe4, 0x44, 0x40, 0x0, 0x0, 0x5f, 0xdd, 0xdd,
    0xdd, 0xf1, 0x0, 0x0, 0x5e, 0x0, 0x63, 0x2,
    0xf1, 0x0, 0x0, 0x5e, 0x0, 0xc6, 0x2, 0xf1,
    0x0, 0x0, 0x5e, 0x0, 0xd6, 0x2, 0xf1, 0x0,
    0x0, 0x5e, 0x0, 0xf3, 0x2, 0xf1, 0x0, 0x0,
    0x5e, 0x6, 0xf0, 0x2, 0xf1, 0x0, 0x0, 0x4c,
    0x1e, 0x9a, 0x82, 0xc0, 0x0, 0x0, 0x2, 0xdd,
    0x15, 0xde, 0x50, 0x0, 0x14, 0xaf, 0xc1, 0x0,
    0x7, 0xf7, 0x0, 0xbf, 0xb5, 0x0, 0x0, 0x0,
    0x5f, 0x40, 0x10, 0x0, 0x0, 0x0, 0x0, 0x3,
    0x0,

    /* U+9996 "首" */
    0x0, 0x2, 0x20, 0x0, 0x0, 0x40, 0x0, 0x0,
    0xb, 0xe2, 0x0, 0x6, 0xf1, 0x0, 0x13, 0x33,
    0xdb, 0x33, 0x4f, 0x83, 0x32, 0x5f, 0xff, 0xff,
    0xff, 0xff, 0xff, 0xfe, 0x0, 0x0, 0x0, 0x6e,
    0x0, 0x0, 0x0, 0x0, 0x5d, 0xdd, 0xff, 0xdd,
    0xdc, 0x0, 0x0, 0x6d, 0x55, 0x55, 0x55, 0x8e,
    0x0, 0x0, 0x6d, 0x22, 0x22, 0x22, 0x6e, 0x0,
    0x0, 0x6f, 0xff, 0xff, 0xff, 0xfe, 0x0, 0x0,
    0x6d, 0x0, 0x0, 0x0, 0x4e, 0x0, 0x0, 0x6f,
    0xdd, 0xdd, 0xdd, 0xee, 0x0, 0x0, 0x6d, 0x55,
    0x55, 0x55, 0x8e, 0x0, 0x0, 0x6d, 0x0, 0x0,
    0x0, 0x4e, 0x0, 0x0, 0x6f, 0xff, 0xff, 0xff,
    0xfe, 0x0, 0x0, 0x6d, 0x33, 0x33, 0x33, 0x6e,
    0x0, 0x0, 0x0, 0x0, 0x0, 0x0, 0x0, 0x0,

    /* U+FF0C "，" */
    0x78, 0xcd, 0x1c, 0x96, 0x10,

    /* U+FF1F "？" */
    0x1, 0x9c, 0xc8, 0x10, 0x1e, 0xd6, 0x6d, 0xe1,
    0x7f, 0x10, 0x1, 0xf8, 0x57, 0x0, 0x0, 0xd9,
    0x0, 0x0, 0x4, 0xf5, 0x0, 0x0, 0x4f, 0x90,
    0x0, 0x3, 0xf9, 0x0, 0x0, 0xa, 0xd0, 0x0,
    0x0, 0xb, 0x90, 0x0, 0x0, 0x0, 0x0, 0x0,
    0x0, 0x8, 0x70, 0x0, 0x0, 0xd, 0xc0, 0x0
};


/*---------------------
 *  GLYPH DESCRIPTION
 *--------------------*/

static const lv_font_fmt_txt_glyph_dsc_t glyph_dsc[] = {
    {.bitmap_index = 0, .adv_w = 0, .box_w = 0, .box_h = 0, .ofs_x = 0, .ofs_y = 0} /* id = 0 reserved */,
    {.bitmap_index = 0, .adv_w = 71, .box_w = 0, .box_h = 0, .ofs_x = 0, .ofs_y = 0},
    {.bitmap_index = 0, .adv_w = 71, .box_w = 3, .box_h = 12, .ofs_x = 1, .ofs_y = 0},
    {.bitmap_index = 18, .adv_w = 91, .box_w = 6, .box_h = 5, .ofs_x = 0, .ofs_y = 7},
    {.bitmap_index = 33, .adv_w = 142, .box_w = 9, .box_h = 12, .ofs_x = 0, .ofs_y = 0},
    {.bitmap_index = 87, .adv_w = 142, .box_w = 9, .box_h = 16, .ofs_x = 0, .ofs_y = -2},
    {.bitmap_index = 159, .adv_w = 228, .box_w = 13, .box_h = 12, .ofs_x = 1, .ofs_y = 0},
    {.bitmap_index = 237, .adv_w = 171, .box_w = 11, .box_h = 13, .ofs_x = 0, .ofs_y = -1},
    {.bitmap_index = 309, .adv_w = 49, .box_w = 3, .box_h = 5, .ofs_x = 0, .ofs_y = 7},
    {.bitmap_index = 317, .adv_w = 85, .box_w = 5, .box_h = 15, .ofs_x = 0, .ofs_y = -3},
    {.bitmap_index = 355, .adv_w = 85, .box_w = 5, .box_h = 15, .ofs_x = 0, .ofs_y = -3},
    {.bitmap_index = 393, .adv_w = 100, .box_w = 6, .box_h = 6, .ofs_x = 0, .ofs_y = 6},
    {.bitmap_index = 411, .adv_w = 150, .box_w = 9, .box_h = 9, .ofs_x = 0, .ofs_y = 2},
    {.bitmap_index = 452, .adv_w = 71, .box_w = 3, .box_h = 5, .ofs_x = 1, .ofs_y = -3},
    {.bitmap_index = 460, .adv_w = 85, .box_w = 5, .box_h = 2, .ofs_x = 0, .ofs_y = 4},
    {.bitmap_index = 465, .adv_w = 71, .box_w = 3, .box_h = 2, .ofs_x = 1, .ofs_y = 0},
    {.bitmap_index = 468, .adv_w = 71, .box_w = 5, .box_h = 12, .ofs_x = 0, .ofs_y = 0},
    {.bitmap_index = 498, .adv_w = 142, .box_w = 9, .box_h = 12, .ofs_x = 0, .ofs_y = 0},
    {.bitmap_index = 552, .adv_w = 142, .box_w = 5, .box_h = 12, .ofs_x = 1, .ofs_y = 0},
    {.bitmap_index = 582, .adv_w = 142, .box_w = 9, .box_h = 12, .ofs_x = 0, .ofs_y = 0},
    {.bitmap_index = 636, .adv_w = 142, .box_w = 9, .box_h = 12, .ofs_x = 0, .ofs_y = 0},
    {.bitmap_index = 690, .adv_w = 142, .box_w = 9, .box_h = 12, .ofs_x = 0, .ofs_y = 0},
    {.bitmap_index = 744, .adv_w = 142, .box_w = 9, .box_h = 12, .ofs_x = 0, .ofs_y = 0},
    {.bitmap_index = 798, .adv_w = 142, .box_w = 9, .box_h = 12, .ofs_x = 0, .ofs_y = 0},
    {.bitmap_index = 852, .adv_w = 142, .box_w = 9, .box_h = 12, .ofs_x = 0, .ofs_y = 0},
    {.bitmap_index = 906, .adv_w = 142, .box_w = 9, .box_h = 12, .ofs_x = 0, .ofs_y = 0},
    {.bitmap_index = 960, .adv_w = 142, .box_w = 9, .box_h = 12, .ofs_x = 0, .ofs_y = 0},
    {.bitmap_index = 1014, .adv_w = 71, .box_w = 3, .box_h = 9, .ofs_x = 1, .ofs_y = 0},
    {.bitmap_index = 1028, .adv_w = 71, .box_w = 3, .box_h = 12, .ofs_x = 1, .ofs_y = -3},
    {.bitmap_index = 1046, .adv_w = 150, .box_w = 9, .box_h = 10, .ofs_x = 0, .ofs_y = 1},
    {.bitmap_index = 1091, .adv_w = 150, .box_w = 9, .box_h = 6, .ofs_x = 0, .ofs_y = 3},
    {.bitmap_index = 1118, .adv_w = 150, .box_w = 9, .box_h = 10, .ofs_x = 0, .ofs_y = 1},
    {.bitmap_index = 1163, .adv_w = 142, .box_w = 9, .box_h = 12, .ofs_x = 0, .ofs_y = 0},
    {.bitmap_index = 1217, .adv_w = 260, .box_w = 16, .box_h = 15, .ofs_x = 0, .ofs_y = -3},
    {.bitmap_index = 1337, .adv_w = 171, .box_w = 12, .box_h = 12, .ofs_x = -1, .ofs_y = 0},
    {.bitmap_index = 1409, .adv_w = 171, .box_w = 9, .box_h = 12, .ofs_x = 1, .ofs_y = 0},
    {.bitmap_index = 1463, .adv_w = 185, .box_w = 11, .box_h = 12, .ofs_x = 0, .ofs_y = 0},
    {.bitmap_index = 1529, .adv_w = 185, .box_w = 10, .box_h = 12, .ofs_x = 1, .ofs_y = 0},
    {.bitmap_index = 1589, .adv_w = 171, .box_w = 9, .box_h = 12, .ofs_x = 1, .ofs_y = 0},
    {.bitmap_index = 1643, .adv_w = 156, .box_w = 9, .box_h = 12, .ofs_x = 1, .ofs_y = 0},
    {.bitmap_index = 1697, .adv_w = 199, .box_w = 12, .box_h = 12, .ofs_x = 0, .ofs_y = 0},
    {.bitmap_index = 1769, .adv_w = 185, .box_w = 10, .box_h = 12, .ofs_x = 1, .ofs_y = 0},
    {.bitmap_index = 1829, .adv_w = 71, .box_w = 2, .box_h = 12, .ofs_x = 1, .ofs_y = 0},
    {.bitmap_index = 1841, .adv_w = 128, .box_w = 7, .box_h = 12, .ofs_x = 0, .ofs_y = 0},
    {.bitmap_index = 1883, .adv_w = 171, .box_w = 10, .box_h = 12, .ofs_x = 1, .ofs_y = 0},
    {.bitmap_index = 1943, .adv_w = 142, .box_w = 8, .box_h = 12, .ofs_x = 1, .ofs_y = 0},
    {.bitmap_index = 1991, .adv_w = 213, .box_w = 12, .box_h = 12, .ofs_x = 1, .ofs_y = 0},
    {.bitmap_index = 2063, .adv_w = 185, .box_w = 10, .box_h = 12, .ofs_x = 1, .ofs_y = 0},
    {.bitmap_index = 2123, .adv_w = 199, .box_w = 12, .box_h = 12, .ofs_x = 0, .ofs_y = 0},
    {.bitmap_index = 2195, .adv_w = 171, .box_w = 9, .box_h = 12, .ofs_x = 1, .ofs_y = 0},
    {.bitmap_index = 2249, .adv_w = 199, .box_w = 12, .box_h = 13, .ofs_x = 0, .ofs_y = -1},
    {.bitmap_index = 2327, .adv_w = 185, .box_w = 11, .box_h = 12, .ofs_x = 1, .ofs_y = 0},
    {.bitmap_index = 2393, .adv_w = 171, .box_w = 10, .box_h = 12, .ofs_x = 0, .ofs_y = 0},
    {.bitmap_index = 2453, .adv_w = 156, .box_w = 10, .box_h = 12, .ofs_x = 0, .ofs_y = 0},
    {.bitmap_index = 2513, .adv_w = 185, .box_w = 10, .box_h = 12, .ofs_x = 1, .ofs_y = 0},
    {.bitmap_index = 2573, .adv_w = 171, .box_w = 11, .box_h = 12, .ofs_x = 0, .ofs_y = 0},
    {.bitmap_index = 2639, .adv_w = 242, .box_w = 15, .box_h = 12, .ofs_x = 0, .ofs_y = 0},
    {.bitmap_index = 2729, .adv_w = 171, .box_w = 11, .box_h = 12, .ofs_x = 0, .ofs_y = 0},
    {.bitmap_index = 2795, .adv_w = 171, .box_w = 11, .box_h = 12, .ofs_x = 0, .ofs_y = 0},
    {.bitmap_index = 2861, .adv_w = 156, .box_w = 10, .box_h = 12, .ofs_x = 0, .ofs_y = 0},
    {.bitmap_index = 2921, .adv_w = 71, .box_w = 4, .box_h = 15, .ofs_x = 1, .ofs_y = -3},
    {.bitmap_index = 2951, .adv_w = 71, .box_w = 5, .box_h = 12, .ofs_x = 0, .ofs_y = 0},
    {.bitmap_index = 2981, .adv_w = 71, .box_w = 4, .box_h = 15, .ofs_x = 0, .ofs_y = -3},
    {.bitmap_index = 3011, .adv_w = 120, .box_w = 8, .box_h = 7, .ofs_x = 0, .ofs_y = 6},
    {.bitmap_index = 3039, .adv_w = 128, .box_w = 10, .box_h = 1, .ofs_x = -1, .ofs_y = -2},
    {.bitmap_index = 3044, .adv_w = 85, .box_w = 4, .box_h = 3, .ofs_x = 0, .ofs_y = 10},
    {.bitmap_index = 3050, .adv_w = 142, .box_w = 9, .box_h = 9, .ofs_x = 0, .ofs_y = 0},
    {.bitmap_index = 3091, .adv_w = 142, .box_w = 8, .box_h = 12, .ofs_x = 1, .ofs_y = 0},
    {.bitmap_index = 3139, .adv_w = 128, .box_w = 8, .box_h = 9, .ofs_x = 0, .ofs_y = 0},
    {.bitmap_index = 3175, .adv_w = 142, .box_w = 8, .box_h = 12, .ofs_x = 0, .ofs_y = 0},
    {.bitmap_index = 3223, .adv_w = 142, .box_w = 9, .box_h = 9, .ofs_x = 0, .ofs_y = 0},
    {.bitmap_index = 3264, .adv_w = 71, .box_w = 5, .box_h = 12, .ofs_x = 0, .ofs_y = 0},
    {.bitmap_index = 3294, .adv_w = 142, .box_w = 8, .box_h = 12, .ofs_x = 0, .ofs_y = -3},
    {.bitmap_index = 3342, .adv_w = 142, .box_w = 7, .box_h = 12, .ofs_x = 1, .ofs_y = 0},
    {.bitmap_index = 3384, .adv_w = 57, .box_w = 2, .box_h = 12, .ofs_x = 1, .ofs_y = 0},
    {.bitmap_index = 3396, .adv_w = 57, .box_w = 4, .box_h = 15, .ofs_x = -1, .ofs_y = -3},
    {.bitmap_index = 3426, .adv_w = 128, .box_w = 7, .box_h = 12, .ofs_x = 1, .ofs_y = 0},
    {.bitmap_index = 3468, .adv_w = 57, .box_w = 2, .box_h = 12, .ofs_x = 1, .ofs_y = 0},
    {.bitmap_index = 3480, .adv_w = 213, .box_w = 12, .box_h = 9, .ofs_x = 1, .ofs_y = 0},
    {.bitmap_index = 3534, .adv_w = 142, .box_w = 7, .box_h = 9, .ofs_x = 1, .ofs_y = 0},
    {.bitmap_index = 3566, .adv_w = 142, .box_w = 9, .box_h = 9, .ofs_x = 0, .ofs_y = 0},
    {.bitmap_index = 3607, .adv_w = 142, .box_w = 8, .box_h = 12, .ofs_x = 1, .ofs_y = -3},
    {.bitmap_index = 3655, .adv_w = 142, .box_w = 8, .box_h = 12, .ofs_x = 0, .ofs_y = -3},
    {.bitmap_index = 3703, .adv_w = 85, .box_w = 5, .box_h = 9, .ofs_x = 1, .ofs_y = 0},
    {.bitmap_index = 3726, .adv_w = 128, .box_w = 8, .box_h = 9, .ofs_x = 0, .ofs_y = 0},
    {.bitmap_index = 3762, .adv_w = 71, .box_w = 5, .box_h = 13, .ofs_x = 0, .ofs_y = 0},
    {.bitmap_index = 3795, .adv_w = 142, .box_w = 7, .box_h = 9, .ofs_x = 1, .ofs_y = 0},
    {.bitmap_index = 3827, .adv_w = 128, .box_w = 8, .box_h = 9, .ofs_x = 0, .ofs_y = 0},
    {.bitmap_index = 3863, .adv_w = 185, .box_w = 12, .box_h = 9, .ofs_x = 0, .ofs_y = 0},
    {.bitmap_index = 3917, .adv_w = 128, .box_w = 8, .box_h = 9, .ofs_x = 0, .ofs_y = 0},
    {.bitmap_index = 3953, .adv_w = 128, .box_w = 8, .box_h = 12, .ofs_x = 0, .ofs_y = -3},
    {.bitmap_index = 4001, .adv_w = 128, .box_w = 8, .box_h = 9, .ofs_x = 0, .ofs_y = 0},
    {.bitmap_index = 4037, .adv_w = 86, .box_w = 5, .box_h = 15, .ofs_x = 0, .ofs_y = -3},
    {.bitmap_index = 4075, .adv_w = 67, .box_w = 2, .box_h = 15, .ofs_x = 1, .ofs_y = -3},
    {.bitmap_index = 4090, .adv_w = 86, .box_w = 5, .box_h = 15, .ofs_x = 0, .ofs_y = -3},
    {.bitmap_index = 4128, .adv_w = 150, .box_w = 9, .box_h = 4, .ofs_x = 0, .ofs_y = 4},
    {.bitmap_index = 4146, .adv_w = 256, .box_w = 14, .box_h = 2, .ofs_x = 1, .ofs_y = 0},
    {.bitmap_index = 4160, .adv_w = 256, .box_w = 5, .box_h = 5, .ofs_x = 1, .ofs_y = -1},
    {.bitmap_index = 4173, .adv_w = 256, .box_w = 15, .box_h = 14, .ofs_x = 1, .ofs_y = -1},
    {.bitmap_index = 4278, .adv_w = 256, .box_w = 12, .box_h = 14, .ofs_x = 2, .ofs_y = -1},
    {.bitmap_index = 4362, .adv_w = 256, .box_w = 14, .box_h = 10, .ofs_x = 1, .ofs_y = 1},
    {.bitmap_index = 4432, .adv_w = 256, .box_w = 15, .box_h = 15, .ofs_x = 1, .ofs_y = -2},
    {.bitmap_index = 4545, .adv_w = 256, .box_w = 16, .box_h = 15, .ofs_x = 0, .ofs_y = -1},
    {.bitmap_index = 4665, .adv_w = 256, .box_w = 15, .box_h = 15, .ofs_x = 0, .ofs_y = -1},
    {.bitmap_index = 4778, .adv_w = 256, .box_w = 16, .box_h = 14, .ofs_x = 0, .ofs_y = -1},
    {.bitmap_index = 4890, .adv_w = 256, .box_w = 16, .box_h = 15, .ofs_x = 0, .ofs_y = -1},
    {.bitmap_index = 5010, .adv_w = 256, .box_w = 15, .box_h = 15, .ofs_x = 0, .ofs_y = -1},
    {.bitmap_index = 5123, .adv_w = 256, .box_w = 13, .box_h = 15, .ofs_x = 2, .ofs_y = -2},
    {.bitmap_index = 5221, .adv_w = 256, .box_w = 14, .box_h = 15, .ofs_x = 1, .ofs_y = -2},
    {.bitmap_index = 5326, .adv_w = 256, .box_w = 15, .box_h = 15, .ofs_x = 0, .ofs_y = -2},
    {.bitmap_index = 5439, .adv_w = 256, .box_w = 14, .box_h = 14, .ofs_x = 1, .ofs_y = -1},
    {.bitmap_index = 5537, .adv_w = 256, .box_w = 14, .box_h = 15, .ofs_x = 1, .ofs_y = -2},
    {.bitmap_index = 5642, .adv_w = 256, .box_w = 14, .box_h = 16, .ofs_x = 1, .ofs_y = -2},
    {.bitmap_index = 5754, .adv_w = 256, .box_w = 15, .box_h = 15, .ofs_x = 0, .ofs_y = -1},
    {.bitmap_index = 5867, .adv_w = 256, .box_w = 16, .box_h = 16, .ofs_x = 0, .ofs_y = -2},
    {.bitmap_index = 5995, .adv_w = 256, .box_w = 15, .box_h = 15, .ofs_x = 0, .ofs_y = -2},
    {.bitmap_index = 6108, .adv_w = 256, .box_w = 13, .box_h = 14, .ofs_x = 2, .ofs_y = -1},
    {.bitmap_index = 6199, .adv_w = 256, .box_w = 14, .box_h = 14, .ofs_x = 1, .ofs_y = -1},
    {.bitmap_index = 6297, .adv_w = 256, .box_w = 16, .box_h = 14, .ofs_x = 0, .ofs_y = -1},
    {.bitmap_index = 6409, .adv_w = 256, .box_w = 14, .box_h = 15, .ofs_x = 0, .ofs_y = -1},
    {.bitmap_index = 6514, .adv_w = 256, .box_w = 15, .box_h = 15, .ofs_x = 0, .ofs_y = -1},
    {.bitmap_index = 6627, .adv_w = 256, .box_w = 14, .box_h = 16, .ofs_x = 0, .ofs_y = -2},
    {.bitmap_index = 6739, .adv_w = 256, .box_w = 15, .box_h = 15, .ofs_x = 0, .ofs_y = -1},
    {.bitmap_index = 6852, .adv_w = 256, .box_w = 12, .box_h = 14, .ofs_x = 2, .ofs_y = -1},
    {.bitmap_index = 6936, .adv_w = 256, .box_w = 13, .box_h = 14, .ofs_x = 1, .ofs_y = -1},
    {.bitmap_index = 7027, .adv_w = 256, .box_w = 15, .box_h = 15, .ofs_x = 0, .ofs_y = -1},
    {.bitmap_index = 7140, .adv_w = 256, .box_w = 16, .box_h = 14, .ofs_x = 0, .ofs_y = -1},
    {.bitmap_index = 7252, .adv_w = 256, .box_w = 16, .box_h = 14, .ofs_x = 0, .ofs_y = -1},
    {.bitmap_index = 7364, .adv_w = 256, .box_w = 15, .box_h = 15, .ofs_x = 0, .ofs_y = -1},
    {.bitmap_index = 7477, .adv_w = 256, .box_w = 16, .box_h = 16, .ofs_x = 0, .ofs_y = -2},
    {.bitmap_index = 7605, .adv_w = 256, .box_w = 15, .box_h = 14, .ofs_x = 1, .ofs_y = -1},
    {.bitmap_index = 7710, .adv_w = 256, .box_w = 16, .box_h = 15, .ofs_x = 0, .ofs_y = -1},
    {.bitmap_index = 7830, .adv_w = 256, .box_w = 16, .box_h = 15, .ofs_x = 0, .ofs_y = -2},
    {.bitmap_index = 7950, .adv_w = 256, .box_w = 16, .box_h = 15, .ofs_x = 0, .ofs_y = -2},
    {.bitmap_index = 8070, .adv_w = 256, .box_w = 15, .box_h = 15, .ofs_x = 1, .ofs_y = -2},
    {.bitmap_index = 8183, .adv_w = 256, .box_w = 15, .box_h = 15, .ofs_x = 0, .ofs_y = -1},
    {.bitmap_index = 8296, .adv_w = 256, .box_w = 15, .box_h = 15, .ofs_x = 1, .ofs_y = -2},
    {.bitmap_index = 8409, .adv_w = 256, .box_w = 15, .box_h = 15, .ofs_x = 1, .ofs_y = -2},
    {.bitmap_index = 8522, .adv_w = 256, .box_w = 14, .box_h = 14, .ofs_x = 2, .ofs_y = -1},
    {.bitmap_index = 8620, .adv_w = 256, .box_w = 16, .box_h = 14, .ofs_x = 0, .ofs_y = -1},
    {.bitmap_index = 8732, .adv_w = 256, .box_w = 14, .box_h = 15, .ofs_x = 1, .ofs_y = -1},
    {.bitmap_index = 8837, .adv_w = 256, .box_w = 14, .box_h = 15, .ofs_x = 1, .ofs_y = -1},
    {.bitmap_index = 8942, .adv_w = 256, .box_w = 15, .box_h = 15, .ofs_x = 0, .ofs_y = -1},
    {.bitmap_index = 9055, .adv_w = 256, .box_w = 16, .box_h = 15, .ofs_x = 0, .ofs_y = -2},
    {.bitmap_index = 9175, .adv_w = 256, .box_w = 15, .box_h = 14, .ofs_x = 0, .ofs_y = -1},
    {.bitmap_index = 9280, .adv_w = 256, .box_w = 13, .box_h = 14, .ofs_x = 1, .ofs_y = -1},
    {.bitmap_index = 9371, .adv_w = 256, .box_w = 15, .box_h = 15, .ofs_x = 0, .ofs_y = -1},
    {.bitmap_index = 9484, .adv_w = 256, .box_w = 16, .box_h = 14, .ofs_x = 0, .ofs_y = -1},
    {.bitmap_index = 9596, .adv_w = 256, .box_w = 15, .box_h = 15, .ofs_x = 0, .ofs_y = -1},
    {.bitmap_index = 9709, .adv_w = 256, .box_w = 14, .box_h = 15, .ofs_x = 1, .ofs_y = -1},
    {.bitmap_index = 9814, .adv_w = 256, .box_w = 15, .box_h = 15, .ofs_x = 0, .ofs_y = -2},
    {.bitmap_index = 9927, .adv_w = 256, .box_w = 15, .box_h = 14, .ofs_x = 0, .ofs_y = -1},
    {.bitmap_index = 10032, .adv_w = 256, .box_w = 16, .box_h = 15, .ofs_x = 0, .ofs_y = -1},
    {.bitmap_index = 10152, .adv_w = 256, .box_w = 16, .box_h = 15, .ofs_x = 0, .ofs_y = -2},
    {.bitmap_index = 10272, .adv_w = 256, .box_w = 16, .box_h = 14, .ofs_x = 0, .ofs_y = -1},
    {.bitmap_index = 10384, .adv_w = 256, .box_w = 16, .box_h = 15, .ofs_x = 0, .ofs_y = -2},
    {.bitmap_index = 10504, .adv_w = 256, .box_w = 16, .box_h = 16, .ofs_x = 0, .ofs_y = -2},
    {.bitmap_index = 10632, .adv_w = 256, .box_w = 16, .box_h = 16, .ofs_x = 0, .ofs_y = -2},
    {.bitmap_index = 10760, .adv_w = 256, .box_w = 15, .box_h = 15, .ofs_x = 1, .ofs_y = -2},
    {.bitmap_index = 10873, .adv_w = 256, .box_w = 16, .box_h = 15, .ofs_x = 0, .ofs_y = -1},
    {.bitmap_index = 10993, .adv_w = 256, .box_w = 15, .box_h = 14, .ofs_x = 1, .ofs_y = -1},
    {.bitmap_index = 11098, .adv_w = 256, .box_w = 10, .box_h = 13, .ofs_x = 3, .ofs_y = -1},
    {.bitmap_index = 11163, .adv_w = 256, .box_w = 14, .box_h = 14, .ofs_x = 1, .ofs_y = -1},
    {.bitmap_index = 11261, .adv_w = 256, .box_w = 15, .box_h = 14, .ofs_x = 0, .ofs_y = -1},
    {.bitmap_index = 11366, .adv_w = 256, .box_w = 16, .box_h = 15, .ofs_x = 0, .ofs_y = -2},
    {.bitmap_index = 11486, .adv_w = 256, .box_w = 12, .box_h = 15, .ofs_x = 1, .ofs_y = -2},
    {.bitmap_index = 11576, .adv_w = 256, .box_w = 16, .box_h = 15, .ofs_x = 0, .ofs_y = -2},
    {.bitmap_index = 11696, .adv_w = 256, .box_w = 15, .box_h = 16, .ofs_x = 0, .ofs_y = -2},
    {.bitmap_index = 11816, .adv_w = 256, .box_w = 15, .box_h = 15, .ofs_x = 1, .ofs_y = -2},
    {.bitmap_index = 11929, .adv_w = 256, .box_w = 16, .box_h = 14, .ofs_x = 0, .ofs_y = -1},
    {.bitmap_index = 12041, .adv_w = 256, .box_w = 16, .box_h = 15, .ofs_x = 0, .ofs_y = -2},
    {.bitmap_index = 12161, .adv_w = 256, .box_w = 16, .box_h = 16, .ofs_x = 0, .ofs_y = -2},
    {.bitmap_index = 12289, .adv_w = 256, .box_w = 14, .box_h = 14, .ofs_x = 1, .ofs_y = -1},
    {.bitmap_index = 12387, .adv_w = 256, .box_w = 16, .box_h = 15, .ofs_x = 0, .ofs_y = -2},
    {.bitmap_index = 12507, .adv_w = 256, .box_w = 15, .box_h = 15, .ofs_x = 1, .ofs_y = -1},
    {.bitmap_index = 12620, .adv_w = 256, .box_w = 16, .box_h = 15, .ofs_x = 0, .ofs_y = -1},
    {.bitmap_index = 12740, .adv_w = 256, .box_w = 15, .box_h = 14, .ofs_x = 1, .ofs_y = -1},
    {.bitmap_index = 12845, .adv_w = 256, .box_w = 14, .box_h = 14, .ofs_x = 1, .ofs_y = -1},
    {.bitmap_index = 12943, .adv_w = 256, .box_w = 16, .box_h = 16, .ofs_x = 0, .ofs_y = -2},
    {.bitmap_index = 13071, .adv_w = 256, .box_w = 16, .box_h = 14, .ofs_x = 0, .ofs_y = -1},
    {.bitmap_index = 13183, .adv_w = 256, .box_w = 15, .box_h = 15, .ofs_x = 0, .ofs_y = -2},
    {.bitmap_index = 13296, .adv_w = 256, .box_w = 14, .box_h = 15, .ofs_x = 0, .ofs_y = -2},
    {.bitmap_index = 13401, .adv_w = 256, .box_w = 16, .box_h = 15, .ofs_x = 0, .ofs_y = -2},
    {.bitmap_index = 13521, .adv_w = 256, .box_w = 14, .box_h = 15, .ofs_x = 1, .ofs_y = -1},
    {.bitmap_index = 13626, .adv_w = 256, .box_w = 15, .box_h = 14, .ofs_x = 0, .ofs_y = -1},
    {.bitmap_index = 13731, .adv_w = 256, .box_w = 15, .box_h = 17, .ofs_x = 0, .ofs_y = -2},
    {.bitmap_index = 13859, .adv_w = 256, .box_w = 14, .box_h = 15, .ofs_x = 1, .ofs_y = -2},
    {.bitmap_index = 13964, .adv_w = 256, .box_w = 16, .box_h = 14, .ofs_x = 0, .ofs_y = -1},
    {.bitmap_index = 14076, .adv_w = 256, .box_w = 16, .box_h = 15, .ofs_x = 0, .ofs_y = -1},
    {.bitmap_index = 14196, .adv_w = 256, .box_w = 15, .box_h = 15, .ofs_x = 0, .ofs_y = -1},
    {.bitmap_index = 14309, .adv_w = 256, .box_w = 15, .box_h = 15, .ofs_x = 1, .ofs_y = -1},
    {.bitmap_index = 14422, .adv_w = 256, .box_w = 16, .box_h = 15, .ofs_x = 0, .ofs_y = -1},
    {.bitmap_index = 14542, .adv_w = 256, .box_w = 15, .box_h = 15, .ofs_x = 1, .ofs_y = -1},
    {.bitmap_index = 14655, .adv_w = 256, .box_w = 16, .box_h = 15, .ofs_x = 0, .ofs_y = -1},
    {.bitmap_index = 14775, .adv_w = 256, .box_w = 14, .box_h = 15, .ofs_x = 1, .ofs_y = -1},
    {.bitmap_index = 14880, .adv_w = 256, .box_w = 14, .box_h = 15, .ofs_x = 1, .ofs_y = -2},
    {.bitmap_index = 14985, .adv_w = 256, .box_w = 15, .box_h = 14, .ofs_x = 1, .ofs_y = -1},
    {.bitmap_index = 15090, .adv_w = 256, .box_w = 10, .box_h = 16, .ofs_x = 3, .ofs_y = -2},
    {.bitmap_index = 15170, .adv_w = 256, .box_w = 16, .box_h = 15, .ofs_x = 0, .ofs_y = -2},
    {.bitmap_index = 15290, .adv_w = 256, .box_w = 16, .box_h = 16, .ofs_x = 0, .ofs_y = -2},
    {.bitmap_index = 15418, .adv_w = 256, .box_w = 14, .box_h = 14, .ofs_x = 1, .ofs_y = -1},
    {.bitmap_index = 15516, .adv_w = 256, .box_w = 15, .box_h = 14, .ofs_x = 0, .ofs_y = -1},
    {.bitmap_index = 15621, .adv_w = 256, .box_w = 15, .box_h = 15, .ofs_x = 0, .ofs_y = -1},
    {.bitmap_index = 15734, .adv_w = 256, .box_w = 15, .box_h = 15, .ofs_x = 0, .ofs_y = -1},
    {.bitmap_index = 15847, .adv_w = 256, .box_w = 15, .box_h = 15, .ofs_x = 0, .ofs_y = -2},
    {.bitmap_index = 15960, .adv_w = 256, .box_w = 16, .box_h = 15, .ofs_x = 0, .ofs_y = -2},
    {.bitmap_index = 16080, .adv_w = 256, .box_w = 16, .box_h = 14, .ofs_x = 0, .ofs_y = -1},
    {.bitmap_index = 16192, .adv_w = 256, .box_w = 16, .box_h = 15, .ofs_x = 0, .ofs_y = -1},
    {.bitmap_index = 16312, .adv_w = 256, .box_w = 16, .box_h = 14, .ofs_x = 0, .ofs_y = -1},
    {.bitmap_index = 16424, .adv_w = 256, .box_w = 15, .box_h = 15, .ofs_x = 1, .ofs_y = -2},
    {.bitmap_index = 16537, .adv_w = 256, .box_w = 15, .box_h = 15, .ofs_x = 1, .ofs_y = -1},
    {.bitmap_index = 16650, .adv_w = 256, .box_w = 16, .box_h = 14, .ofs_x = 0, .ofs_y = -1},
    {.bitmap_index = 16762, .adv_w = 256, .box_w = 15, .box_h = 15, .ofs_x = 0, .ofs_y = -1},
    {.bitmap_index = 16875, .adv_w = 256, .box_w = 13, .box_h = 16, .ofs_x = 1, .ofs_y = -2},
    {.bitmap_index = 16979, .adv_w = 256, .box_w = 13, .box_h = 16, .ofs_x = 1, .ofs_y = -2},
    {.bitmap_index = 17083, .adv_w = 256, .box_w = 15, .box_h = 17, .ofs_x = 1, .ofs_y = -2},
    {.bitmap_index = 17211, .adv_w = 256, .box_w = 14, .box_h = 15, .ofs_x = 1, .ofs_y = -2},
    {.bitmap_index = 17316, .adv_w = 256, .box_w = 14, .box_h = 15, .ofs_x = 1, .ofs_y = -2},
    {.bitmap_index = 17421, .adv_w = 256, .box_w = 14, .box_h = 16, .ofs_x = 1, .ofs_y = -2},
    {.bitmap_index = 17533, .adv_w = 256, .box_w = 2, .box_h = 5, .ofs_x = 7, .ofs_y = -3},
    {.bitmap_index = 17538, .adv_w = 256, .box_w = 8, .box_h = 12, .ofs_x = 4, .ofs_y = 0}
};

/*---------------------
 *  CHARACTER MAPPING
 *--------------------*/

static const uint16_t unicode_list_1[] = {
    0x0, 0xfdc, 0x2de7, 0x2e07, 0x2e66, 0x2e88, 0x2ef4, 0x2f27,
    0x2f59, 0x2fb7, 0x314d, 0x315f, 0x31e0, 0x31fa, 0x320a, 0x3210,
    0x3227, 0x327a, 0x327b, 0x3282, 0x3314, 0x333b, 0x33b0, 0x33e7,
    0x33e8, 0x3409, 0x3466, 0x36b8, 0x36d8, 0x3702, 0x370a, 0x371a,
    0x38e1, 0x38e7, 0x3903, 0x3b32, 0x3b74, 0x3b93, 0x3ba0, 0x3be0,
    0x3be9, 0x3c29, 0x3dcc, 0x3e2f, 0x3e4e, 0x3e50, 0x3e6e, 0x3e80,
    0x3eda, 0x3f2d, 0x3f5f, 0x403c, 0x4049, 0x4225, 0x422d, 0x4245,
    0x4258, 0x437f, 0x4381, 0x43a9, 0x4487, 0x4518, 0x4561, 0x458a,
    0x45ba, 0x45bf, 0x45d0, 0x4618, 0x46ce, 0x46e2, 0x46e7, 0x46f9,
    0x4704, 0x4706, 0x47fb, 0x4afb, 0x4b3d, 0x4b3e, 0x4ba9, 0x4bee,
    0x4caf, 0x4d62, 0x4dd5, 0x4ddf, 0x5221, 0x5502, 0x5526, 0x565e,
    0x57db, 0x5848, 0x5914, 0x59ac, 0x59ca, 0x5b23, 0x5cd5, 0x5e99,
    0x5eb6, 0x5eb9, 0x5ece, 0x5f2b, 0x5f48, 0x61c4, 0x6885, 0x69bd,
    0x69da, 0x6b7e, 0x6b98, 0x6bc7, 0x6bd1, 0x6d5f, 0x6fa1, 0x6fae,
    0x6fb8, 0x7127, 0x71a7, 0x71a9, 0x7479, 0x75c7, 0x75ce, 0x763e,
    0x773c, 0x784f, 0x7970, 0xdee6, 0xdef9
};

/*Collect the unicode lists and glyph_id offsets*/
static const lv_font_fmt_txt_cmap_t cmaps[] =
{
    {
        .range_start = 32, .range_length = 95, .glyph_id_start = 1,
        .unicode_list = NULL, .glyph_id_ofs_list = NULL, .list_length = 0, .type = LV_FONT_FMT_TXT_CMAP_FORMAT0_TINY
    },
    {
        .range_start = 8230, .range_length = 57082, .glyph_id_start = 96,
        .unicode_list = unicode_list_1, .glyph_id_ofs_list = NULL, .list_length = 125, .type = LV_FONT_FMT_TXT_CMAP_SPARSE_TINY
    }
};



/*--------------------
 *  ALL CUSTOM DATA
 *--------------------*/

#if LVGL_VERSION_MAJOR == 8
/*Store all the custom data of the font*/
static  lv_font_fmt_txt_glyph_cache_t cache;
#endif

#if LVGL_VERSION_MAJOR >= 8
static const lv_font_fmt_txt_dsc_t font_dsc = {
#else
static lv_font_fmt_txt_dsc_t font_dsc = {
#endif
    .glyph_bitmap = glyph_bitmap,
    .glyph_dsc = glyph_dsc,
    .cmaps = cmaps,
    .kern_dsc = NULL,
    .kern_scale = 0,
    .cmap_num = 2,
    .bpp = 4,
    .kern_classes = 0,
    .bitmap_format = 0,
#if LVGL_VERSION_MAJOR == 8
    .cache = &cache
#endif
};



/*-----------------
 *  PUBLIC FONT
 *----------------*/

/*Initialize a public general font descriptor*/
#if LVGL_VERSION_MAJOR >= 8
const lv_font_t ui_font_16_zh = {
#else
lv_font_t ui_font_16_zh = {
#endif
    .get_glyph_dsc = lv_font_get_glyph_dsc_fmt_txt,    /*Function pointer to get glyph's data*/
    .get_glyph_bitmap = lv_font_get_bitmap_fmt_txt,    /*Function pointer to get glyph's bitmap*/
    .line_height = 18,          /*The maximum line height required by the font*/
    .base_line = 3,             /*Baseline measured from the bottom of the line*/
#if !(LVGL_VERSION_MAJOR == 6 && LVGL_VERSION_MINOR == 0)
    .subpx = LV_FONT_SUBPX_NONE,
#endif
#if LV_VERSION_CHECK(7, 4, 0) || LVGL_VERSION_MAJOR >= 8
    .underline_position = -2,
    .underline_thickness = 1,
#endif
    .dsc = &font_dsc,          /*The custom font data. Will be accessed by `get_glyph_bitmap/dsc` */
#if LV_VERSION_CHECK(8, 2, 0) || LVGL_VERSION_MAJOR >= 9
    .fallback = NULL,
#endif
    .user_data = NULL,
};



#endif /*#if UI_FONT_16_ZH*/

